CUST_ID,BALANCE,PURCHASES,ONEOFF_PURCHASES,INSTALLMENTS_PURCHASES,CASH_ADVANCE,CREDIT_LIMIT,PAYMENTS
C10001,40.900749,95.4,0.0,95.4,0.0,1000.0,201.802084
C10002,3202.467416,0.0,0.0,0.0,6442.945483,7000.0,4103.032597
C10003,2495.148862,773.17,773.17,0.0,0.0,7500.0,622.066742
C10004,1666.670542,1499.0,1499.0,0.0,205.788017,7500.0,0.0
C10005,817.714335,16.0,16.0,0.0,0.0,1200.0,678.334763
C10006,1809.828751,1333.28,0.0,1333.28,0.0,1800.0,1400.05777
C10007,627.260806,7091.01,6402.63,688.38,0.0,13500.0,6354.314328
C10008,1823.652743,436.2,0.0,436.2,0.0,2300.0,679.065082
C10009,1014.926473,861.49,661.49,200.0,0.0,7000.0,688.278568
C10010,152.225975,1281.6,1281.6,0.0,0.0,11000.0,1164.770591
C10011,1293.124939,920.12,0.0,920.12,0.0,1200.0,1083.301007
C10012,630.794744,1492.18,1492.18,0.0,0.0,2000.0,705.618627
C10013,1516.92862,3217.99,2500.23,717.76,0.0,3000.0,608.263689
C10014,921.693369,2137.93,419.96,1717.97,0.0,7500.0,1655.891435
C10015,2772.772734,0.0,0.0,0.0,346.81139,3000.0,805.647974
C10016,6886.213231,1611.7,0.0,1611.7,2301.491267,8000.0,1993.439277
C10017,2072.074354,0.0,0.0,0.0,2784.274703,3000.0,391.974562
C10018,41.089489,519.0,0.0,519.0,0.0,2500.0,254.590662
C10019,1989.072228,504.35,166.0,338.35,0.0,13000.0,1720.837373
C10020,3577.970933,398.64,0.0,398.64,0.0,4000.0,1053.980464
C10021,2016.684686,176.68,0.0,176.68,0.0,2000.0,223.0686
C10022,6369.531318,6359.95,5910.04,449.91,229.028245,11250.0,2077.959051
C10023,132.34224,815.9,0.0,815.9,0.0,1800.0,2359.629958
C10024,3800.151377,4248.35,3454.56,793.79,7974.415626,9000.0,9479.043842
C10025,5368.571219,0.0,0.0,0.0,798.949863,6000.0,1422.726707
C10026,169.781679,399.6,0.0,399.6,0.0,3000.0,215.306142
C10027,1615.96724,102.0,102.0,0.0,244.840485,1700.0,890.178845
C10028,125.694817,233.28,0.0,233.28,0.0,1000.0,207.773715
C10029,7152.864372,387.05,204.55,182.5,2236.145259,10500.0,1601.448347
C10030,22.06349,100.0,0.0,100.0,0.0,6900.0,160.767773
C10031,12136.21996,3038.01,1013.2,2024.81,3183.583301,13000.0,4230.323491
C10032,1162.273324,1347.71,400.0,947.71,175.815755,6000.0,645.998299
C10033,6732.823064,324.95,324.95,0.0,1189.533753,10500.0,1720.118876
C10034,125.660453,636.79,636.79,0.0,0.0,1200.0,423.449696
C10035,3517.101616,547.28,0.0,547.28,0.0,11000.0,8735.607835
C10036,1656.350781,0.0,0.0,0.0,99.264367,1800.0,351.500199
C10037,7427.076941,0.0,0.0,0.0,8873.375046,9000.0,1636.361601
C10038,4047.480828,2380.55,1642.17,738.38,1697.660901,5000.0,1617.894416
C10039,6269.418144,204.0,204.0,0.0,2925.699862,9000.0,1237.111661
C10040,1411.60223,963.24,963.24,0.0,6173.682877,7500.0,20071.07544
C10041,663.44781,0.0,0.0,0.0,3133.063934,1800.0,3067.05783
C10043,784.889762,1526.59,786.3,740.29,2188.419607,3000.0,1262.309666
C10044,4104.710798,203.82,203.82,0.0,0.0,4500.0,868.275275
C10045,1360.742377,0.0,0.0,0.0,1481.587093,1500.0,378.294227
C10046,5315.945594,1525.44,469.8,1055.64,0.0,8500.0,1430.341501
C10047,2242.311686,437.0,97.0,340.0,184.648692,2400.0,0.0
C10048,474.447149,109.74,0.0,109.74,1013.659552,1700.0,176.013005
C10049,3910.111237,0.0,0.0,0.0,1980.873201,4200.0,0.0
C10050,229.867179,2390.6,1402.93,987.67,0.0,3300.0,2543.953559
C10051,863.809833,507.5,507.5,0.0,695.097159,4000.0,587.866451
C10052,4931.331857,901.42,646.07,255.35,8530.648614,12000.0,8113.297346
C10053,1078.888565,3107.85,2221.74,886.11,0.0,2500.0,1399.82834
C10054,1565.681099,0.0,0.0,0.0,321.359135,3500.0,691.825279
C10055,464.674156,1979.22,1979.22,0.0,1981.265503,3000.0,3110.052742
C10056,6.660517,310.0,0.0,310.0,0.0,1000.0,417.016763
C10057,1311.995984,1283.9,1283.9,0.0,0.0,6000.0,0.0
C10058,3625.218146,313.27,313.27,0.0,668.468743,4000.0,0.0
C10059,2386.330629,5217.62,4789.09,428.53,0.0,7500.0,5678.729613
C10060,3971.138765,0.0,0.0,0.0,224.575517,4000.0,764.938728
C10061,5493.90406,229.0,0.0,229.0,970.591332,6000.0,2110.557023
C10062,1879.114033,113.0,113.0,0.0,0.0,6500.0,3509.686561
C10063,1555.793701,66.2,66.2,0.0,0.0,1600.0,338.083661
C10064,809.582978,0.0,0.0,0.0,3819.672466,4150.0,4372.148648
C10065,7.152356,840.0,840.0,0.0,0.0,1600.0,0.0
C10067,1923.886805,1887.64,0.0,1887.64,1605.949371,1850.0,3688.045998
C10068,1758.059987,412.33,325.21,87.12,0.0,1800.0,777.451648
C10069,809.847455,0.0,0.0,0.0,908.423608,1500.0,146.074769
C10070,1576.305029,0.0,0.0,0.0,382.908547,2500.0,540.022225
C10071,3990.523579,263.5,190.6,72.9,0.0,6000.0,6876.836205
C10072,1699.435486,1363.69,1363.69,0.0,0.0,1700.0,1623.816348
C10073,5487.683724,419.1,0.0,419.1,625.399386,6250.0,1288.214909
C10074,2990.422186,4523.27,1664.09,2859.18,27296.48576,7000.0,28232.69446
C10075,656.01301,0.0,0.0,0.0,1474.349901,7000.0,910.457985
C10077,1808.972419,713.9,503.08,210.82,0.0,2250.0,889.017418
C10078,532.334517,791.94,516.64,275.3,0.0,6000.0,1305.177304
C10079,5860.433624,561.87,249.5,312.37,0.0,6000.0,1990.044998
C10080,1727.638449,606.11,606.11,0.0,0.0,11000.0,2959.920544
C10081,578.809679,320.0,0.0,320.0,0.0,1500.0,1438.910569
C10082,1205.716678,0.0,0.0,0.0,38.325801,1200.0,29.278671
C10083,6593.820644,388.66,388.66,0.0,4621.93458,7000.0,1624.583114
C10084,17.357563,244.85,40.21,204.64,0.0,5000.0,357.802082
C10085,81.584711,0.0,0.0,0.0,2985.300006,9500.0,116.569033
C10086,3.78631,133.05,28.2,104.85,0.0,12000.0,210.053432
C10087,42.46443,396.0,0.0,396.0,0.0,1200.0,725.606194
C10088,1935.362486,4915.6,4515.34,400.26,293.844792,9000.0,4921.066897
C10089,134.917202,1247.8,1247.8,0.0,0.0,16500.0,1275.229436
C10090,7069.950386,1603.78,1445.14,158.64,5626.004046,11000.0,4589.873897
C10092,8181.251131,2258.01,1318.78,939.23,5251.228934,13500.0,3021.575846
C10093,4037.305658,45.0,45.0,0.0,104.238064,4500.0,1073.844885
C10094,6110.265264,0.0,0.0,0.0,2717.253917,6500.0,1502.205631
C10095,9381.255094,5100.07,1147.83,3952.24,370.737197,9000.0,6409.496345
C10096,1977.00709,1032.04,226.9,805.14,4335.919227,4000.0,3056.424974
C10097,1321.47608,45.65,45.65,0.0,495.657934,1800.0,440.840439
C10098,1307.717841,405.6,405.6,0.0,0.0,2400.0,0.0
C10099,2329.485768,213.34,213.34,0.0,0.0,2400.0,0.0
C10100,1139.782882,0.0,0.0,0.0,120.612912,1200.0,151.823651
C10101,1619.955708,739.44,739.44,0.0,0.0,6000.0,417.128532
C10102,3505.671311,0.0,0.0,0.0,1713.984305,4000.0,0.0
C10103,4.708041,79.0,0.0,79.0,0.0,7000.0,217.820198
C10104,0.0,0.0,0.0,0.0,89.849004,3000.0,138.021428
C10105,4.875885,20.0,20.0,0.0,0.0,1500.0,26.487919
C10106,23.394411,1346.28,0.0,1346.28,0.0,2000.0,712.149153
C10107,3539.801912,2823.8,1540.41,1283.39,0.0,5700.0,9172.788366
C10108,0.62424,389.96,0.0,389.96,0.0,4500.0,0.0
C10109,862.07238,0.0,0.0,0.0,920.309805,4000.0,2236.890255
C10110,2441.542991,808.0,808.0,0.0,959.857263,4000.0,532.741699
C10111,408.656365,941.64,0.0,941.64,0.0,2500.0,1097.78942
C10112,4986.400804,0.0,0.0,0.0,5439.467563,8000.0,1241.538024
C10113,1246.624558,423.7,177.64,246.06,412.399058,2000.0,577.050373
C10114,6644.201651,4478.75,2721.59,1757.16,7205.520805,9000.0,10857.94321
C10115,156.216753,1354.86,585.63,769.23,0.0,5500.0,858.976682
C10116,3393.351236,0.0,0.0,0.0,1008.348672,4200.0,0.0
C10117,5322.994094,2812.2,857.12,1955.08,2510.352951,8500.0,1509.423237
C10118,6458.56209,0.0,0.0,0.0,3360.228794,7000.0,1277.76778
C10119,175.341651,1508.9,1252.36,256.54,0.0,5000.0,1884.227778
C10120,680.195157,1045.57,667.95,377.62,0.0,3000.0,552.432305
C10121,223.763616,2309.78,0.0,2309.78,0.0,6500.0,1206.81188
C10122,1785.626943,0.0,0.0,0.0,576.206382,1800.0,687.691735
C10123,54.933231,495.0,0.0,495.0,0.0,7000.0,1969.845566
C10124,2662.629852,0.0,0.0,0.0,509.023801,3000.0,932.418855
C10125,8504.876253,6724.26,4100.08,2624.18,1686.599777,17000.0,1888.756861
C10126,1464.324632,1174.39,1174.39,0.0,0.0,9000.0,0.0
C10127,2114.158683,5580.85,0.0,5580.85,0.0,8500.0,3564.977774
C10128,2876.396444,0.0,0.0,0.0,998.84867,3200.0,1065.426905
C10130,14224.11541,0.0,0.0,0.0,4614.427403,19000.0,3066.614272
C10131,2392.917738,12462.44,12462.44,0.0,0.0,2800.0,11628.71557
C10132,57.453201,0.0,0.0,0.0,272.713302,1200.0,385.853874
C10133,4245.855092,1957.3,1077.3,880.0,0.0,5000.0,1004.35474
C10134,11167.23403,150.64,150.64,0.0,8362.154254,17000.0,2606.059389
C10135,69.405545,0.0,0.0,0.0,2799.714934,13000.0,0.0
C10136,116.654149,907.0,907.0,0.0,273.558033,5000.0,0.0
C10137,4637.848144,1271.12,351.54,919.58,0.0,5000.0,1906.032044
C10138,24.28497,250.6,0.0,250.6,0.0,3000.0,319.762903
C10139,9354.06045,796.33,796.33,0.0,13748.47131,13000.0,10664.65866
C10140,231.108995,440.0,0.0,440.0,0.0,4000.0,554.116542
C10141,1562.633343,1330.62,1169.63,160.99,0.0,2000.0,1020.783647
C10142,2494.868559,5491.79,1390.5,4101.29,0.0,17000.0,1015.311953
C10143,706.132889,897.86,714.52,183.34,586.268966,1200.0,972.358048
C10144,19043.13856,22009.92,9449.07,12560.85,0.0,18000.0,23018.57583
C10145,2235.103331,720.6,720.6,0.0,723.308724,2500.0,1061.292471
C10146,947.13081,197.06,148.66,48.4,0.0,1000.0,492.200419
C10147,764.042156,0.0,0.0,0.0,1307.102516,7500.0,1566.806897
C10148,5347.814547,0.0,0.0,0.0,4002.353384,7000.0,0.0
C10149,10598.46777,2084.48,1300.48,784.0,0.0,21500.0,3219.621433
C10150,2163.678757,5779.36,3436.53,2342.83,0.0,6500.0,4416.41268
C10151,3057.400553,1025.0,1025.0,0.0,0.0,7500.0,698.854095
C10152,19.354559,689.7,0.0,689.7,0.0,10000.0,746.691026
C10153,264.811595,28.65,28.65,0.0,384.26178,9000.0,1235.630069
C10154,1108.22253,944.96,164.96,780.0,0.0,1500.0,1955.198953
C10155,906.573724,1039.2,80.0,959.2,103.102091,13500.0,1855.235407
C10156,7679.62904,4059.93,0.0,4059.93,555.469352,7000.0,3685.61062
C10157,1523.911458,4075.37,3322.28,753.09,0.0,6500.0,2254.26002
C10158,49.206256,870.24,0.0,870.24,0.0,8000.0,835.839952
C10159,13673.07961,9792.23,3959.81,5832.42,2444.445738,20000.0,11717.30794
C10160,106.455975,2463.12,789.53,1673.59,0.0,4000.0,2573.722764
C10161,119.760904,1859.34,0.0,1859.34,0.0,20000.0,3104.275623
C10162,5837.105453,3488.49,3262.25,226.24,3303.1523,7900.0,0.0
C10163,1734.510004,0.0,0.0,0.0,66.275851,1800.0,363.474455
C10164,2765.748281,7283.31,5087.31,2196.0,0.0,11000.0,14373.3929
C10165,1046.37041,295.0,295.0,0.0,93.579809,1200.0,439.407082
C10166,2737.367678,0.0,0.0,0.0,429.691164,3000.0,778.827993
C10167,4014.818167,0.0,0.0,0.0,988.356213,8500.0,1009.185035
C10168,871.568977,648.22,115.0,533.22,0.0,1200.0,1110.886425
C10169,1610.040203,557.19,525.64,31.55,0.0,4000.0,422.711848
C10170,114.593817,469.98,0.0,469.98,0.0,1000.0,367.109312
C10171,5800.587339,0.0,0.0,0.0,369.950794,6500.0,1346.365584
C10172,823.103926,131.64,0.0,131.64,0.0,8000.0,2916.071564
C10173,595.677343,5078.14,4330.53,747.61,1424.442602,15000.0,4756.654374
C10174,1128.124563,924.6,0.0,924.6,0.0,1000.0,1202.711782
C10175,349.441102,1975.4,1393.5,581.9,0.0,4000.0,1795.012223
C10176,840.804076,0.0,0.0,0.0,3671.777443,4000.0,3621.266477
C10177,975.942008,10221.35,7141.38,3079.97,1620.685551,10500.0,10693.49585
C10178,23.111088,300.0,0.0,300.0,0.0,12500.0,291.948834
C10179,2187.732265,0.0,0.0,0.0,3905.326256,3000.0,1423.788603
C10180,11972.01104,5715.0,4685.54,1029.46,1626.351366,14000.0,4639.513745
C10181,1608.451822,0.0,0.0,0.0,205.737165,1800.0,470.565984
C10182,1872.926275,766.61,766.61,0.0,1017.120578,2300.0,0.0
C10183,2933.240476,0.0,0.0,0.0,2040.433925,3000.0,2431.578544
C10184,336.799916,3535.8,1614.7,1921.1,0.0,20000.0,2814.231227
C10185,36.236312,256.11,0.0,256.11,0.0,5300.0,831.375322
C10186,903.29781,2697.48,150.5,2546.98,0.0,2500.0,1686.196344
C10187,0.0,23.0,0.0,23.0,0.0,5000.0,0.0
C10188,2881.253586,117.0,0.0,117.0,17661.49486,4500.0,17301.83238
C10189,5.465999,196.81,173.0,23.81,0.0,12000.0,0.0
C10190,117.442684,653.73,493.0,160.73,0.0,10000.0,441.588141
C10191,168.522709,2009.05,0.0,2009.05,0.0,1200.0,2612.760497
C10192,1706.014379,147.78,0.0,147.78,1657.090283,6000.0,1186.062765
C10193,874.583247,516.54,159.07,357.47,0.0,900.0,579.749308
C10194,861.001207,969.56,969.56,0.0,446.233197,2400.0,0.0
C10196,966.251742,311.45,311.45,0.0,955.959749,1500.0,277.522439
C10197,38.615644,280.4,280.4,0.0,0.0,6150.0,254.392984
C10198,189.687964,66.14,66.14,0.0,0.0,6000.0,0.0
C10199,40.417255,79.2,79.2,0.0,1631.576375,4000.0,1647.880773
C10200,5462.897068,1453.32,0.0,1453.32,0.0,16500.0,1382.269127
C10201,3983.923705,756.54,756.54,0.0,0.0,4000.0,1110.870941
C10202,5588.846272,3507.35,603.75,2903.6,0.0,11500.0,1412.597253
C10203,281.170378,3163.69,56.8,3106.89,0.0,8000.0,2422.911622
C10204,130.251538,1343.19,1082.79,260.4,0.0,15000.0,1043.55929
C10205,1973.814964,873.0,873.0,0.0,0.0,8000.0,541.722532
C10206,5698.539876,47.55,0.0,47.55,2039.52804,6000.0,2976.579866
C10207,43.103899,370.0,370.0,0.0,0.0,23000.0,1212.054219
C10208,566.546048,405.75,313.75,92.0,1044.651618,2000.0,1249.835142
C10209,24.527253,261.64,0.0,261.64,0.0,4000.0,376.758504
C10211,8350.145568,1989.28,842.8,1146.48,893.757903,14000.0,4720.900413
C10212,4559.779234,10848.5,8208.0,2640.5,0.0,7500.0,9423.715495
C10213,2.67713,43.39,0.0,43.39,0.0,4000.0,130.107234
C10214,1570.682346,645.32,645.32,0.0,1665.331678,1800.0,2591.391006
C10215,7201.736985,987.1,862.1,125.0,5468.620604,10500.0,1941.541158
C10216,6467.885013,1464.14,978.71,485.43,3947.86784,11500.0,1658.563509
C10217,64.080909,927.0,600.0,327.0,0.0,5000.0,1260.16384
C10218,5635.860679,393.62,153.72,239.9,5933.467329,10000.0,1919.630466
C10219,3670.50596,965.5,876.13,89.37,0.0,7500.0,1034.932404
C10220,2458.376257,0.0,0.0,0.0,102.275984,7500.0,4543.63481
C10221,768.004936,336.41,336.41,0.0,0.0,6000.0,947.696134
C10222,75.647479,540.0,0.0,540.0,0.0,4000.0,548.967281
C10223,2.433254,36.0,0.0,36.0,0.0,7500.0,0.0
C10224,1121.730896,878.52,103.1,775.42,197.648111,1500.0,542.836917
C10226,7.56809,144.26,67.08,77.18,0.0,11500.0,134.710832
C10227,2053.441598,493.85,441.35,52.5,1738.33378,2000.0,2795.059574
C10228,2422.311938,4490.69,3456.25,1034.44,188.783221,8500.0,5763.666926
C10229,9047.621884,11188.62,6099.16,5089.46,0.0,10000.0,11994.41815
C10230,3061.213971,1829.2,1792.7,36.5,0.0,7000.0,971.234118
C10231,41.642389,75.99,75.99,0.0,0.0,2700.0,69.163384
C10232,5431.622968,1824.16,1598.56,225.6,0.0,14500.0,1508.016452
C10233,6571.484039,9325.22,9325.22,0.0,0.0,8500.0,11036.72668
C10234,28.461629,100.0,100.0,0.0,0.0,4000.0,125.769169
C10235,4178.625215,1431.89,430.69,1001.2,0.0,4000.0,2384.542045
C10236,3019.019487,2260.41,1356.33,904.08,0.0,8500.0,2187.930651
C10237,1.045584,0.0,0.0,0.0,466.643895,1200.0,1068.581252
C10238,2723.369217,10410.49,1158.84,9251.65,0.0,19500.0,9695.650901
C10239,1070.999446,990.7,482.0,508.7,0.0,1400.0,505.317328
C10240,279.608696,3034.92,0.0,3034.92,0.0,2900.0,2928.909865
C10241,1255.901821,1038.81,1038.81,0.0,1092.634704,5700.0,1215.454299
C10242,2229.857287,45.65,45.65,0.0,0.0,2500.0,542.7463
C10243,2363.489077,2641.98,1386.3,1255.68,263.884743,3000.0,1839.928884
C10244,4014.388265,1189.52,1189.52,0.0,0.0,8000.0,0.0
C10245,7623.224897,300.0,0.0,300.0,2800.728343,12000.0,1975.974183
C10246,3421.571922,126.69,42.88,83.81,154.341344,10500.0,2515.435738
C10247,48.898611,247.09,0.0,247.09,182.357669,5500.0,409.594792
C10248,1874.716289,301.1,83.0,218.1,0.0,1950.0,586.974046
C10249,3215.511032,1112.2,1112.2,0.0,7616.064965,7200.0,0.0
C10250,237.235398,2410.07,1670.5,739.57,0.0,4000.0,3773.727455
C10251,1272.927288,5350.19,4783.34,566.85,0.0,8000.0,5825.602115
C10252,558.476701,630.03,630.03,0.0,0.0,5500.0,426.092563
C10253,2814.207626,3197.24,2080.02,1117.22,0.0,3000.0,3574.480603
C10254,8.061012,133.0,0.0,133.0,0.0,3000.0,130.61272
C10255,435.862142,1646.16,1023.42,622.74,0.0,12000.0,1055.835407
C10256,6.390383,79.66,0.0,79.66,0.0,1500.0,75.896288
C10257,9612.21512,319.92,0.0,319.92,13439.5704,12000.0,10993.89211
C10258,7938.559134,3677.52,3543.73,133.79,0.0,12500.0,2657.856602
C10259,2344.478291,1041.63,1041.63,0.0,4003.968939,4000.0,3033.665478
C10260,996.48222,675.96,0.0,675.96,0.0,1000.0,1851.602411
C10261,19.508047,193.14,0.0,193.14,0.0,2000.0,220.46377
C10262,185.640313,1703.23,1703.23,0.0,0.0,11500.0,1449.039414
C10263,5335.302925,0.0,0.0,0.0,468.958688,6000.0,1350.318606
C10265,22.189283,234.16,0.0,234.16,0.0,1500.0,479.910499
C10266,5.871769,29.68,29.68,0.0,0.0,10000.0,76.943584
C10267,1049.496471,1322.67,1096.71,225.96,774.260436,11000.0,802.38543
C10269,5570.190127,1607.88,0.0,1607.88,0.0,13500.0,1583.411686
C10270,1668.591831,0.0,0.0,0.0,1716.941235,1800.0,2166.981163
C10271,2224.590946,3183.0,3183.0,0.0,0.0,9000.0,3823.346244
C10272,2903.781184,3014.23,1340.34,1673.89,103.610197,4500.0,1350.370286
C10273,2041.480046,7323.38,4944.88,2378.5,191.331735,3000.0,3792.095079
C10274,7755.698607,8533.54,4072.76,4460.78,7540.30735,10000.0,4758.209146
C10275,614.263149,408.93,74.8,334.13,0.0,9000.0,2161.153147
C10276,8097.334733,3999.92,200.0,3799.92,0.0,7500.0,5624.074339
C10277,1082.33027,2980.46,657.78,2322.68,0.0,6000.0,1116.967993
C10278,2734.66412,560.73,560.73,0.0,0.0,7500.0,717.798364
C10279,80.708806,569.9,569.9,0.0,0.0,9500.0,634.000055
C10280,2554.525229,6186.77,6099.08,87.69,1898.690655,10950.0,11198.92613
C10281,535.947221,4550.81,3016.98,1533.83,438.469118,8500.0,4317.191232
C10282,3905.365959,150.8,150.8,0.0,1659.19931,7500.0,990.524408
C10283,156.278339,1385.1,1005.1,380.0,0.0,14000.0,1280.473571
C10284,5131.319584,32539.78,26547.43,5992.35,0.0,11500.0,26652.34432
C10285,5265.763713,410.24,44.71,365.53,15452.97758,16500.0,12005.3074
C10286,2.564117,47.95,47.95,0.0,0.0,1500.0,294.507498
C10287,1873.084577,126.57,126.57,0.0,181.139378,2100.0,483.557464
C10288,32.124999,380.89,380.89,0.0,0.0,5700.0,0.0
C10289,1473.495809,414.0,0.0,414.0,0.0,10500.0,5863.94034
C10290,1504.82705,2010.0,630.0,1380.0,1189.292764,8500.0,859.829946
C10291,7645.108427,4693.15,4332.65,360.5,0.0,13500.0,4786.64868
C10292,1129.33758,498.96,0.0,498.96,72.259355,1000.0,829.505486
C10293,668.956687,224.2,148.12,76.08,0.0,9500.0,568.336995
C10294,2302.184366,2856.57,922.84,1933.73,0.0,2500.0,2914.419813
C10295,272.711518,0.0,0.0,0.0,682.156051,3000.0,2755.877257
C10296,4246.430225,0.0,0.0,0.0,9270.408108,7000.0,6010.525656
C10297,2420.761135,0.0,0.0,0.0,567.233798,3000.0,871.713321
C10298,2935.324966,409.63,351.87,57.76,1876.241162,5000.0,580.13865
C10299,83.148283,843.34,843.34,0.0,0.0,6500.0,1024.267592
C10300,5469.851311,0.0,0.0,0.0,512.792701,6000.0,1362.966798
C10301,280.142117,2236.49,758.52,1477.97,0.0,10000.0,1986.838064
C10302,5790.930626,464.51,399.41,65.1,2516.727082,6000.0,1515.594331
C10303,3605.714046,1779.0,1779.0,0.0,0.0,5000.0,856.05828
C10304,3992.261885,0.0,0.0,0.0,348.834361,4000.0,1057.678259
C10305,41.833264,456.36,0.0,456.36,0.0,6000.0,370.996177
C10306,635.090434,5758.71,2252.37,3506.34,0.0,2900.0,7943.57021
C10307,1521.1681,245.98,245.98,0.0,2792.67597,6000.0,2261.523522
C10308,5547.092593,0.0,0.0,0.0,3298.958165,12000.0,1786.142816
C10309,2503.107213,733.9,733.9,0.0,0.0,3000.0,1620.193277
C10310,191.450711,1641.07,1641.07,0.0,380.972341,500.0,1583.918811
C10311,3621.70204,674.73,674.73,0.0,1684.957411,4000.0,1139.058595
C10312,2762.479434,2702.47,1526.31,1176.16,0.0,11000.0,7596.768364
C10313,4338.606862,0.0,0.0,0.0,1817.569093,8000.0,8019.800702
C10314,388.873921,1579.15,1462.35,116.8,0.0,2700.0,451.600059
C10315,9261.310686,0.0,0.0,0.0,8603.045938,11000.0,1933.413908
C10316,208.131845,2161.38,451.5,1709.88,0.0,4500.0,2059.879468
C10317,169.088238,1482.19,446.07,1036.12,0.0,6000.0,1289.570234
C10318,133.911556,1446.05,544.45,901.6,0.0,3500.0,1364.121036
C10319,1613.34907,0.0,0.0,0.0,1606.322681,4500.0,312.433361
C10320,566.908563,397.06,303.7,93.36,0.0,2100.0,0.0
C10321,53.208422,498.17,459.02,39.15,0.0,15000.0,611.606459
C10322,1329.967543,2009.12,1296.68,712.44,1763.794583,2500.0,2715.972095
C10323,515.904786,5359.02,2399.78,2959.24,0.0,6000.0,0.0
C10324,927.041961,0.0,0.0,0.0,402.974164,1000.0,719.974244
C10325,1872.767651,0.0,0.0,0.0,3394.509419,5500.0,1151.721386
C10326,185.396312,0.0,0.0,0.0,842.456926,1000.0,117.542764
C10327,4823.822993,0.0,0.0,0.0,6481.300951,7000.0,863.62306
C10328,994.105777,126.2,126.2,0.0,0.0,1950.0,314.302968
C10329,40.089221,225.0,0.0,225.0,0.0,1500.0,325.578502
C10330,0.478714,734.97,159.0,575.97,0.0,6000.0,1159.135064
C10331,4732.37354,14.95,0.0,14.95,2173.356068,5700.0,1289.284068
C10332,9206.811696,874.98,350.0,524.98,4653.693195,12500.0,2055.100879
C10333,6719.376505,0.0,0.0,0.0,2443.262416,7500.0,1493.089193
C10334,2233.074041,445.2,445.2,0.0,0.0,8000.0,1042.991769
C10335,1867.649838,0.0,0.0,0.0,3264.573342,4500.0,476.162309
C10336,57.842746,689.34,0.0,689.34,0.0,1500.0,453.842413
C10337,4194.033835,2006.87,420.6,1586.27,0.0,21000.0,19714.09728
C10338,2459.862339,678.0,678.0,0.0,927.25167,2500.0,1926.31853
C10339,850.630114,0.05,0.05,0.0,1700.634586,1000.0,1084.281127
C10340,353.198215,3085.69,3032.97,52.72,0.0,8500.0,2690.525687
C10341,2669.160638,0.0,0.0,0.0,142.141325,3000.0,642.777061
C10342,92.440743,1080.0,1080.0,0.0,0.0,6000.0,1077.058667
C10343,706.675991,2721.16,2417.41,303.75,0.0,6500.0,4952.900653
C10344,361.319366,3095.96,1383.56,1712.4,0.0,14000.0,4003.782858
C10345,2324.086254,0.0,0.0,0.0,1600.758078,2300.0,2147.890523
C10346,2922.487907,71.07,0.0,71.07,3595.158425,9500.0,9226.751112
C10347,98.364739,65.0,0.0,65.0,0.0,1200.0,718.794328
C10348,498.208616,4786.61,4397.64,388.97,0.0,9000.0,3805.669705
C10349,16.93339,174.42,0.0,174.42,0.0,2500.0,347.08638
C10350,3355.631092,242.88,0.0,242.88,0.0,13500.0,6084.115091
C10351,907.982017,216.94,216.94,0.0,1011.997944,3200.0,222.02316
C10352,1132.386178,2246.3,2246.3,0.0,14048.07181,6000.0,32048.6122
C10353,1254.6691,361.73,361.73,0.0,198.686744,1500.0,535.606816
C10354,80.336636,330.0,330.0,0.0,0.0,1800.0,345.330572
C10355,260.838885,2854.11,1797.96,1056.15,0.0,9500.0,2437.332725
C10356,17.356961,390.0,90.0,300.0,0.0,2000.0,302.454171
C10357,1897.672025,422.18,422.18,0.0,0.0,5500.0,2961.632199
C10358,1032.241153,1005.52,464.5,541.02,0.0,3000.0,1866.265366
C10359,3536.601227,2132.93,959.1,1173.83,5340.016172,11000.0,8251.146946
C10360,21.580264,284.72,0.0,284.72,0.0,5000.0,344.161416
C10361,4211.539631,0.0,0.0,0.0,455.581546,10500.0,1288.287239
C10362,1732.715258,3244.16,2480.85,763.31,0.0,11500.0,5674.185857
C10364,8939.461145,2490.17,905.17,1585.0,5309.949725,9500.0,3957.017497
C10365,36.567901,1098.31,1098.31,0.0,0.0,4800.0,0.0
C10366,41.754778,636.15,636.15,0.0,0.0,8500.0,918.414211
C10367,1937.246177,3018.93,1702.62,1316.31,0.0,5000.0,3909.837604
C10368,99.955082,1222.97,202.97,1020.0,0.0,19500.0,1142.077891
C10369,5135.604593,110.18,0.0,110.18,6551.99521,6000.0,1716.998424
C10370,214.896542,0.0,0.0,0.0,1192.015721,3000.0,2298.902197
C10371,1543.287931,0.0,0.0,0.0,36.481832,1800.0,548.589391
C10372,601.92037,983.77,603.77,380.0,0.0,2400.0,389.411161
C10373,1261.05733,0.0,0.0,0.0,474.429843,1500.0,866.865018
C10374,85.285023,423.24,287.0,136.24,0.0,11000.0,296.01675
C10375,1903.688611,6079.5,4719.5,1360.0,10227.22894,7300.0,18552.39489
C10376,813.068705,439.38,439.38,0.0,727.658311,1200.0,237.996469
C10377,1279.325142,1207.25,0.0,1207.25,0.0,1200.0,1282.705869
C10378,237.669312,259.13,259.13,0.0,0.0,2300.0,2680.635587
C10379,5747.761139,1627.69,0.0,1627.69,0.0,5500.0,2507.704747
C10380,7760.940543,0.0,0.0,0.0,3423.085934,8000.0,2845.010795
C10381,6388.108487,0.0,0.0,0.0,3768.696678,8000.0,10973.14532
C10382,426.372628,5749.96,5439.96,310.0,0.0,12000.0,5711.540654
C10383,8806.866629,1490.94,0.02,1490.92,2813.063846,9000.0,2116.662516
C10384,282.934373,0.0,0.0,0.0,2333.150712,3000.0,0.0
C10385,1128.229387,5068.88,3529.88,1539.0,0.0,4500.0,3904.568067
C10386,2045.541408,1067.28,0.0,1067.28,0.0,2000.0,2021.775795
C10387,8.520292,64.12,64.12,0.0,0.0,7000.0,176.600545
C10388,11278.95243,6855.59,2762.92,4092.67,0.0,18500.0,4868.088671
C10389,143.443832,1631.0,0.0,1631.0,0.0,2500.0,2550.799492
C10390,241.223955,180.91,180.91,0.0,0.0,1400.0,802.858576
C10391,1528.571561,0.0,0.0,0.0,172.931118,1600.0,353.582373
C10392,12474.72954,136.88,0.0,136.88,515.147607,14000.0,3519.008859
C10393,566.147105,0.0,0.0,0.0,187.572355,2000.0,1177.661577
C10395,1077.606225,343.21,343.21,0.0,1609.900552,1500.0,930.328071
C10396,1.838084,16.5,16.5,0.0,0.0,6000.0,57.595083
C10397,507.144348,5708.18,4584.78,1123.4,0.0,4000.0,5589.952268
C10398,816.82453,42.3,42.3,0.0,3967.709973,6000.0,361.853722
C10399,1526.506915,46.67,46.67,0.0,0.0,1800.0,338.413344
C10400,7957.017218,0.0,0.0,0.0,4909.937494,9000.0,677.144841
C10402,79.189929,699.12,0.0,699.12,0.0,2500.0,697.977603
C10403,497.908027,245.39,0.0,245.39,0.0,4000.0,328.796655
C10404,681.95925,98.0,98.0,0.0,0.0,4000.0,192.369983
C10405,1535.248256,857.36,857.36,0.0,0.0,6550.0,3239.629759
C10406,1508.513765,2747.12,1247.12,1500.0,246.046033,5000.0,4730.374245
C10407,11209.37076,11147.33,1137.4,10009.93,2728.576925,11000.0,7932.77402
C10408,201.3504,600.0,0.0,600.0,0.0,1000.0,249.066308
C10409,2502.264409,0.0,0.0,0.0,2368.872642,10000.0,541.308981
C10410,4543.789386,255.12,5.0,250.12,0.0,8500.0,1703.332126
C10411,918.342234,1221.53,1180.0,41.53,1078.788118,1200.0,1421.035206
C10412,5066.744231,0.0,0.0,0.0,1974.503664,13000.0,1336.016317
C10413,2259.431829,780.64,199.65,580.99,1227.555485,3500.0,663.553502
C10414,437.789873,1532.1,223.0,1309.1,0.0,5000.0,1834.368953
C10415,2025.162877,778.33,0.0,778.33,0.0,2000.0,1411.329676
C10416,3770.560441,964.06,260.0,704.06,5140.287889,6000.0,565.71913
C10417,140.730723,1667.13,1063.14,603.99,0.0,13000.0,1669.260634
C10419,5523.999416,0.0,0.0,0.0,4087.167822,8000.0,0.0
C10420,3298.692478,1088.83,518.39,570.44,0.0,9000.0,6862.520735
C10421,150.699542,648.64,330.0,318.64,0.0,2500.0,0.0
C10422,1874.843394,0.0,0.0,0.0,120.178123,2100.0,444.783009
C10423,3024.629054,0.0,0.0,0.0,2171.139178,4500.0,4226.578611
C10424,154.641707,1897.92,97.92,1800.0,0.0,13500.0,5563.437084
C10425,1322.057239,0.0,0.0,0.0,76.260896,6200.0,802.038512
C10426,62.287137,1263.29,279.99,983.3,0.0,9500.0,1356.425369
C10427,16.581535,200.0,0.0,200.0,0.0,1200.0,0.0
C10428,4664.023286,340.0,340.0,0.0,3510.115735,6000.0,2162.141639
C10429,318.03434,1277.58,0.0,1277.58,0.0,7000.0,552.734714
C10430,681.615445,4117.24,290.0,3827.24,0.0,6000.0,4561.589382
C10431,9335.31417,226.23,226.23,0.0,0.0,15000.0,1885.239981
C10432,6404.955912,3970.8,2267.0,1703.8,0.0,7500.0,3879.252512
C10433,133.405494,1346.9,1028.0,318.9,0.0,8000.0,1369.437449
C10434,1403.597712,1050.83,67.9,982.93,4083.515108,5000.0,4673.520993
C10435,469.878834,1364.99,64.99,1300.0,284.754535,2000.0,1849.10398
C10436,1452.437463,0.0,0.0,0.0,114.918715,1500.0,331.670616
C10437,3737.175713,0.0,0.0,0.0,3017.170336,4500.0,0.0
C10438,6032.740391,7553.48,2643.53,4909.95,0.0,13500.0,5377.338091
C10439,1692.755487,570.16,0.0,570.16,2817.05225,9000.0,6124.31525
C10441,3534.253718,566.28,431.01,135.27,3888.756412,4000.0,1298.823687
C10442,654.574445,0.0,0.0,0.0,2819.60583,8000.0,422.878799
C10443,1648.721384,0.0,0.0,0.0,39.646806,1800.0,357.836436
C10444,6822.877573,137.34,137.34,0.0,4815.112874,10000.0,1874.954894
C10445,8647.057641,0.0,0.0,0.0,5105.254316,10000.0,2052.533488
C10446,5055.582822,0.0,0.0,0.0,3435.737817,9000.0,6918.272206
C10447,4245.550244,332.82,0.0,332.82,6649.712062,5000.0,5810.994681
C10448,541.915572,1377.72,1377.72,0.0,0.0,2500.0,182.177646
C10449,4855.340797,0.0,0.0,0.0,1886.470361,6000.0,2996.735376
C10450,981.643409,0.0,0.0,0.0,1462.32354,1500.0,2008.971745
C10451,7057.658848,360.7,360.7,0.0,6517.541812,8000.0,5147.693822
C10452,4264.307261,222.64,0.0,222.64,249.298208,4500.0,1017.241855
C10453,4503.390811,1634.74,1376.0,258.74,94.837161,13000.0,1094.345336
C10454,969.294446,0.0,0.0,0.0,340.249539,1200.0,591.853821
C10455,4479.115547,759.15,759.15,0.0,2493.111705,6000.0,994.500495
C10456,37.753941,243.36,243.36,0.0,0.0,1800.0,546.417272
C10457,7386.704481,0.0,0.0,0.0,10713.8746,10500.0,7566.577763
C10458,1265.805627,0.0,0.0,0.0,2820.528417,2500.0,1370.235544
C10459,598.78776,519.0,0.0,519.0,0.0,4500.0,621.255763
C10460,3143.928913,3055.87,3055.87,0.0,0.0,4500.0,2198.293667
C10461,5580.530306,2470.4,457.73,2012.67,1652.878895,9500.0,3340.041274
C10462,576.635957,1671.6,480.0,1191.6,0.0,1800.0,1021.907217
C10463,51.818382,903.36,903.36,0.0,0.0,15000.0,538.841222
C10466,1036.595935,0.0,0.0,0.0,193.738137,1200.0,274.653536
C10467,21.12921,229.5,54.0,175.5,0.0,3150.0,423.206638
C10468,1534.969344,1476.19,1476.19,0.0,0.0,2500.0,1493.919986
C10469,4994.04832,2506.89,2506.89,0.0,0.0,8500.0,1230.219396
C10470,4700.106602,2570.0,492.46,2077.54,124.563782,4500.0,3259.958288
C10471,9601.071318,238.34,0.0,238.34,4809.11955,15000.0,1194.510762
C10472,1207.888199,1342.36,1037.96,304.4,1738.109478,4000.0,288.883026
C10473,87.442862,786.32,186.32,600.0,0.0,7500.0,881.284581
C10474,123.394089,1450.68,0.0,1450.68,0.0,6000.0,1583.421932
C10475,395.052994,1239.46,752.28,487.18,0.0,1500.0,401.217047
C10476,1715.459275,96.75,34.65,62.1,19.141227,1800.0,452.225512
C10477,1492.039988,4106.15,2688.46,1417.69,734.816479,12000.0,9678.173119
C10478,636.669685,2022.38,1892.38,130.0,0.0,6000.0,939.306791
C10480,223.772475,3654.08,291.41,3362.67,0.0,2500.0,3301.334578
C10481,1122.603377,883.73,457.62,426.11,0.0,3000.0,632.062443
C10482,805.131074,795.54,167.4,628.14,418.482499,1700.0,1804.065076
C10483,869.001444,0.0,0.0,0.0,278.591282,1200.0,541.101815
C10484,4458.055159,0.0,0.0,0.0,2806.959645,7500.0,1088.755323
C10485,2070.069187,1382.57,1077.75,304.82,0.0,2400.0,1580.0815
C10486,52.229659,565.5,0.0,565.5,101.137379,8500.0,2768.795805
C10487,6426.639738,4462.86,2816.46,1646.4,4599.625146,11800.0,1793.043228
C10488,206.596865,1726.67,1726.67,0.0,0.0,6000.0,4804.383296
C10489,5810.748774,217.0,217.0,0.0,12377.36037,9000.0,10428.37611
C10490,3872.605467,0.0,0.0,0.0,1483.933054,4000.0,1067.405461
C10491,2597.400267,1748.73,518.44,1230.29,0.0,6500.0,2497.488126
C10492,1481.43247,0.0,0.0,0.0,149.36039,1800.0,586.426259
C10493,1135.53683,50.98,0.0,50.98,0.0,1200.0,320.592941
C10494,3430.981532,378.04,0.0,378.04,0.0,11300.0,4315.936534
C10495,4102.599015,1483.12,1085.19,397.93,1992.715742,5000.0,1357.36111
C10497,150.952465,6407.67,3725.33,2682.34,0.0,14500.0,3484.429075
C10498,3170.537693,0.0,0.0,0.0,1161.103112,3500.0,547.23924
C10501,911.281862,70.0,70.0,0.0,0.0,8500.0,566.292758
C10502,45.753138,449.96,0.0,449.96,0.0,7000.0,1023.209164
C10503,456.648662,3355.33,2305.33,1050.0,0.0,6500.0,2087.871747
C10504,198.035504,0.0,0.0,0.0,14371.78789,10000.0,14481.46544
C10505,473.840442,0.0,0.0,0.0,818.124484,3000.0,142.286073
C10506,285.813075,3220.09,2941.39,278.7,0.0,15000.0,826.764555
C10507,204.329381,6558.55,6558.55,0.0,0.0,7000.0,5872.707939
C10508,3690.177649,0.0,0.0,0.0,1328.643945,4000.0,1006.358943
C10509,327.445978,4305.05,2905.71,1399.34,0.0,9500.0,4030.061017
C10510,6856.045926,262.1,262.1,0.0,3053.777459,13000.0,1629.239381
C10511,155.644239,1626.83,828.85,797.98,0.0,13000.0,1924.101393
C10512,4263.008734,3522.57,1482.0,2040.57,2485.845274,6000.0,1165.621928
C10513,10249.71178,0.0,0.0,0.0,2438.356719,18000.0,2662.365409
C10514,813.185305,8194.05,7280.27,913.78,0.0,6000.0,7069.804042
C10515,911.893997,1604.8,1527.3,77.5,1302.014616,4500.0,191.366024
C10516,3563.23692,709.9,609.9,100.0,779.264494,7000.0,826.576112
C10517,12478.17286,174.0,174.0,0.0,3269.418821,14000.0,3251.190662
C10518,2061.27937,0.0,0.0,0.0,554.11523,4500.0,552.713988
C10519,1556.376158,0.0,0.0,0.0,655.037683,1700.0,1076.722225
C10520,126.207012,913.0,0.0,913.0,0.0,7500.0,1718.487894
C10521,2516.753364,606.62,598.95,7.67,0.0,2750.0,1043.617154
C10522,1199.942209,1447.01,306.31,1140.7,49.912813,2400.0,642.723723
C10523,13479.28821,41050.4,40624.06,426.34,0.0,17000.0,36066.75068
C10524,80.062693,727.27,727.27,0.0,0.0,20000.0,822.928249
C10525,839.897907,1869.88,815.11,1054.77,0.0,4000.0,999.235386
C10526,128.175207,182.94,0.0,182.94,0.0,5000.0,1391.649702
C10527,47.6368,379.28,0.0,379.28,0.0,2500.0,641.943628
C10528,1529.206464,874.94,0.0,874.94,0.0,1500.0,716.241063
C10529,2643.343414,26402.39,22257.39,4145.0,0.0,16500.0,24529.27662
C10530,2924.757622,0.0,0.0,0.0,281.044645,3000.0,677.649435
C10532,5036.870531,1752.15,1564.16,187.99,1072.351863,10300.0,1489.597574
C10533,32.042424,400.41,0.0,489.39,0.0,4500.0,353.570259
C10534,2549.128288,13771.63,4503.31,9268.32,0.0,14500.0,16826.42443
C10535,3718.606699,1172.68,1172.68,0.0,10372.8492,9500.0,4820.842925
C10536,4914.325665,1653.6,353.6,1300.0,1442.395734,5000.0,3410.253378
C10537,1191.584153,4238.79,2220.39,2018.4,0.0,10500.0,3528.728592
C10538,98.420888,907.37,907.37,0.0,0.0,10000.0,908.907467
C10539,1534.891604,0.0,0.0,0.0,2614.626296,3000.0,304.984801
C10540,675.117139,0.0,0.0,0.0,6523.780195,12500.0,0.0
C10542,43.42718,569.34,0.0,569.34,0.0,16500.0,758.421856
C10543,1874.601636,305.78,0.0,305.78,0.0,1500.0,518.757481
C10544,15258.2259,529.3,529.3,0.0,4100.891579,19000.0,2051.14647
C10545,4497.213951,2001.19,210.43,1790.76,0.0,4500.0,3058.768463
C10546,986.149218,0.0,0.0,0.0,2955.030338,3000.0,832.894753
C10547,257.997181,1020.47,185.0,835.47,0.0,6500.0,1099.15757
C10548,4507.733288,4754.32,3636.53,1117.79,0.0,9500.0,1924.73689
C10549,1117.635883,0.0,0.0,0.0,97.200877,1200.0,308.089987
C10550,5083.397311,331.95,331.95,0.0,10384.82416,8000.0,4453.691497
C10551,3649.559565,1490.0,1490.0,0.0,8824.695802,12500.0,573.307364
C10552,77.45581,558.28,270.52,287.76,0.0,8000.0,601.746596
C10553,1362.418281,1477.44,900.0,577.44,451.968387,1500.0,559.095981
C10554,189.12074,1051.1,0.0,1051.1,0.0,3000.0,1301.155857
C10555,2374.663583,2242.26,1222.96,1019.3,228.465161,2850.0,2073.374513
C10556,1112.070216,179.24,59.0,120.24,0.0,4000.0,217.546584
C10557,2569.379868,972.65,162.95,809.7,1390.367155,5500.0,807.047622
C10558,2883.906333,4620.34,4300.42,319.92,0.0,7500.0,6476.333335
C10559,71.046063,1023.8,1023.8,0.0,0.0,20000.0,5872.895164
C10560,3366.051663,6344.3,4438.8,1905.5,0.0,12000.0,2890.901993
C10561,7190.047748,1549.61,1549.61,0.0,3269.100834,17500.0,1727.425472
C10562,68.039722,734.11,734.11,0.0,0.0,5000.0,1537.307484
C10563,5066.461251,2274.21,1282.85,991.36,2854.551358,5000.0,5174.255034
C10564,2454.610005,1635.69,0.0,1635.69,486.813976,3000.0,1442.488419
C10565,64.329876,627.03,482.03,145.0,0.0,6000.0,1513.704151
C10566,1284.63314,55.5,0.0,55.5,5406.459348,3000.0,3432.757202
C10567,76.93561,277.0,277.0,0.0,0.0,8500.0,814.605178
C10568,950.563525,7479.95,7479.95,0.0,0.0,15000.0,7521.226078
C10569,5178.179489,3937.59,2606.42,1331.17,0.0,9500.0,1248.498168
C10570,531.455619,6300.4,6300.4,0.0,0.0,16500.0,4924.941312
C10571,263.6992,1856.64,0.0,1856.64,0.0,1800.0,1591.559543
C10572,492.070146,4924.41,4924.41,0.0,0.0,10500.0,3430.597877
C10573,1034.660626,1308.11,1308.11,0.0,234.602843,1500.0,236.764555
C10574,11547.52001,49039.57,40761.25,8278.32,558.166886,22500.0,46930.59824
C10575,8997.488544,4604.72,4020.33,584.39,1854.533843,9000.0,4201.889848
C10576,9149.4096,227.8,227.8,0.0,5583.937965,9500.0,6710.905443
C10577,1296.922119,2327.49,2327.49,0.0,1873.271885,6000.0,2322.412643
C10578,1758.979585,1199.0,1199.0,0.0,8552.910316,6750.0,11634.38713
C10579,194.493602,1174.76,0.0,1174.76,0.0,4500.0,1280.294998
C10580,3294.37955,0.0,0.0,0.0,2546.891416,4000.0,1084.059239
C10581,5404.202992,469.0,286.0,183.0,8005.22508,7000.0,2676.467444
C10582,5484.800476,0.0,0.0,0.0,1239.217984,6000.0,2060.020446
C10583,181.463092,133.39,133.39,0.0,219.143859,2500.0,168.425788
C10584,1311.732049,10700.63,2912.65,7787.98,0.0,6000.0,9853.313787
C10585,542.218074,0.0,0.0,0.0,1074.741949,1500.0,1328.855136
C10586,1029.101022,49.1,0.0,49.1,0.0,1000.0,59.924534
C10587,1202.975648,11313.77,10133.7,1180.07,0.0,6000.0,10718.04224
C10588,1095.379426,0.0,0.0,0.0,282.895246,1200.0,432.048813
C10589,4546.766836,3525.37,0.0,3525.37,0.0,15000.0,14083.96809
C10590,28.934197,258.74,258.74,0.0,0.0,12000.0,502.486404
C10591,3457.086184,2448.6,0.0,2448.6,0.0,1700.0,227.514473
C10592,23.290641,293.99,194.99,99.0,0.0,12500.0,287.796655
C10593,9559.783145,709.0,709.0,0.0,771.711794,10500.0,2447.227264
C10594,2154.175363,1628.07,1628.07,0.0,0.0,5000.0,654.505745
C10595,2627.184835,0.0,0.0,0.0,3216.192328,3150.0,394.285767
C10596,2689.586312,0.0,0.0,0.0,2224.68646,7000.0,809.880619
C10597,11.890862,165.0,165.0,0.0,0.0,15000.0,0.0
C10598,3452.538704,11681.64,11681.64,0.0,0.0,10500.0,8145.713972
C10599,1068.031748,98.97,0.0,98.97,0.0,2500.0,3594.989864
C10600,7295.920263,0.0,0.0,0.0,721.214369,7500.0,1984.351035
C10601,7975.19143,1142.15,1017.65,124.5,2652.115823,9000.0,2079.521171
C10602,1866.608592,1494.5,1494.5,0.0,0.0,8500.0,2031.589282
C10603,259.467265,646.24,646.24,0.0,0.0,10000.0,540.021578
C10604,1298.191599,0.0,0.0,0.0,2052.835555,3500.0,3009.926784
C10605,313.387813,3608.88,2124.75,1484.13,0.0,15000.0,2419.651857
C10606,7088.358802,0.0,0.0,0.0,3118.050456,7500.0,4539.526102
C10607,4458.045588,0.0,0.0,0.0,2846.034435,5000.0,985.516901
C10608,2690.771926,12465.21,9805.73,2659.48,0.0,13000.0,9290.702248
C10609,15244.74865,7823.74,7564.81,258.93,2621.049473,19000.0,11123.40918
C10610,0.327199,24.64,24.64,0.0,0.0,1800.0,45.640106
C10611,2492.726282,27957.68,23032.97,4924.71,0.0,9000.0,27255.00752
C10612,47.424621,372.0,273.6,98.4,0.0,4000.0,662.401178
C10613,4114.723127,1841.62,1456.94,384.68,4004.273974,7500.0,7780.322889
C10615,2450.031338,1678.07,824.21,853.86,0.0,6500.0,682.930065
C10616,8781.831676,11674.64,9400.96,2273.68,0.0,16000.0,10377.3612
C10617,1642.024936,2094.38,2094.38,0.0,0.0,4500.0,576.699993
C10618,2739.836747,0.0,0.0,0.0,2970.288928,3000.0,3418.06811
C10619,1946.447038,411.38,411.38,0.0,99.078081,2500.0,1403.266638
C10620,9.962695,99.19,0.0,99.19,0.0,4000.0,209.014647
C10621,394.269079,525.0,525.0,0.0,2003.827851,2500.0,3747.367504
C10622,5935.917803,1956.06,1777.14,178.92,0.0,11500.0,1553.147417
C10623,266.588825,1750.51,1515.46,235.05,239.188373,3500.0,2103.253278
C10624,917.732846,18.41,0.0,18.41,0.0,1000.0,1407.291593
C10625,3183.529482,386.12,386.12,0.0,3715.643596,4000.0,4441.185925
C10626,2071.736764,0.0,0.0,0.0,199.214973,2100.0,553.00439
C10627,6980.581442,0.0,0.0,0.0,11549.11174,14500.0,1498.338478
C10628,724.261595,625.46,198.4,427.06,0.0,7500.0,721.081023
C10629,2469.665655,963.13,963.13,0.0,0.0,7000.0,566.87028
C10630,202.190447,2011.81,2011.81,0.0,0.0,2100.0,3144.544042
C10631,6787.661776,99.5,0.0,99.5,7726.511679,8000.0,1775.13958
C10632,107.298227,1084.09,0.0,1084.09,0.0,8000.0,1515.629124
C10633,3946.876897,207.0,0.0,207.0,1546.727807,8500.0,1494.101923
C10634,1246.393805,1757.47,907.05,850.42,0.0,5000.0,1254.376139
C10635,7155.328723,3837.59,1860.18,1977.41,14811.68818,9500.0,17739.94594
C10636,2147.939753,117.57,117.57,0.0,1022.23072,8000.0,5441.876882
C10637,32.612745,1223.41,769.41,454.0,0.0,6000.0,1222.343069
C10638,5380.796813,1710.24,817.32,892.92,2292.800636,6000.0,1572.990843
C10639,3419.661676,11.06,11.06,0.0,1261.347779,4000.0,745.984976
C10640,8900.194109,0.0,0.0,0.0,4849.693752,12000.0,2430.864139
C10641,837.950585,8273.18,2904.89,5368.29,0.0,7000.0,7883.621179
C10642,2113.098241,619.93,0.0,619.93,1958.668173,4000.0,529.829894
C10643,16.371699,190.0,0.0,190.0,0.0,4000.0,322.114468
C10644,3774.063585,7680.08,5050.97,2629.11,0.0,11500.0,2529.085319
C10645,1088.031913,9734.63,3756.01,5978.62,0.0,8500.0,8571.945329
C10646,2.175751,0.0,0.0,0.0,136.662804,3000.0,278.731912
C10647,5248.392421,8403.17,7469.7,933.47,3141.100688,13000.0,8495.972927
C10648,9.581344,118.6,70.0,48.6,0.0,3300.0,117.780082
C10649,3123.339488,11202.09,10929.53,272.56,0.0,7500.0,8317.163283
C10650,1670.928797,794.52,794.52,0.0,0.0,1750.0,1083.625844
C10651,537.389322,1704.22,150.5,1553.72,0.0,1500.0,679.888456
C10652,1803.955439,1044.43,801.35,243.08,103.174612,5000.0,1068.805913
C10653,2394.126386,3651.59,1544.79,2106.8,2420.908491,4500.0,6925.337419
C10654,544.879717,6477.6,3301.6,3176.0,0.0,7500.0,6381.236136
C10655,288.474257,1025.03,0.0,1025.03,0.0,2800.0,1148.409463
C10656,1434.097191,0.0,0.0,0.0,1866.841949,2400.0,2361.929133
C10657,79.554406,472.71,472.71,0.0,0.0,16000.0,563.830183
C10658,2134.513436,733.35,78.6,654.75,5716.149236,3000.0,6801.933334
C10659,4925.502001,3050.72,989.14,2061.58,10901.29827,11500.0,21320.89625
C10660,62.32157,601.35,468.0,133.35,0.0,7000.0,704.075312
C10661,1062.752143,0.0,0.0,0.0,496.76383,1200.0,720.3446
C10662,5347.377116,0.0,0.0,0.0,9671.336737,10500.0,3239.303839
C10663,8.555864,0.0,0.0,0.0,75.612993,5000.0,74.218884
C10665,164.649775,1764.86,1149.34,615.52,0.0,10000.0,1768.463643
C10666,299.765294,2352.2,1136.7,1215.5,0.0,6500.0,2671.279796
C10667,3725.636832,0.0,0.0,0.0,516.029064,4000.0,1221.274221
C10668,306.877248,3877.85,2183.56,1694.29,0.0,12500.0,3639.443058
C10669,14411.95798,5958.17,3161.46,2796.71,0.0,15000.0,7839.750264
C10670,1759.969888,5969.33,3755.24,2214.09,1777.022586,16500.0,7272.999505
C10671,1482.235539,14604.87,2475.93,12128.94,0.0,15500.0,14462.63056
C10672,6014.806806,433.63,433.63,0.0,2433.987199,7000.0,1534.75789
C10673,5619.157028,2790.76,2549.25,241.51,0.0,14000.0,1778.284067
C10674,365.12275,571.32,0.0,571.32,4961.005282,4000.0,5308.488824
C10675,1728.079372,0.0,0.0,0.0,1662.824051,1800.0,141.505315
C10676,1043.249828,281.25,0.0,281.25,1361.24762,1200.0,634.96657
C10677,2571.925816,1701.9,464.9,1237.0,1089.064313,3000.0,710.210734
C10678,7760.5254,14332.92,10588.97,3743.95,0.0,16000.0,7116.531862
C10679,61.644247,490.6,0.0,490.6,0.0,18000.0,1197.347043
C10680,0.0,0.0,0.0,0.0,310.888779,9000.0,0.0
C10681,1724.2041,8371.19,4192.8,4178.39,959.946429,3800.0,9582.782864
C10682,558.989996,4552.44,1234.0,3318.44,0.0,5000.0,5496.343824
C10683,15.728894,202.0,202.0,0.0,0.0,2000.0,200.169721
C10684,3808.073463,6030.34,2874.89,3155.45,7279.880364,7000.0,17084.85192
C10685,28.394518,379.3,0.0,379.3,0.0,2500.0,534.818301
C10686,2515.968879,1877.24,926.9,950.34,0.0,8500.0,4503.07943
C10688,408.069031,3660.97,3660.97,0.0,0.0,7500.0,4471.044825
C10689,975.165854,2281.56,2281.56,0.0,98.596565,20000.0,2068.187388
C10690,879.190921,45.65,45.65,0.0,1246.223848,1200.0,1589.980022
C10691,2331.38017,1919.66,1310.9,608.76,0.0,6000.0,6725.483653
C10692,27.20711,685.08,220.0,465.08,0.0,13000.0,798.047921
C10693,1418.254924,362.13,0.0,362.13,0.0,1200.0,496.114334
C10694,1.979916,80.0,80.0,0.0,0.0,1500.0,0.0
C10695,331.586253,3703.36,1653.98,2049.38,0.0,7500.0,3229.189675
C10696,10359.45471,12650.0,12650.0,0.0,2781.682203,10500.0,7566.470234
C10697,2144.477682,228.35,228.35,0.0,1908.662268,4000.0,2520.722012
C10698,2927.082849,0.0,0.0,0.0,3987.822594,4000.0,862.790575
C10699,654.747715,1969.24,567.47,1401.77,0.0,12000.0,2011.781378
C10700,1162.770552,533.36,0.0,533.36,19.292323,1200.0,632.227172
C10701,4094.433899,0.0,0.0,0.0,1618.325972,7500.0,1070.599052
C10702,278.142977,1901.94,367.0,1534.94,0.0,4500.0,1624.241905
C10703,5941.847384,0.0,0.0,0.0,744.138154,7000.0,1756.829998
C10704,983.339069,5601.54,3073.82,2527.72,36.336457,7500.0,4807.552996
C10705,820.05973,162.56,0.0,162.56,0.0,1000.0,215.685296
C10706,7025.757291,66.32,66.32,0.0,8733.135566,9000.0,9547.622542
C10707,1.411754,19.9,0.0,19.9,0.0,6500.0,49.622958
C10708,5656.069801,362.36,362.36,0.0,7240.433194,8000.0,683.421497
C10709,2705.591995,818.02,326.02,492.0,2758.007287,3000.0,4055.34116
C10710,235.294264,1286.2,1286.2,0.0,0.0,4000.0,1272.434565
C10711,3472.806962,1800.0,0.0,1800.0,2642.846513,6000.0,2214.368263
C10712,2892.138807,0.0,0.0,0.0,129.381701,3000.0,666.956678
C10713,145.973232,1131.08,0.0,1131.08,0.0,18000.0,1317.549381
C10714,1943.792266,83.35,0.0,83.35,0.0,4000.0,290.353132
C10715,2119.537904,342.07,270.07,72.0,0.0,3000.0,3505.371815
C10716,233.395491,2025.0,2025.0,0.0,385.62779,6000.0,2420.445403
C10717,318.186198,3548.64,2949.37,599.27,0.0,20000.0,3908.960912
C10718,448.190189,1687.29,1687.29,0.0,0.0,11500.0,1464.000198
C10719,908.354652,231.35,0.0,231.35,944.183414,1000.0,161.97536
C10720,546.844163,2427.26,1587.34,839.92,0.0,5000.0,1747.703784
C10721,763.327047,579.28,300.0,279.28,727.52546,1200.0,635.871404
C10722,1495.801569,420.03,320.03,100.0,0.0,6600.0,1283.885302
C10723,7006.751866,328.92,328.92,0.0,9497.696525,10000.0,659.559695
C10724,4414.952906,419.64,0.0,419.64,0.0,4200.0,467.204852
C10725,255.052529,3267.03,1439.07,1827.96,0.0,6000.0,2841.850383
C10726,1167.045536,294.13,65.0,229.13,0.0,1500.0,686.376349
C10727,3063.017462,0.0,0.0,0.0,3550.209696,5500.0,757.537513
C10728,1546.216153,0.0,0.0,0.0,2196.107878,3000.0,247.706733
C10729,999.392635,0.0,0.0,0.0,2368.248319,1500.0,1724.178215
C10730,3386.99251,171.92,171.92,0.0,0.0,4500.0,907.867126
C10731,963.572006,2210.97,1741.3,469.67,0.0,9500.0,2946.752322
C10732,454.580913,1229.57,1229.57,0.0,0.0,2700.0,1125.497981
C10733,2572.508325,64.0,64.0,0.0,248.690762,2800.0,373.433094
C10734,2596.59993,0.0,0.0,0.0,1700.074178,3000.0,1794.421173
C10735,13763.47358,9670.84,6701.08,2969.76,1896.204934,17500.0,24199.11108
C10736,1861.026633,7446.18,6376.98,1069.2,2817.03397,10000.0,10274.93122
C10737,5422.456378,0.0,0.0,0.0,9972.234861,14000.0,1661.693077
C10738,838.616485,375.57,375.57,0.0,99.587515,6000.0,779.057364
C10739,446.735142,5228.36,2337.44,2890.92,0.0,3000.0,4843.737867
C10740,88.823762,291.65,0.0,291.65,0.0,8000.0,341.378477
C10741,821.916526,1386.4,1386.4,0.0,0.0,1500.0,238.348011
C10742,3714.539663,1307.16,1307.16,0.0,4245.840374,5000.0,1529.771263
C10743,7811.234174,0.0,0.0,0.0,6372.109273,16000.0,2322.058763
C10744,1024.761905,77.99,77.99,0.0,0.0,1200.0,555.23373
C10745,2386.932058,861.79,181.81,679.98,457.699229,6000.0,6532.686986
C10746,15.492415,65.0,65.0,0.0,0.0,3000.0,19.221233
C10747,2643.876192,798.34,277.0,521.34,3206.809796,4500.0,728.056878
C10748,4881.822347,0.0,0.0,0.0,223.953042,8500.0,1227.062915
C10749,1855.212121,32.22,32.22,0.0,37.743145,2000.0,349.584645
C10750,13774.74154,404.24,0.0,404.24,3369.474535,14500.0,3167.870886
C10751,251.151609,0.0,0.0,0.0,1084.813197,1200.0,3597.140559
C10752,1355.180523,8820.67,2549.65,6271.02,0.0,6500.0,3609.323897
C10753,6713.551391,7590.08,7403.57,186.51,1596.569821,10000.0,2344.430467
C10754,2398.26262,0.0,0.0,0.0,722.361498,6000.0,738.312743
C10755,1433.857464,1613.74,800.87,812.87,0.0,1500.0,1361.684623
C10756,142.406825,1214.74,574.33,640.41,0.0,11000.0,941.91753
C10757,660.397749,776.89,698.99,77.9,0.0,1500.0,487.294072
C10758,4834.586867,0.0,0.0,0.0,56.747353,5500.0,874.365824
C10759,2571.284657,0.0,0.0,0.0,259.611243,2750.0,750.534962
C10760,492.916599,4371.82,2765.16,1606.66,0.0,20000.0,3603.230966
C10761,2752.146656,1648.53,618.55,1029.98,2146.51325,6500.0,1427.725762
C10762,7715.659048,0.0,0.0,0.0,6182.982033,11500.0,1777.003806
C10763,0.25571,24.0,0.0,24.0,0.0,1500.0,9.533313
C10764,95.865855,1123.58,1123.58,0.0,0.0,1500.0,3245.496885
C10765,1439.343061,571.91,571.91,0.0,0.0,2100.0,2573.55754
C10766,5603.045332,0.0,0.0,0.0,2909.490912,7500.0,6135.140807
C10767,1.691842,0.0,0.0,0.0,1148.820355,1500.0,3.500505
C10768,83.279345,1080.11,0.0,1080.11,0.0,9000.0,1065.332527
C10769,1157.168369,0.0,0.0,0.0,1249.682243,3000.0,264.548484
C10770,1560.533094,749.57,209.77,539.8,4096.907903,6000.0,617.46628
C10771,1575.508838,0.0,0.0,0.0,1977.834772,2500.0,260.843536
C10772,1544.979869,880.19,0.0,927.45,0.0,1500.0,1189.503063
C10773,1350.286625,642.33,642.33,0.0,0.0,9000.0,323.683167
C10774,1261.488342,890.2,890.2,0.0,0.0,3000.0,302.073647
C10775,1274.851959,1798.24,144.86,1653.38,756.233501,1500.0,1340.224464
C10776,1646.715644,2720.68,2580.19,140.49,0.0,5000.0,2800.406648
C10777,3121.267822,4139.56,4139.56,0.0,3607.406242,9000.0,1600.272221
C10779,3406.473855,1140.0,0.0,1140.0,0.0,3650.0,2541.196672
C10780,4006.206157,169.28,0.0,169.28,2868.734582,6000.0,1553.157125
C10781,915.424422,0.0,0.0,0.0,2454.439476,1200.0,1665.025645
C10782,4193.283047,183.7,183.7,0.0,1585.714709,10500.0,1030.093462
C10783,10397.09989,0.0,0.0,0.0,4045.620171,13000.0,3222.169406
C10784,2830.364475,1412.76,0.0,1412.76,2045.094842,5000.0,6940.278105
C10785,5499.895765,0.0,0.0,0.0,485.269985,6000.0,1445.294493
C10786,815.427615,1936.01,1471.04,464.97,232.292989,2000.0,1759.115089
C10787,756.041971,2486.1,2052.75,433.35,0.0,4000.0,948.092359
C10788,5271.415483,0.0,0.0,0.0,2193.804998,6500.0,1479.003541
C10789,23.276656,796.56,0.0,796.56,0.0,4000.0,912.478311
C10790,5639.464394,717.18,399.15,318.03,3856.971744,7000.0,1460.652254
C10791,5308.90635,0.0,0.0,0.0,4954.608429,9500.0,1334.749456
C10792,62.209376,782.88,782.88,0.0,0.0,3000.0,2941.300379
C10793,2052.32561,0.0,0.0,0.0,200.266788,2000.0,529.203224
C10794,56.720267,260.0,260.0,0.0,0.0,5500.0,278.975102
C10795,1121.068043,0.0,0.0,0.0,56.461201,1200.0,236.09244
C10796,9470.18498,49.19,0.0,49.19,4078.303778,12000.0,2230.957196
C10797,2388.503738,4021.29,2303.6,1717.69,2075.781347,5000.0,2851.045852
C10798,1955.179305,503.45,503.45,0.0,0.0,10500.0,685.660178
C10799,432.915949,4430.17,3628.67,801.5,0.0,8500.0,4301.600928
C10800,2027.896903,933.5,933.5,0.0,1160.28334,3000.0,393.417404
C10801,1252.58309,1163.93,950.03,213.9,0.0,5000.0,0.0
C10803,1822.43199,177.23,70.26,106.97,0.0,2500.0,1136.340121
C10804,1557.750089,283.6,204.27,79.33,0.0,5000.0,424.829757
C10805,3879.064446,9796.28,9536.28,260.0,1959.013493,19000.0,12667.90527
C10806,708.509086,2109.61,1734.61,375.0,366.008558,6500.0,4591.162882
C10807,2748.60877,0.0,0.0,0.0,434.319424,3000.0,808.881566
C10808,4343.537475,1326.3,1326.3,0.0,1123.247578,4500.0,1373.689245
C10809,8646.143734,0.0,0.0,0.0,10204.12284,10000.0,11192.8048
C10810,90.445498,0.0,0.0,0.0,729.325692,3500.0,79.242572
C10811,9164.724752,3407.69,2074.16,1333.53,2063.860557,9500.0,0.0
C10812,298.592251,1804.09,620.16,1183.93,327.479813,7500.0,1672.051219
C10813,88.242406,758.31,0.0,758.31,0.0,6000.0,501.41401
C10814,14.731998,121.5,0.0,121.5,0.0,4000.0,137.148597
C10815,5211.229218,0.0,0.0,0.0,2316.206642,5500.0,1009.545319
C10816,835.007085,90.39,90.39,0.0,1160.459619,1500.0,254.561828
C10817,2302.479845,0.0,0.0,0.0,861.574218,2600.0,0.0
C10818,1782.997768,0.0,0.0,0.0,16037.32794,10000.0,15923.28722
C10819,2435.823938,749.3,393.5,355.8,0.0,8500.0,2501.125038
C10820,10.096031,184.92,0.0,184.92,0.0,4000.0,185.189285
C10821,1524.409377,70.0,0.0,70.0,640.711949,1500.0,973.097522
C10822,1819.529197,219.26,219.26,0.0,977.92638,2500.0,518.949471
C10823,4.607593,44.55,44.55,0.0,0.0,6000.0,267.147917
C10824,644.530629,268.68,0.0,268.68,0.0,1200.0,1557.68946
C10825,147.180819,0.0,0.0,0.0,1843.426883,2600.0,0.0
C10826,197.555397,1876.8,0.0,1876.8,0.0,5000.0,1715.207478
C10827,1716.622291,455.76,36.0,419.76,0.0,1700.0,881.425823
C10828,26.680023,520.5,0.0,520.5,0.0,4000.0,551.370293
C10829,5359.980872,0.0,0.0,0.0,1113.868654,6000.0,638.144031
C10830,772.54691,8519.02,8003.21,515.81,237.066662,17500.0,5828.994002
C10831,83.477053,0.0,0.0,0.0,2654.856157,3000.0,12902.18813
C10832,2654.816967,0.0,0.0,0.0,3469.664606,4000.0,3225.132002
C10833,81.762162,777.04,521.46,255.58,0.0,7500.0,753.811533
C10834,1373.277423,0.0,0.0,0.0,2739.66574,3300.0,0.0
C10835,1773.445786,4504.25,2986.66,1517.59,0.0,8500.0,278.70437
C10836,227.07351,2370.01,1682.03,687.98,0.0,4200.0,1948.361057
C10837,155.924331,517.14,460.57,56.57,0.0,3000.0,369.733274
C10838,4767.644535,806.0,481.0,325.0,1705.723287,8000.0,880.198403
C10839,2574.852985,578.66,578.66,0.0,6390.668135,9500.0,3219.440365
C10840,3405.005439,8.4,8.4,0.0,0.0,10500.0,1015.698271
C10841,3517.561446,173.69,173.69,0.0,3122.99024,5000.0,5091.300312
C10843,1748.546186,74.98,74.98,0.0,216.032736,1800.0,650.440749
C10844,4.503251,60.24,0.0,60.24,0.0,4000.0,471.23242
C10845,2717.915641,1500.0,1500.0,0.0,475.122697,4600.0,949.592719
C10846,1841.359829,2280.58,0.0,2280.58,0.0,1800.0,2463.113969
C10847,1399.729932,0.0,0.0,0.0,1967.782148,3000.0,712.803089
C10848,674.817091,1152.83,0.0,1152.83,0.0,7000.0,0.0
C10849,2406.569238,0.0,0.0,0.0,94.706407,2400.0,314.272712
C10850,285.308422,0.0,0.0,0.0,2644.698717,3000.0,248.742811
C10852,1011.110679,186.11,61.11,125.0,0.0,3000.0,634.853367
C10853,1358.890643,89.9,28.0,61.9,0.0,7000.0,323.344372
C10854,1392.773202,221.61,221.61,0.0,0.0,1700.0,369.345758
C10855,487.584965,4768.27,4768.27,0.0,0.0,2500.0,1980.213325
C10856,1892.439622,86.7,86.7,0.0,92.435934,2000.0,534.092827
C10857,3957.419199,1162.63,1021.67,140.96,3808.247988,7500.0,1476.991573
C10858,920.968431,977.38,615.99,361.39,0.0,3350.0,549.396517
C10859,227.781773,1497.82,690.57,807.25,0.0,3500.0,342.79543
C10860,4270.148411,363.0,363.0,0.0,5307.322893,5500.0,1250.695005
C10861,4115.739163,0.0,0.0,0.0,540.251858,8500.0,1006.261579
C10862,1375.845223,0.0,0.0,0.0,112.680045,1500.0,306.606914
C10863,1300.593766,0.0,0.0,0.0,513.664928,3000.0,386.660071
C10864,1437.895562,350.0,0.0,350.0,0.0,4000.0,0.0
C10865,1304.357015,1488.8,987.68,501.12,858.516418,2000.0,612.674919
C10866,1372.725482,992.25,651.4,340.85,667.818882,4500.0,2899.141015
C10867,938.177781,1288.42,0.0,1288.42,0.0,1500.0,1018.536172
C10868,129.3741,1102.72,0.0,1102.72,0.0,4000.0,1123.51632
C10869,161.198861,536.68,103.0,433.68,0.0,1000.0,280.826685
C10870,825.977042,0.0,0.0,0.0,904.460261,2500.0,522.917982
C10871,230.359954,2163.12,1383.12,780.0,0.0,4000.0,0.0
C10872,3616.993845,0.0,0.0,0.0,4947.781762,5500.0,529.726072
C10873,8220.740014,5197.22,4001.41,1195.81,18857.05847,13000.0,12886.44123
C10874,4438.521324,591.84,109.16,482.68,564.365429,17000.0,5552.601399
C10875,2210.404961,1790.64,1358.4,432.24,1660.66756,10500.0,8862.839094
C10876,2315.003636,0.0,0.0,0.0,3253.033658,3000.0,2467.952091
C10877,1255.779743,385.0,385.0,0.0,0.0,5000.0,0.0
C10878,62.596086,475.0,0.0,475.0,0.0,1500.0,408.132037
C10879,5280.649637,0.0,0.0,0.0,1786.833644,6000.0,1648.300986
C10880,170.907823,1366.3,1366.3,0.0,0.0,2000.0,3453.112338
C10881,1271.212003,76.94,76.94,0.0,0.0,1500.0,257.110005
C10882,11083.32542,2126.7,2026.7,100.0,1622.219455,15000.0,2494.033369
C10883,992.599867,100.0,100.0,0.0,593.181763,1200.0,0.0
C10884,10131.00055,0.0,0.0,0.0,3330.326162,14500.0,4056.944212
C10885,4419.30294,12551.95,10901.24,1650.71,14896.54051,17000.0,31698.41902
C10886,2173.621597,200.0,200.0,0.0,201.404735,8000.0,495.968187
C10887,9901.685569,2190.95,832.49,1358.46,1913.350112,11500.0,2972.248185
C10888,2320.309453,2896.05,2209.21,686.84,187.030671,13500.0,1341.195566
C10889,910.072514,18.05,0.0,18.05,19.118837,1000.0,233.886707
C10890,1374.460976,1990.81,0.0,1990.81,0.0,5000.0,0.0
C10891,0.0,199.88,0.0,199.88,0.0,4000.0,0.0
C10892,268.493643,4917.48,3300.1,1617.38,0.0,13500.0,3552.167671
C10893,1827.200326,1325.27,1161.66,163.61,0.0,4000.0,666.371943
C10894,1029.66874,1448.59,1229.0,219.59,1070.165399,1200.0,3008.279166
C10895,993.533549,851.68,0.0,851.68,1515.648089,1500.0,1660.242557
C10896,3150.679884,0.0,0.0,0.0,365.816939,3500.0,819.246481
C10897,11654.55492,463.0,74.0,389.0,3096.807933,12500.0,3024.60947
C10898,1254.970145,769.34,769.34,0.0,2234.780695,7000.0,0.0
C10899,2174.018945,377.1,177.62,199.48,388.849566,2600.0,0.0
C10900,1076.029456,0.0,0.0,0.0,59.57182,1200.0,239.407898
C10901,1444.365154,780.14,69.9,710.24,3573.493609,9000.0,6123.111421
C10902,2767.545277,3480.24,2767.28,712.96,0.0,12500.0,4062.447703
C10903,1382.310939,0.0,0.0,0.0,189.624301,1500.0,381.094555
C10904,716.017731,0.0,0.0,0.0,3943.873219,12000.0,232.136896
C10905,1890.397414,2493.67,358.0,2135.67,0.0,3000.0,916.285608
C10906,1948.434315,324.3,324.3,0.0,1468.08356,5000.0,0.0
C10907,44.910575,444.96,0.0,444.96,0.0,3000.0,426.881014
C10908,802.274379,150.0,0.0,150.0,3714.01114,6000.0,0.0
C10909,6059.861762,250.32,250.32,0.0,4447.636548,7000.0,0.0
C10910,847.013195,0.0,0.0,0.0,1159.447747,1200.0,101.664939
C10911,1843.308668,89.66,89.66,0.0,126.156551,2000.0,375.878055
C10912,21.681508,299.04,0.0,299.04,0.0,7500.0,320.616627
C10913,3558.685862,1036.19,1036.19,0.0,3270.549354,7300.0,1616.614478
C10914,14581.45914,0.0,0.0,0.0,22665.7785,18500.0,20941.32551
C10915,902.099225,5080.85,4674.21,406.64,0.0,8000.0,177.879919
C10916,1081.065726,554.85,262.4,292.45,952.424906,2100.0,1898.82812
C10917,9255.143419,5153.28,3352.28,1801.0,0.0,11500.0,4872.818088
C10918,228.909884,2617.85,2426.43,191.42,0.0,1800.0,1774.318305
C10919,1486.051056,716.98,217.06,499.92,273.531783,1600.0,1477.151065
C10920,337.317432,4193.91,3076.01,1117.9,0.0,3000.0,3690.904874
C10921,2643.39225,965.84,737.79,228.05,0.0,4300.0,771.299727
C10922,4007.029155,7597.09,6761.29,835.8,0.0,6500.0,0.0
C10923,128.375213,0.0,0.0,0.0,1897.551775,9500.0,0.0
C10924,2903.779416,360.3,112.61,247.69,3501.657389,11500.0,3014.036186
C10925,233.694622,1772.55,1352.55,420.0,0.0,1200.0,764.816144
C10926,150.52492,1850.31,1815.31,35.0,0.0,14000.0,1856.821119
C10927,3066.86081,84.65,0.0,84.65,0.0,8000.0,922.962087
C10928,11.35774,223.5,175.5,48.0,0.0,17500.0,192.80601
C10929,6366.085376,407.86,307.8,100.06,14827.30716,12500.0,5722.548016
C10930,53.339006,315.48,0.0,315.48,0.0,1000.0,193.699669
C10931,1917.203534,0.0,0.0,0.0,84.438672,2000.0,468.617347
C10932,361.588846,312.69,312.69,0.0,370.511697,7500.0,867.628724
C10933,5878.663267,1230.08,1000.0,230.08,4665.557504,6500.0,2535.48125
C10934,7143.680599,0.0,0.0,0.0,2999.900367,13000.0,8733.20327
C10935,559.944819,0.0,0.0,0.0,1379.58783,3000.0,1964.825042
C10936,79.625341,701.44,701.44,0.0,0.0,6000.0,0.0
C10937,1701.20332,302.0,0.0,302.0,796.570678,2000.0,784.873315
C10939,993.662006,348.88,348.88,0.0,0.0,1200.0,335.62347
C10940,939.152528,3393.25,3364.59,77.66,0.0,9000.0,2768.821579
C10941,7427.807223,205.89,110.0,95.89,3697.222827,9500.0,2404.231683
C10942,2746.923673,0.0,0.0,0.0,4289.506847,6500.0,2017.190799
C10943,24.820164,209.0,0.0,209.0,0.0,1500.0,278.257109
C10944,31.702357,1051.52,732.2,319.32,0.0,4600.0,5384.409792
C10945,1023.323593,253.37,196.37,57.0,0.0,1200.0,463.956486
C10946,2.957267,202.72,0.0,202.72,0.0,4500.0,31.596193
C10947,1068.434064,27.0,0.0,27.0,0.0,1200.0,219.692369
C10949,6725.109914,6335.65,912.12,5423.53,0.0,11000.0,3203.884297
C10950,515.135703,2457.48,1272.5,1184.98,0.0,7000.0,2858.180367
C10951,0.867528,26.62,0.0,26.62,0.0,4500.0,18.336805
C10952,542.051302,4896.9,721.46,4175.44,960.975083,2500.0,5338.901791
C10953,39.798993,20.09,20.09,0.0,0.0,3200.0,0.0
C10954,1894.11023,678.0,678.0,0.0,0.0,2000.0,992.569418
C10955,5980.58247,0.0,0.0,0.0,12008.08079,11000.0,9736.897362
C10956,176.721561,1707.26,403.54,1303.72,0.0,3300.0,0.0
C10957,4223.832142,0.0,0.0,0.0,3305.855177,4500.0,0.0
C10958,55.741802,963.35,300.0,663.35,0.0,14000.0,1062.303105
C10959,179.290727,2540.9,1234.77,1306.13,0.0,5000.0,2478.954766
C10960,634.825209,1478.36,1343.45,134.91,0.0,1200.0,1371.998686
C10961,6002.618198,0.0,0.0,0.0,1163.462217,6500.0,1498.948148
C10962,1104.960744,45.65,45.65,0.0,0.0,1200.0,293.890715
C10963,851.278168,0.0,0.0,0.0,2037.036785,3000.0,4998.620598
C10965,914.222213,563.39,400.14,163.25,136.50351,900.0,0.0
C10966,3122.171879,974.3,712.3,262.0,189.408446,3000.0,1520.760286
C10967,645.528692,0.0,0.0,0.0,6479.639793,10000.0,0.0
C10968,1803.898764,562.01,63.6,498.41,0.0,1800.0,2010.58964
C10969,330.273411,53.8,53.8,0.0,0.0,2500.0,429.112894
C10970,1168.040482,1113.1,801.19,311.91,0.0,6500.0,4239.684074
C10971,4593.577983,0.0,0.0,0.0,393.742621,5250.0,1064.91324
C10972,391.179957,7363.38,6965.06,398.32,0.0,4500.0,11891.44907
C10973,12358.32132,421.15,0.0,421.15,5690.168909,17000.0,4131.495556
C10974,95.645669,566.43,463.8,102.63,0.0,9000.0,73.895095
C10975,2072.457624,17409.21,11263.17,6146.04,0.0,19500.0,19517.1616
C10976,3215.307061,0.0,0.0,0.0,629.109981,3500.0,1333.839527
C10977,2437.750644,1177.64,1177.64,0.0,2961.278225,3000.0,1325.182603
C10978,460.432607,1009.44,858.48,150.96,0.0,4000.0,1292.401995
C10979,1895.695148,200.0,200.0,0.0,493.281286,2000.0,861.663355
C10980,51.161976,736.72,736.72,0.0,0.0,4500.0,1665.89154
C10981,40.332553,158.37,0.0,158.37,0.0,3000.0,2280.290156
C10982,1.355556,0.01,0.01,0.0,0.0,6500.0,0.0
C10983,1462.280124,516.0,0.0,516.0,0.0,1500.0,752.367432
C10984,337.629461,251.44,251.44,0.0,0.0,6000.0,0.0
C10985,1518.813947,2110.98,1748.98,362.0,0.0,1700.0,663.894987
C10986,1538.569369,3852.37,2681.99,1170.38,0.0,6000.0,3386.915692
C10987,1084.291919,270.0,270.0,0.0,0.0,1200.0,371.168672
C10988,3908.10498,1238.12,1159.3,78.82,1799.316522,6000.0,1147.443975
C10989,16.553858,308.16,308.16,0.0,0.0,2500.0,291.719987
C10990,243.010712,0.0,0.0,0.0,1222.166225,12000.0,196.932031
C10991,463.07144,1817.84,1817.84,0.0,0.0,6000.0,0.0
C10992,192.037218,1000.0,1000.0,0.0,0.0,1500.0,1128.431348
C10993,1493.440295,0.0,0.0,0.0,77.328556,1600.0,455.872747
C10994,853.34928,3209.14,2795.14,414.0,898.013564,10000.0,2841.834049
C10995,1295.446588,886.37,886.37,0.0,1310.182842,1800.0,2966.291948
C10996,4890.470857,0.0,0.0,0.0,9009.157522,7500.0,7296.483613
C10997,1905.101343,455.72,0.0,455.72,0.0,3000.0,576.311637
C10998,69.016286,749.9,0.0,749.9,0.0,1500.0,701.387872
C10999,2872.838687,555.0,0.0,555.0,0.0,3000.0,1397.027257
C11000,2437.73951,1093.93,695.29,398.64,822.700458,2900.0,556.213673
C11001,160.816558,1755.76,1755.76,0.0,0.0,2500.0,1633.050111
C11002,2802.369018,829.15,0.0,829.15,476.329395,3000.0,1393.564911
C11003,4618.091584,541.68,541.68,0.0,3580.753362,8500.0,0.0
C11004,3108.393701,26582.34,15158.9,11423.44,0.0,28000.0,26557.09724
C11005,3946.421177,1508.54,1508.54,0.0,0.0,8500.0,0.0
C11006,560.414016,99.0,99.0,0.0,909.10915,1000.0,407.819493
C11007,2001.030926,1534.98,1424.58,110.4,1407.204652,4000.0,867.884346
C11008,1216.893766,76.3,76.3,0.0,0.0,1200.0,533.085955
C11009,343.966223,3927.12,0.0,3927.12,0.0,5500.0,3626.983417
C11010,887.679317,1486.31,179.75,1306.56,0.0,1800.0,0.0
C11011,5573.146558,435.14,435.14,0.0,3935.733135,7000.0,1587.909833
C11012,31.490163,280.35,280.35,0.0,900.547414,4000.0,0.0
C11013,1464.19148,367.94,246.2,121.74,0.0,1500.0,719.945677
C11014,114.38833,182.0,0.0,182.0,0.0,1500.0,169.708108
C11015,1355.312146,1682.06,1383.74,298.32,0.0,13000.0,6965.353704
C11016,357.62718,3070.45,1864.11,1206.34,0.0,18500.0,4023.111073
C11017,1368.288512,34.0,0.0,34.0,135.178439,1600.0,1913.744848
C11018,2870.08219,490.21,490.21,0.0,10735.1018,6000.0,5956.127312
C11019,2797.233197,2197.21,1101.76,1095.45,1824.823395,4000.0,0.0
C11020,1055.53207,170.0,0.0,170.0,0.0,1200.0,229.301004
C11021,3421.5478,36.0,0.0,36.0,19.042417,3500.0,404.993426
C11022,165.700863,1806.97,132.81,1674.16,0.0,3500.0,1595.482975
C11023,5317.783607,0.0,0.0,0.0,5833.696908,6500.0,3154.862353
C11024,1532.278572,2612.1,1375.5,1236.6,0.0,6500.0,1348.321843
C11025,1506.516549,1188.78,179.56,1009.22,65.104506,6500.0,2813.165078
C11026,195.804466,0.0,0.0,0.0,477.378737,1950.0,550.825801
C11027,2845.16043,735.09,652.94,82.15,0.0,10500.0,6006.492582
C11028,1268.352178,1533.28,0.0,1533.28,2294.002357,1200.0,3363.275481
C11029,1250.394614,443.99,443.99,0.0,0.0,3500.0,273.823646
C11030,9.503968,96.62,0.0,96.62,0.0,4500.0,1086.932525
C11031,2285.068731,0.0,0.0,0.0,1173.310874,2500.0,381.672065
C11032,2928.756699,160.92,0.0,160.92,319.931964,3000.0,1142.847203
C11033,1460.178578,937.96,100.0,837.96,0.0,1500.0,1186.859701
C11034,2022.469335,22.5,0.0,22.5,0.0,10000.0,2062.495163
C11035,1651.127455,720.18,478.53,241.65,0.0,5000.0,0.0
C11036,76.483078,69.0,69.0,0.0,0.0,4500.0,462.226271
C11038,3766.072756,64.82,34.96,29.86,298.108645,4150.0,1019.849756
C11039,1083.07662,0.0,0.0,0.0,91.903204,1200.0,309.300185
C11040,250.123525,2655.99,2655.99,0.0,0.0,3600.0,3155.89347
C11041,41.146561,825.0,0.0,825.0,0.0,2500.0,887.677869
C11042,3340.233396,1783.57,1400.59,382.98,9569.469311,8000.0,6173.822229
C11043,97.649883,1092.59,673.11,419.48,0.0,18000.0,1399.323719
C11044,253.143106,0.0,0.0,0.0,3351.385591,5000.0,0.0
C11045,1239.889457,3914.15,2643.0,1271.15,0.0,9500.0,3980.107176
C11046,3846.498183,788.54,734.45,54.09,69.894469,4200.0,2071.865365
C11047,12373.33348,830.15,200.0,630.15,10249.921,11000.0,14040.86635
C11048,1958.327414,0.0,0.0,0.0,39.461591,2100.0,404.070285
C11049,411.727643,1037.82,1037.82,0.0,0.0,6500.0,1461.416883
C11050,1548.76729,723.65,723.65,0.0,0.0,8500.0,0.0
C11051,2128.151695,0.0,0.0,0.0,19.345729,2100.0,138.907177
C11052,1046.785259,0.0,0.0,0.0,2908.400137,3000.0,87.879339
C11053,640.595851,2496.57,1837.56,659.01,0.0,3000.0,1145.707252
C11054,270.096134,3061.26,1913.26,1148.0,0.0,6000.0,3594.046318
C11055,1583.622027,45.65,45.65,0.0,0.0,1700.0,317.911208
C11056,380.384776,1188.0,1188.0,0.0,0.0,9000.0,2461.320337
C11057,445.409094,307.11,163.29,143.82,0.0,1500.0,467.844102
C11058,117.949494,1368.88,1088.23,280.65,0.0,4500.0,455.527411
C11059,2608.143732,207.68,207.68,0.0,189.874314,3000.0,1243.840314
C11060,48.521324,514.97,514.97,0.0,0.0,5500.0,380.613937
C11061,1076.571029,45.65,45.65,0.0,48.730842,1200.0,299.78995
C11062,2294.145941,29.29,0.0,29.29,137.256946,2100.0,149.363733
C11063,25.570988,45.65,45.65,0.0,0.0,1500.0,491.455491
C11064,5049.442457,0.0,0.0,0.0,3631.844028,8500.0,8574.541634
C11065,5516.201451,0.0,0.0,0.0,2941.903445,6000.0,1443.4332
C11066,300.782119,2590.95,2330.95,260.0,0.0,10000.0,3286.584674
C11067,1133.090254,85.92,0.0,85.92,551.078807,1200.0,0.0
C11068,5842.231445,452.59,241.53,211.06,786.62111,7500.0,4431.489516
C11069,7.980453,0.0,0.0,0.0,95.842922,9500.0,198.014471
C11070,4677.242936,125.0,0.0,125.0,2406.229924,5000.0,1087.866649
C11071,1095.27596,119.0,119.0,0.0,54.739913,1200.0,365.05305
C11072,6432.685892,0.0,0.0,0.0,3249.062265,7000.0,1549.916395
C11073,328.242971,1555.66,1023.9,531.76,0.0,3500.0,1052.275904
C11074,448.788728,32.38,32.38,0.0,545.642707,5000.0,0.0
C11075,209.178326,34.0,19.0,15.0,0.0,6000.0,635.909695
C11076,1463.302373,0.0,0.0,0.0,586.02924,17000.0,17194.62756
C11077,7024.269179,130.4,0.0,130.4,1916.534565,10200.0,0.0
C11078,68.690623,734.37,59.0,675.37,0.0,10500.0,837.517806
C11079,1268.144319,0.0,0.0,0.0,1331.166485,1500.0,499.961286
C11080,28.329892,292.59,292.59,0.0,0.0,5000.0,0.0
C11081,140.349336,1042.52,1042.52,0.0,0.0,6000.0,3212.647061
C11082,1838.106824,2682.25,2632.4,49.85,188.36824,4500.0,1891.062946
C11083,1688.534078,280.0,280.0,0.0,49.117804,1800.0,547.982657
C11084,1048.067171,0.0,0.0,0.0,158.347647,1200.0,369.895952
C11085,4862.641586,1302.37,1302.37,0.0,1279.629012,6000.0,1723.432154
C11086,554.289791,90.0,90.0,0.0,0.0,7000.0,414.117463
C11087,65.645186,735.69,85.5,650.19,0.0,3000.0,1302.778971
C11088,1389.598597,6058.03,3391.88,2666.15,3517.94774,4000.0,6528.829703
C11089,230.161419,750.05,160.05,590.0,0.0,14000.0,1207.021598
C11090,56.536572,499.92,0.0,499.92,0.0,3000.0,496.551862
C11091,39.37618,256.5,0.0,256.5,0.0,1200.0,164.37267
C11092,52.0899,230.15,230.15,0.0,0.0,1600.0,0.0
C11093,224.937583,1956.8,105.8,1851.0,0.0,10000.0,1908.733611
C11094,8823.284205,3719.0,2293.18,1425.82,29282.10915,15500.0,28150.97869
C11095,1005.332554,0.0,0.0,0.0,19.503826,1200.0,347.446739
C11096,160.852061,4704.98,2017.22,2687.76,0.0,4500.0,4372.542801
C11097,1594.527848,60.0,60.0,0.0,97.854366,1800.0,422.765741
C11098,5961.863054,320.08,64.03,256.05,3134.417004,7000.0,1894.746827
C11099,864.975705,66.7,66.7,0.0,75.254745,1000.0,413.167127
C11100,2683.746154,130.0,130.0,0.0,0.0,4500.0,610.42602
C11101,6.914784,71.4,0.0,71.4,0.0,2000.0,21.55251
C11102,1747.11949,285.45,285.45,0.0,1429.489972,3000.0,420.862309
C11103,4069.525304,259.84,211.51,48.33,1731.958401,7500.0,1105.027682
C11104,601.369472,35.8,35.8,0.0,0.0,750.0,255.502079
C11105,1050.92679,150.0,0.0,150.0,114.462798,1000.0,238.619393
C11106,62.635576,611.31,0.0,611.31,0.0,1500.0,514.6675
C11107,814.269404,0.0,0.0,0.0,1175.358928,1200.0,257.187514
C11108,1026.874467,153.96,153.96,0.0,0.0,8500.0,1676.090994
C11109,42.125651,453.89,453.89,0.0,0.0,6500.0,793.296498
C11110,367.596554,0.0,0.0,0.0,1078.247446,1200.0,274.204055
C11111,3409.130731,0.0,0.0,0.0,4459.741851,6000.0,2203.045653
C11112,15.216647,133.0,133.0,0.0,0.0,1200.0,780.127863
C11113,206.305547,1594.0,1084.0,510.0,0.0,4500.0,1605.613993
C11114,3892.22326,929.99,453.0,476.99,558.732109,6500.0,951.737085
C11115,39.274052,431.49,431.49,0.0,0.0,1500.0,745.768447
C11116,413.987831,985.79,892.8,92.99,0.0,3000.0,887.885624
C11117,1549.600093,0.0,0.0,0.0,181.45033,5000.0,793.363907
C11118,8.640998,0.0,0.0,0.0,2777.200448,6000.0,11267.69478
C11119,85.79793,931.98,289.03,642.95,0.0,7500.0,875.423848
C11120,48.157955,648.24,286.0,362.24,0.0,2000.0,753.720188
C11121,4184.915498,0.0,0.0,0.0,3757.68359,5000.0,0.0
C11122,4046.574741,1757.44,242.89,1514.55,19.677306,4500.0,1721.705144
C11123,1522.831212,0.0,0.0,0.0,1883.483223,5000.0,1110.576652
C11124,2016.049201,1372.57,620.77,751.8,3806.758546,5500.0,3582.470327
C11125,72.251911,665.5,228.0,437.5,0.0,4000.0,1443.726409
C11126,5336.743176,680.97,680.97,0.0,4037.626724,8500.0,1272.722158
C11128,7.527502,65.75,0.0,65.75,0.0,4000.0,187.936242
C11129,1262.88817,313.02,210.5,102.52,1381.613303,1500.0,1960.519301
C11130,1850.509525,0.0,0.0,0.0,218.731138,2000.0,498.436823
C11131,3019.820556,1158.28,0.0,1158.28,538.243002,7500.0,804.815422
C11132,1382.240511,113.03,0.0,113.03,3688.794183,3000.0,2780.931453
C11133,6.338717,171.0,171.0,0.0,0.0,4000.0,495.808559
C11134,3676.070324,2255.1,1216.81,1038.29,106.449005,3500.0,2055.087209
C11135,451.076499,32.25,0.0,32.25,0.0,1800.0,0.0
C11136,5858.94756,896.18,896.18,0.0,4222.003137,7000.0,3948.663657
C11137,35.578362,464.51,133.0,331.51,0.0,3000.0,452.522327
C11138,153.162696,1198.2,0.0,1198.2,0.0,7000.0,1108.354624
C11139,3140.698358,1961.78,1107.29,854.49,0.0,6000.0,5361.346807
C11140,2239.937878,90.0,90.0,0.0,966.33053,3500.0,518.134344
C11141,510.233775,436.74,436.74,0.0,0.0,3500.0,484.285337
C11142,683.971012,294.0,145.0,149.0,281.669381,3500.0,1578.37444
C11143,703.053063,335.99,0.0,335.99,956.578904,7500.0,2300.799763
C11145,3508.560867,0.0,0.0,0.0,2251.744713,9000.0,4508.112909
C11146,8115.039014,383.42,0.0,383.42,0.0,11000.0,1982.542865
C11148,4294.953211,0.0,0.0,0.0,7700.897042,7000.0,3129.359671
C11149,256.433357,206.35,0.0,206.35,0.0,1000.0,689.933057
C11150,297.985886,116.18,7.78,108.4,0.0,1000.0,1178.583629
C11151,1386.020611,0.0,0.0,0.0,2168.900998,6000.0,1736.121099
C11152,5311.877259,299.94,0.0,299.94,6351.312685,6000.0,7105.878792
C11153,417.878821,364.0,364.0,0.0,0.0,5000.0,1039.551142
C11154,94.241684,1019.34,0.0,1019.34,0.0,5000.0,1014.359244
C11155,0.48805,121.0,0.0,121.0,0.0,13000.0,239.482389
C11156,293.029263,3094.97,185.0,2909.97,0.0,14500.0,2543.550697
C11157,857.843162,0.0,0.0,0.0,2132.754414,7500.0,980.396237
C11158,4688.103434,0.0,0.0,0.0,357.129377,5000.0,981.149809
C11159,1373.174839,215.0,0.0,215.0,0.0,8500.0,598.012696
C11161,2730.843802,2900.0,2900.0,0.0,0.0,2900.0,0.0
C11162,661.423035,1109.53,630.01,479.52,952.743339,7500.0,3137.508664
C11163,749.127741,80.3,80.3,0.0,490.432946,1950.0,214.230371
C11164,2391.843543,3279.57,777.63,2501.94,0.0,5000.0,1226.566229
C11165,677.188172,3777.59,3777.59,0.0,329.214459,4000.0,5499.745992
C11166,26.787185,114.0,114.0,0.0,0.0,1200.0,333.794157
C11167,20.962217,290.36,0.0,290.36,0.0,10000.0,255.56413
C11169,952.51575,129.95,129.95,0.0,0.0,1500.0,1791.01792
C11170,6090.522273,22.16,22.16,0.0,0.0,9000.0,568.7811
C11171,0.0,12.65,0.0,12.65,0.0,5000.0,0.0
C11172,987.584177,0.0,0.0,0.0,185.647722,1200.0,448.68922
C11173,51.422178,0.0,0.0,0.0,1504.179802,5500.0,1444.167453
C11174,2136.082193,0.0,0.0,0.0,2956.073884,6500.0,1943.803344
C11175,3551.355769,1283.65,729.65,554.0,883.345734,5500.0,2244.998109
C11176,1306.436456,0.0,0.0,0.0,309.560735,1500.0,349.408692
C11177,710.199118,3442.08,2718.42,723.66,0.0,7000.0,3082.037592
C11178,2847.608209,1399.05,383.05,1016.0,0.0,7500.0,1094.003828
C11179,1596.02939,466.18,175.6,290.58,38.321808,1500.0,463.861161
C11180,4461.155061,190.0,190.0,0.0,454.804237,5000.0,1240.620735
C11181,2861.137399,0.0,0.0,0.0,265.06559,3000.0,752.365473
C11182,1180.758966,1274.54,396.24,878.3,0.0,4500.0,1351.787519
C11184,4613.570499,0.0,0.0,0.0,1728.341939,6000.0,922.218961
C11185,126.121035,590.0,590.0,0.0,0.0,2500.0,1471.72027
C11186,7638.382236,0.0,0.0,0.0,1405.776254,15500.0,2284.390267
C11187,1931.821799,120.0,120.0,0.0,0.0,2100.0,476.682076
C11188,5538.646971,460.57,460.57,0.0,2661.970456,9500.0,1253.713151
C11189,1818.441161,904.3,0.0,904.3,0.0,1700.0,1251.158216
C11190,4550.717687,2094.99,1357.0,737.99,2392.186586,7600.0,3172.264416
C11192,741.294747,7096.36,4287.78,2808.58,0.0,7500.0,6642.324858
C11193,802.618739,2860.32,2435.82,424.5,0.0,4500.0,2024.536409
C11195,645.299519,1310.84,690.0,620.84,76.361029,2500.0,1402.76066
C11196,42.366061,463.32,0.0,463.32,0.0,6500.0,499.856766
C11197,2127.069602,743.38,743.38,0.0,0.0,2100.0,1047.607919
C11198,34.207779,2483.26,2483.26,0.0,0.0,10000.0,29272.48607
C11199,76.059828,927.1,927.1,0.0,0.0,1500.0,906.712652
C11200,25.659372,951.1,951.1,0.0,0.0,6000.0,865.208858
C11201,269.309231,280.25,0.0,280.25,0.0,2500.0,176.415802
C11202,230.823876,1842.33,0.0,1842.33,0.0,3000.0,1651.128297
C11203,6.903243,145.01,0.0,145.01,0.0,3000.0,162.930205
C11204,537.002861,2275.97,2275.97,0.0,203.752607,3000.0,1575.697754
C11205,3222.221884,356.4,356.4,0.0,1709.973124,3500.0,835.314447
C11206,7370.257624,0.0,0.0,0.0,1194.995991,7500.0,2278.457657
C11207,20.889413,244.2,0.0,244.2,0.0,4000.0,541.817138
C11208,74.568421,600.0,200.0,400.0,0.0,6000.0,1307.801313
C11209,1.059103,25.5,25.5,0.0,0.0,5500.0,563.748018
C11210,1109.366186,348.78,348.78,0.0,46.656862,1200.0,438.733395
C11211,1114.122532,348.47,224.31,124.16,99.20189,1200.0,631.49296
C11212,348.965773,1019.4,444.4,575.0,0.0,1000.0,214.987376
C11213,949.259857,0.0,0.0,0.0,59.80774,1000.0,169.264551
C11214,6306.501319,205.03,0.0,205.03,270.445198,14000.0,1646.635328
C11215,1393.527992,0.0,0.0,0.0,1829.287087,9000.0,638.403004
C11216,364.140613,1462.38,1462.38,0.0,0.0,2500.0,1858.4353
C11217,72.706076,508.56,508.56,0.0,0.0,7000.0,2197.473031
C11219,1688.521097,0.0,0.0,0.0,2863.918199,3000.0,3572.27487
C11220,229.913693,2406.77,1955.67,451.1,0.0,10000.0,2239.201417
C11221,123.791796,1202.5,0.0,1202.5,0.0,2500.0,1623.347254
C11222,1786.707643,0.0,0.0,0.0,1835.162486,3000.0,1612.796944
C11223,971.681565,133.31,0.0,133.31,148.475392,1000.0,496.155153
C11224,3959.912911,0.0,0.0,0.0,158.159923,4000.0,701.794235
C11225,1771.028068,360.0,360.0,0.0,1836.07301,5000.0,4681.869188
C11226,543.350448,0.0,0.0,0.0,3493.29196,6000.0,7158.478105
C11227,189.969435,2071.55,2001.55,70.0,47.875577,9000.0,1679.943402
C11228,214.610294,496.0,0.0,496.0,0.0,2500.0,739.051121
C11229,4.620029,59.67,0.0,59.67,0.0,3000.0,60.665896
C11230,32.779456,212.58,160.48,52.1,279.524631,1500.0,338.58363
C11231,2191.369256,1197.2,869.06,328.14,0.0,4500.0,1643.269684
C11232,6.824905,0.0,0.0,0.0,1150.890874,1200.0,0.0
C11233,23.150437,0.0,0.0,0.0,3947.583198,4000.0,0.0
C11234,1893.611922,22746.81,15795.42,6951.39,0.0,18000.0,22558.28457
C11235,230.936733,0.0,0.0,0.0,1364.395327,3000.0,4024.820049
C11236,42.585012,534.26,256.0,278.26,2395.944665,7000.0,3391.718043
C11237,1060.385693,5327.61,5327.61,0.0,3467.977927,6000.0,8412.649548
C11238,867.728471,41.07,0.0,41.07,0.0,3000.0,1409.282903
C11239,8884.816576,1233.58,1233.58,0.0,13674.24402,13000.0,5574.916601
C11240,77.273142,963.61,0.0,963.61,0.0,3500.0,1218.480845
C11241,915.981419,2037.24,1587.24,450.0,0.0,3500.0,411.176707
C11242,177.355165,1179.3,997.3,182.0,0.0,7500.0,815.01939
C11243,653.004882,2035.29,1259.58,775.71,0.0,9500.0,7590.280949
C11244,3322.31489,676.0,601.0,75.0,0.0,10000.0,867.587298
C11245,49.022296,480.27,0.0,480.27,0.0,2500.0,636.766732
C11246,5022.775729,2117.05,1947.05,170.0,0.0,7000.0,1588.794697
C11247,2.451938,37.75,0.0,37.75,0.0,4000.0,426.039083
C11248,39.977967,432.05,432.05,0.0,0.0,10000.0,1282.534281
C11249,247.063258,1448.74,0.0,1448.74,0.0,5000.0,1313.816616
C11250,1327.775159,534.93,0.0,534.93,114.667852,1500.0,578.744266
C11251,2372.842569,218.0,218.0,0.0,0.0,6500.0,529.808323
C11252,2705.149599,328.61,247.95,80.66,6790.012504,7000.0,4724.801558
C11253,92.782518,921.82,921.82,0.0,0.0,1200.0,4644.142145
C11254,4.398104,76.0,76.0,0.0,0.0,1500.0,307.868817
C11255,9387.614011,0.0,0.0,0.0,7968.273359,12000.0,2202.134525
C11256,156.536773,1903.66,1788.08,115.58,0.0,9000.0,2093.551911
C11257,233.393741,2346.94,1829.5,517.44,0.0,4500.0,2029.208283
C11258,3597.728209,1043.0,0.0,1043.0,836.723952,6000.0,1222.771295
C11259,2.549291,322.98,322.98,0.0,0.0,9500.0,1210.429773
C11260,5630.793848,2743.66,2743.66,0.0,2638.893572,10500.0,1251.781578
C11261,1592.168416,0.0,0.0,0.0,15084.00852,4500.0,11382.3658
C11262,599.044829,6528.65,4859.87,1668.78,0.0,12000.0,5779.079513
C11263,5.801666,88.97,33.0,55.97,0.0,2720.0,620.204737
C11264,31.876386,311.05,311.05,0.0,0.0,6000.0,320.176291
C11265,41.620283,689.4,689.4,0.0,0.0,10000.0,718.15858
C11266,408.732898,0.0,0.0,0.0,4799.003911,5000.0,19666.29097
C11267,5.260527,263.16,0.0,263.16,0.0,6000.0,385.107859
C11268,238.184435,2068.15,0.0,2068.15,0.0,4000.0,2143.223171
C11269,3437.033859,1858.7,1858.7,0.0,3569.688273,9000.0,6062.441603
C11270,341.467517,3446.96,2831.62,615.34,0.0,10500.0,3273.239834
C11271,2500.029691,1103.5,1103.5,0.0,804.71643,8500.0,617.471865
C11272,1.019189,87.02,0.0,87.02,0.0,15500.0,0.0
C11273,6477.2996,0.0,0.0,0.0,2436.195048,11500.0,2480.091913
C11274,1037.653522,584.4,0.0,584.4,0.0,1200.0,572.911937
C11275,1134.726574,0.0,0.0,0.0,19.555003,1200.0,78.603131
C11276,1564.180333,942.22,773.6,168.62,397.71148,2200.0,2852.584209
C11277,55.58459,395.05,150.05,245.0,0.0,5500.0,531.9538
C11278,61.109731,438.8,0.0,438.8,0.0,1500.0,367.594796
C11279,5.340221,35.97,35.97,0.0,0.0,2000.0,83.093843
C11280,2593.115716,0.0,0.0,0.0,3553.203852,6000.0,2420.926404
C11281,12.40875,85.5,85.5,0.0,0.0,1500.0,414.010478
C11282,1548.224072,696.63,696.63,0.0,0.0,1800.0,588.329981
C11283,1547.154381,0.0,0.0,0.0,39.346045,1700.0,438.446345
C11284,527.965041,2808.2,1332.96,1475.24,0.0,7000.0,2823.313675
C11285,998.231433,1622.23,872.26,749.97,0.0,2500.0,987.085976
C11286,5220.637076,2911.02,1647.3,1263.72,1992.386858,6000.0,2044.047768
C11287,395.81907,37.0,0.0,37.0,0.0,2500.0,243.495592
C11288,1739.666192,0.0,0.0,0.0,2878.737758,4500.0,5130.543752
C11289,1382.168038,0.0,0.0,0.0,190.767997,1500.0,598.968477
C11290,11.047149,180.5,0.0,180.5,0.0,4000.0,269.952974
C11291,1121.833202,2940.0,750.0,2190.0,0.0,3500.0,1279.460209
C11292,1222.083116,1492.21,722.91,769.3,0.0,7000.0,1409.156293
C11293,3850.206279,2434.5,2372.1,62.4,6742.419844,9000.0,6120.323572
C11294,51.640786,434.72,99.0,335.72,0.0,4500.0,998.961098
C11295,621.386746,178.83,178.83,0.0,913.392266,1200.0,96.011391
C11296,1096.949604,227.55,227.55,0.0,0.0,2500.0,397.836763
C11297,75.039332,588.05,588.05,0.0,0.0,9000.0,707.386471
C11298,939.102758,0.0,0.0,0.0,3470.939551,4000.0,501.827788
C11299,2321.846501,2675.0,2675.0,0.0,2357.962605,2500.0,5458.081568
C11300,4010.621974,40040.71,24543.52,15497.19,0.0,18000.0,33994.72785
C11301,139.511394,1247.75,137.84,1109.91,404.441902,5000.0,2017.650301
C11302,25.698927,244.0,0.0,244.0,197.3778,7000.0,383.150843
C11303,1856.590921,0.0,0.0,0.0,2622.293367,3000.0,2356.790318
C11304,18.776309,59.0,59.0,0.0,0.0,1200.0,127.623057
C11305,2596.455261,0.0,0.0,0.0,1689.711942,3000.0,714.50351
C11306,6619.14864,35.92,0.0,35.92,0.0,13500.0,2071.643344
C11307,317.657562,4398.35,4398.35,0.0,0.0,16500.0,4028.380624
C11308,6912.431438,1483.9,1483.9,0.0,4848.111338,14500.0,2701.466431
C11309,12.00682,126.0,0.0,126.0,0.0,3000.0,171.837196
C11310,173.940108,958.5,958.5,0.0,404.991463,16000.0,3213.848412
C11311,661.199437,150.0,150.0,0.0,1344.227865,2500.0,290.372365
C11312,12.659909,5252.04,2501.0,2751.04,0.0,7350.0,4086.011768
C11313,2425.836071,3502.99,2968.85,534.14,0.0,7000.0,3871.983102
C11314,27.263365,231.0,0.0,231.0,0.0,5000.0,174.589426
C11315,208.19101,2395.88,1516.09,879.79,0.0,5000.0,2131.759516
C11316,12.654903,120.0,0.0,120.0,0.0,4500.0,291.598507
C11317,1727.333496,560.75,168.65,392.1,0.0,2500.0,509.825296
C11318,1727.295159,719.76,626.53,93.23,0.0,1800.0,724.437944
C11319,801.110294,4276.89,1734.5,2542.39,0.0,7500.0,4750.947157
C11320,144.129221,949.59,272.0,677.59,0.0,4000.0,999.711434
C11321,1497.129794,2571.48,1867.92,703.56,0.0,2500.0,3177.11973
C11322,1770.072581,0.0,0.0,0.0,781.616559,2500.0,1390.781416
C11323,43.124063,491.43,491.43,0.0,0.0,2100.0,714.720575
C11324,200.971458,569.68,291.7,277.98,0.0,4000.0,311.300085
C11325,3.574463,576.0,0.0,576.0,0.0,1000.0,498.788091
C11326,5086.333429,548.89,548.89,0.0,7298.31132,8500.0,7327.589749
C11327,1469.212816,220.69,64.09,156.6,0.0,2000.0,416.172003
C11328,80.054576,315.0,315.0,0.0,0.0,300.0,1054.977467
C11329,249.140601,655.94,223.0,432.94,0.0,10500.0,907.604425
C11330,505.313231,4471.79,2875.13,1596.66,298.025242,14500.0,4393.043928
C11331,396.419487,4349.34,4349.34,0.0,0.0,5000.0,4381.453625
C11332,5858.617133,2761.41,2484.65,276.76,0.0,11000.0,1919.207449
C11334,1790.707374,1368.0,1368.0,0.0,2126.381193,3500.0,672.614794
C11335,2006.218006,4572.63,3484.5,1088.13,0.0,6500.0,1670.202477
C11336,4609.210475,335.0,335.0,0.0,0.0,6000.0,6344.618447
C11337,123.089579,1150.78,1127.78,23.0,0.0,14500.0,1035.0287
C11338,3950.9879,699.44,699.44,0.0,444.077396,4000.0,994.405792
C11339,2628.511837,273.0,273.0,0.0,342.874785,7500.0,4613.45321
C11340,31.473181,220.5,220.5,0.0,0.0,3750.0,1199.475254
C11341,421.475963,2218.26,0.0,2218.26,0.0,4500.0,2031.739917
C11342,5561.206188,1120.29,965.09,155.2,0.0,6000.0,2013.621078
C11343,2138.185971,45.65,45.65,0.0,0.0,2500.0,728.892219
C11344,275.956562,1943.1,1644.79,298.31,0.0,1800.0,5018.330901
C11345,2894.348509,657.71,310.7,347.01,3384.772636,3500.0,3166.765636
C11346,15.173238,316.91,316.91,0.0,0.0,11000.0,348.334373
C11347,541.240795,5999.95,4104.58,1895.37,0.0,16000.0,6850.328106
C11348,1426.870236,0.0,0.0,0.0,98.687898,1500.0,324.97095
C11349,373.243163,3603.23,3603.23,0.0,0.0,6000.0,4752.699763
C11350,3892.352781,6068.82,5368.71,700.11,1806.05694,7500.0,4417.82569
C11351,1172.344218,454.21,0.0,454.21,0.0,1000.0,447.202927
C11352,1786.846869,0.0,0.0,0.0,9177.926262,6000.0,4203.245105
C11353,272.7004,3298.55,2520.55,778.0,0.0,16000.0,3629.836534
C11354,68.845891,853.44,603.84,249.6,0.0,11500.0,789.202649
C11355,120.964472,0.0,0.0,0.0,916.399522,1200.0,997.765267
C11356,2415.412234,3313.65,1938.44,1375.21,843.735376,8500.0,858.81107
C11357,50.435246,553.73,553.73,0.0,0.0,13000.0,371.23017
C11358,1094.221693,35.0,35.0,0.0,18.804195,1200.0,348.094372
C11359,2249.731727,2598.54,1941.08,657.46,0.0,9000.0,1152.945008
C11360,3007.093879,0.0,0.0,0.0,2374.346946,3500.0,878.602529
C11361,3143.23132,255.08,129.52,125.56,0.0,5500.0,734.825068
C11362,1392.814234,845.51,773.17,72.34,0.0,1700.0,622.228025
C11363,7994.33168,224.51,0.0,224.51,694.278513,13000.0,1885.941844
C11364,3661.051976,764.0,515.45,248.55,1203.317833,9000.0,872.241096
C11365,910.682404,0.0,0.0,0.0,1435.307385,1500.0,1687.978206
C11366,779.500096,689.4,689.4,0.0,0.0,7000.0,1663.032141
C11367,245.199649,2241.84,2241.84,0.0,0.0,6000.0,2033.297863
C11368,1279.305202,2071.7,2071.7,0.0,2684.141722,2500.0,2792.076889
C11369,57.862875,579.0,0.0,579.0,0.0,5000.0,2124.54787
C11370,1200.435451,886.56,661.56,225.0,0.0,1200.0,1118.707982
C11371,1152.710352,1392.0,1062.0,330.0,0.0,9500.0,1147.368802
C11372,2767.251585,0.0,0.0,0.0,993.847669,6000.0,790.443616
C11373,3013.581545,0.0,0.0,0.0,218.091392,3000.0,729.037137
C11374,363.344239,665.86,234.98,430.88,0.0,4000.0,1734.889908
C11375,4657.477375,237.52,237.52,0.0,1271.94319,4500.0,1613.851352
C11376,341.456099,2091.44,1242.9,848.54,0.0,3000.0,2252.250986
C11377,7656.390367,0.0,0.0,0.0,2678.769331,8000.0,2020.91393
C11378,5729.703345,265.0,265.0,0.0,3543.64492,14000.0,11707.95352
C11379,0.0,300.0,0.0,300.0,0.0,2500.0,0.0
C11380,6733.58763,280.0,0.0,280.0,3048.091637,11000.0,1713.576478
C11381,4359.126852,0.0,0.0,0.0,647.542041,4500.0,972.402021
C11382,18.898762,212.5,0.0,212.5,0.0,1000.0,275.063898
C11383,325.47428,3030.4,1358.32,1672.08,92.358043,3000.0,3117.11898
C11384,162.905422,1600.0,0.0,1600.0,0.0,6000.0,2733.152899
C11385,80.363442,2370.44,47.5,2322.94,0.0,1500.0,2373.35922
C11386,5924.719712,246.56,246.56,0.0,6603.192752,12000.0,2294.481074
C11387,5161.854898,4542.33,4051.67,490.66,0.0,7500.0,3376.37909
C11388,319.388468,1674.9,689.23,985.67,0.0,7500.0,1907.796411
C11389,61.976914,401.63,401.63,0.0,0.0,6000.0,806.587482
C11390,5608.513514,0.0,0.0,0.0,4362.927953,11000.0,1648.391392
C11391,661.135323,568.81,141.69,427.12,618.55338,1700.0,239.759567
C11392,130.977369,527.0,415.0,112.0,0.0,7500.0,493.086038
C11394,831.404268,0.0,0.0,0.0,5579.552147,3500.0,8450.958983
C11395,2153.498372,5428.77,3064.59,2364.18,2399.569867,12500.0,4059.3757
C11396,7886.875682,968.26,734.32,233.94,3528.821853,9500.0,2016.609163
C11397,148.826903,3386.58,3386.58,0.0,47.494639,16500.0,4474.571671
C11398,15.730229,163.24,55.0,108.24,0.0,1200.0,179.844127
C11399,177.268927,429.88,429.88,0.0,0.0,7000.0,1590.946442
C11400,20.933565,295.32,0.0,295.32,0.0,3000.0,315.301272
C11401,920.872172,296.64,130.0,166.64,944.088231,1200.0,119.369967
C11402,4240.449485,2798.36,2798.36,0.0,48.46298,4500.0,539.231042
C11403,4427.994044,1039.49,876.49,163.0,621.991582,11500.0,1110.44826
C11404,187.2126,1807.08,967.08,840.0,0.0,10000.0,1681.194004
C11405,9680.188434,0.0,0.0,0.0,2034.051299,12000.0,2428.847512
C11406,1186.928037,2178.0,1546.5,631.5,0.0,7000.0,2565.252377
C11407,85.053515,1244.7,1018.98,225.72,1073.640822,16000.0,2326.997535
C11408,2054.372848,833.28,0.0,833.28,0.0,4000.0,1020.782939
C11409,60.835983,1151.45,0.0,1151.45,0.0,4000.0,1499.855842
C11410,1438.46998,0.0,0.0,0.0,88.409075,1500.0,298.435921
C11411,5745.78949,0.0,0.0,0.0,965.726556,13500.0,1684.800793
C11412,746.693629,615.2,0.0,615.2,0.0,1000.0,1693.123192
C11413,4183.877488,353.75,0.0,353.75,4137.147297,9000.0,8713.847904
C11414,1140.787563,2796.54,2096.49,700.05,0.0,4500.0,2139.874585
C11415,281.469522,2500.03,2170.26,329.77,0.0,12000.0,2463.043567
C11416,73.507271,890.45,890.45,0.0,0.0,8500.0,999.607298
C11417,2297.696272,2764.0,2590.0,174.0,284.17727,6000.0,651.887762
C11418,1064.037564,55.52,0.0,55.52,0.0,4000.0,2427.690302
C11419,2792.534256,9661.37,9661.37,0.0,0.0,8500.0,6000.763458
C11420,606.246031,3876.0,2380.0,1496.0,914.843621,6500.0,1745.666361
C11421,65.253182,1027.41,1027.41,0.0,0.0,6000.0,1558.234063
C11422,73.532797,1185.3,661.3,524.0,215.945221,2500.0,1558.325533
C11423,23.956905,186.05,186.05,0.0,0.0,16500.0,410.798862
C11424,4098.215967,0.0,0.0,0.0,1665.296793,7500.0,922.08551
C11425,1916.470203,380.0,0.0,380.0,0.0,8500.0,577.247923
C11426,21.639571,191.7,0.0,191.7,0.0,7000.0,3692.246322
C11427,841.398158,860.2,264.35,595.85,0.0,15500.0,1198.790549
C11428,3857.747562,777.92,391.45,386.47,274.019905,6500.0,5845.78102
C11429,1920.231187,167.08,167.08,0.0,132.902662,2300.0,625.532634
C11430,304.664917,2601.67,2508.57,93.1,0.0,4000.0,2875.007088
C11431,1.753241,0.0,0.0,0.0,390.92983,3000.0,704.789521
C11432,1.599053,188.0,188.0,0.0,149.167024,3000.0,356.465959
C11433,7422.444145,148.29,148.29,0.0,9313.095186,9000.0,2299.218749
C11434,198.31397,487.61,487.61,0.0,0.0,3000.0,90.1719
C11435,2712.176691,0.0,0.0,0.0,1835.81077,3000.0,659.76111
C11436,14.434808,237.48,0.0,237.48,0.0,2500.0,216.922698
C11437,1376.24407,0.0,0.0,0.0,501.208665,1500.0,685.228947
C11438,164.684836,622.9,622.9,0.0,464.882608,3000.0,825.929531
C11439,2837.112414,0.0,0.0,0.0,99.965503,8000.0,660.781751
C11440,931.047119,494.0,444.0,50.0,0.0,4000.0,415.139393
C11441,438.753147,1252.1,1057.1,195.0,0.0,6500.0,867.534492
C11442,364.398745,1087.66,561.06,526.6,0.0,3000.0,763.738703
C11443,2135.365916,0.0,0.0,0.0,1884.671403,3000.0,565.655851
C11444,27.164388,554.35,464.63,89.72,0.0,3000.0,446.722613
C11445,468.693449,4930.68,4012.0,918.68,0.0,12000.0,4552.742211
C11446,1080.956258,386.78,386.78,0.0,2208.470306,2600.0,3078.374295
C11447,2849.47477,574.92,0.0,574.92,0.0,2500.0,3909.150905
C11448,584.287125,0.0,0.0,0.0,918.151142,1000.0,1029.191073
C11449,3304.829014,2577.7,2577.7,0.0,0.0,5000.0,1411.392046
C11450,39.665224,265.92,0.0,265.92,0.0,2000.0,295.676965
C11451,83.279708,899.73,899.73,0.0,0.0,8000.0,1846.833247
C11452,227.636073,3050.64,1070.12,1980.52,0.0,8000.0,2597.767395
C11453,928.666372,0.0,0.0,0.0,1148.992175,1000.0,1374.841601
C11454,57.764354,454.2,0.0,454.2,0.0,10500.0,712.993271
C11455,116.626679,533.99,178.8,355.19,0.0,4000.0,606.890738
C11456,8787.333948,0.0,0.0,0.0,7446.549595,12000.0,1919.111579
C11457,4007.32326,3333.95,1317.01,2016.94,513.286838,6000.0,6967.667428
C11458,972.665818,10549.19,9180.41,1368.78,0.0,9000.0,10114.18854
C11459,697.525591,462.38,45.65,416.73,345.3272,1000.0,134.938594
C11460,4279.153917,1006.17,1006.17,0.0,0.0,7500.0,836.921157
C11461,920.922411,1227.93,459.55,768.38,0.0,8500.0,2219.82375
C11463,3308.148118,3767.75,160.0,3607.75,2567.221138,3000.0,3396.558042
C11464,19.945714,170.0,170.0,0.0,0.0,6500.0,734.613034
C11466,868.98325,1104.65,1104.65,0.0,1180.074937,1800.0,1962.562543
C11467,0.001214,0.0,0.0,0.0,39.610415,7500.0,231.081616
C11468,311.357,2283.07,2283.07,0.0,0.0,9000.0,2395.548466
C11469,21.986298,568.78,208.78,360.0,0.0,3800.0,1448.573986
C11470,1245.890862,5380.3,3976.99,1403.31,0.0,4500.0,6133.623121
C11471,867.444685,8751.49,6206.99,2544.5,0.0,4000.0,8622.953253
C11472,8625.355309,1945.95,0.0,1945.95,8004.403258,12000.0,3732.923009
C11473,31.973194,94.53,94.53,0.0,0.0,2100.0,114.614967
C11474,112.973151,0.0,0.0,0.0,152.483846,6000.0,552.938783
C11475,1337.162883,4544.48,2384.44,2160.04,0.0,7500.0,3394.95009
C11476,1738.553751,0.0,0.0,0.0,90.195376,1800.0,440.33622
C11477,449.556041,143.0,143.0,0.0,1135.028534,5000.0,4723.998143
C11478,1227.548135,322.0,0.0,322.0,0.0,1000.0,133.36143
C11479,48.213487,403.1,403.1,0.0,0.0,7000.0,341.196389
C11480,58.949864,2074.57,998.17,1076.4,0.0,6000.0,1694.490864
C11481,1367.479599,12375.0,0.0,12375.0,0.0,16500.0,15246.11594
C11482,2920.392514,2673.73,1221.6,1452.13,5573.509394,15000.0,3319.325665
C11483,6462.461789,479.98,479.98,0.0,6700.497558,10500.0,2373.476104
C11484,1887.119184,2450.73,1450.73,1000.0,0.0,4200.0,1534.31902
C11485,67.32184,685.15,567.65,117.5,0.0,9000.0,526.120039
C11486,912.857498,831.03,93.0,738.03,0.0,5500.0,95.682798
C11487,961.391452,3783.25,2991.45,791.8,0.0,11000.0,1906.997697
C11488,1455.84622,592.82,450.49,142.33,433.604875,1500.0,1226.999404
C11489,44.687434,679.0,620.0,59.0,0.0,3750.0,717.927436
C11490,7103.925375,220.74,0.0,220.74,5315.271763,10500.0,2070.710343
C11491,2337.713483,773.7,773.7,0.0,0.0,9500.0,1004.760912
C11492,619.375758,6133.45,5932.61,200.84,0.0,7000.0,5505.517545
C11493,1168.007346,539.0,39.0,500.0,0.0,8500.0,946.105536
C11494,556.359504,1111.12,0.0,1111.12,0.0,2500.0,1248.404553
C11495,8151.985277,25615.07,25122.77,492.3,0.0,17000.0,17575.20083
C11496,1.198223,317.02,149.97,167.05,0.0,6000.0,304.637365
C11497,2492.985289,74.5,0.0,74.5,751.596843,2500.0,1577.510657
C11498,11431.78621,0.0,0.0,0.0,8641.998958,14500.0,3967.893848
C11499,4116.869029,0.0,0.0,0.0,5884.641102,10500.0,7310.396611
C11500,1117.368286,972.38,0.0,972.38,0.0,1900.0,667.050505
C11501,5705.19862,942.68,942.68,0.0,2432.714654,9000.0,10909.20512
C11502,916.63778,4627.8,2742.39,1885.41,0.0,16500.0,6083.511913
C11503,63.685705,690.84,0.0,690.84,0.0,2500.0,676.624615
C11504,965.605202,215.0,215.0,0.0,0.0,1000.0,398.080493
C11505,173.658581,1210.0,0.0,1210.0,0.0,1000.0,977.652258
C11506,4.382924,130.24,0.0,152.24,0.0,14000.0,28988.97388
C11507,1708.478796,1406.14,993.0,413.14,0.0,6500.0,449.234708
C11508,222.321892,2417.54,1709.14,708.4,0.0,8500.0,2222.490788
C11509,465.033038,247.36,247.36,0.0,5291.769326,8500.0,506.365178
C11510,6138.163709,0.0,0.0,0.0,7193.574138,11500.0,1337.056317
C11511,668.102701,4943.92,2300.09,2643.83,0.0,7000.0,4869.034025
C11512,4146.527042,178.0,178.0,0.0,764.579554,8500.0,911.108606
C11513,1687.08958,5094.17,4568.17,526.0,0.0,8000.0,3606.985963
C11514,1995.089853,8335.69,7400.85,934.84,0.0,7000.0,3348.095046
C11515,1818.447016,413.0,333.0,80.0,1819.479671,2000.0,757.096312
C11516,33.225168,655.15,595.42,59.73,109.490343,500.0,736.122329
C11517,1060.736973,0.0,0.0,0.0,2495.298926,3000.0,3812.753505
C11518,129.613905,1083.04,1083.04,0.0,0.0,5500.0,1958.462851
C11519,262.106758,2625.84,2625.84,0.0,0.0,4500.0,2489.949174
C11520,27.694103,474.96,0.0,474.96,0.0,7500.0,611.396021
C11522,294.381106,828.0,0.0,828.0,0.0,1000.0,542.108571
C11523,1895.786893,2131.31,510.65,1620.66,0.0,5500.0,1095.198415
C11524,2550.528085,0.0,0.0,0.0,3155.857852,3000.0,674.847656
C11526,2475.660894,440.0,440.0,0.0,0.0,10500.0,511.059528
C11527,1499.19943,3245.23,2870.33,374.9,0.0,8000.0,2961.631164
C11528,3181.996689,2046.06,1605.62,440.44,565.897178,10400.0,9801.637331
C11529,39.761286,2858.26,1027.72,1830.54,0.0,7500.0,3327.955123
C11530,22.794308,12.0,12.0,0.0,0.0,1600.0,119.909635
C11531,2118.52034,0.0,0.0,0.0,4675.289021,4000.0,1420.257435
C11532,2629.928623,2830.88,2019.76,811.12,95.275458,4500.0,4889.053647
C11533,1057.585071,1008.3,1008.3,0.0,0.0,1200.0,1083.253347
C11534,180.315352,1642.26,446.32,1195.94,47.031268,7000.0,1609.27261
C11536,2402.800575,0.0,0.0,0.0,481.288304,7000.0,3590.813278
C11537,3241.29164,1119.56,0.0,1119.56,4755.162871,12500.0,1441.367488
C11538,5868.206909,911.56,683.0,228.56,5761.320083,9000.0,1068.212206
C11539,937.434519,1124.88,1085.63,39.25,0.0,2500.0,993.196174
C11540,4804.072481,0.0,0.0,0.0,1116.128466,5000.0,1589.654582
C11541,1177.125233,8190.9,6949.66,1241.24,0.0,5000.0,7007.797351
C11542,4393.185874,0.0,0.0,0.0,10725.50074,8000.0,5943.975673
C11543,1695.84301,317.4,64.9,252.5,215.132661,1800.0,708.699641
C11544,1830.571451,737.67,737.67,0.0,1781.484344,2000.0,2338.783266
C11545,167.505508,1219.0,843.0,376.0,0.0,4500.0,1989.674433
C11546,1075.401912,150.0,150.0,0.0,0.0,1200.0,224.135558
C11547,392.992722,508.32,0.0,508.32,0.0,1500.0,168.998137
C11548,136.743106,1466.05,1344.79,121.26,0.0,6000.0,1519.011448
C11549,2619.752921,3563.07,2675.63,887.44,0.0,4500.0,1227.952887
C11550,432.385707,2171.86,1048.28,1123.58,138.67751,1200.0,1980.281176
C11551,4.392146,47.96,0.0,47.96,0.0,3000.0,250.20211
C11552,109.681353,2118.66,0.0,2118.66,0.0,3000.0,2272.075479
C11553,632.679411,1363.79,800.0,563.79,0.0,6000.0,2432.980638
C11554,3145.204423,3613.83,2752.76,861.07,0.0,5700.0,1241.075833
C11555,5925.82931,0.0,0.0,0.0,468.344852,6500.0,1402.586222
C11556,5227.616927,0.0,0.0,0.0,3819.594336,5200.0,4995.602345
C11557,3019.914063,0.0,0.0,0.0,397.601082,3300.0,626.302973
C11558,26.485924,256.44,0.0,256.44,0.0,1500.0,235.328971
C11559,950.717606,0.0,0.0,0.0,1304.763283,1500.0,1441.710359
C11560,75.012641,480.02,480.02,0.0,0.0,1950.0,485.738057
C11561,3156.418686,3471.99,2447.99,1024.0,1037.733925,4000.0,2482.014766
C11562,1229.938869,699.96,412.47,287.49,0.0,2250.0,1333.446631
C11563,1589.41431,118.79,118.79,0.0,2176.940929,4000.0,349.53025
C11564,1106.557102,1342.86,1149.91,192.95,3249.314496,6500.0,4421.574277
C11565,588.795215,4116.0,0.0,4116.0,0.0,21500.0,8130.112361
C11566,4627.588589,1774.46,1774.46,0.0,0.0,5200.0,864.174924
C11567,2766.561266,1469.05,1469.05,0.0,1585.242991,3000.0,591.132016
C11568,5363.715074,118.41,118.41,0.0,4344.905863,7000.0,1965.92346
C11569,2963.244696,0.0,0.0,0.0,5713.47546,7000.0,6310.629888
C11570,211.84382,2176.55,1043.31,1133.24,0.0,8000.0,1826.642642
C11571,903.031624,494.7,0.0,494.7,1111.69,1000.0,2210.461973
C11572,793.713659,1307.0,1307.0,0.0,0.0,3000.0,1533.10785
C11573,8281.348085,4231.12,3101.11,1130.01,0.0,10500.0,2856.165405
C11574,100.904785,1281.44,1202.44,79.0,0.0,12000.0,1271.161266
C11575,140.741786,1547.68,1459.59,88.09,0.0,7500.0,1157.317558
C11576,3947.749703,525.65,525.65,0.0,7714.493122,10000.0,918.584591
C11577,1981.929376,145.8,0.0,145.8,0.0,6000.0,2803.926679
C11578,975.946428,1572.42,783.03,789.39,1910.395479,1700.0,4024.595117
C11579,2807.729258,0.0,0.0,0.0,109.708511,3000.0,616.424424
C11580,2613.123168,0.0,0.0,0.0,609.316112,3000.0,592.143167
C11581,6.576315,74.49,0.0,74.49,0.0,4000.0,45.19561
C11582,778.475416,353.52,158.0,195.52,1183.478018,1500.0,219.322142
C11583,7170.30572,3109.28,2724.52,384.76,2560.207055,9500.0,2055.673322
C11585,1579.158781,4175.25,2095.35,2079.9,0.0,8000.0,1980.952607
C11586,131.459201,705.84,0.0,705.84,0.0,13500.0,669.589
C11587,1764.520491,100.0,100.0,0.0,440.715034,3000.0,3815.758864
C11588,1787.535327,0.0,0.0,0.0,5566.777503,7500.0,4592.708912
C11589,2769.640442,738.06,738.06,0.0,1273.269924,4500.0,740.45306
C11590,0.0,88.62,0.0,88.62,0.0,3500.0,58.761299
C11591,774.709467,462.0,0.0,462.0,864.137815,6000.0,703.328852
C11592,4533.066139,0.0,0.0,0.0,256.722556,8000.0,1588.74192
C11593,3044.194951,934.21,112.0,822.21,75.711826,3000.0,1268.702405
C11594,1101.085631,0.0,0.0,0.0,164.836712,1200.0,270.956427
C11595,18.218714,89.0,0.0,89.0,0.0,4000.0,1095.921001
C11596,7.472301,80.0,0.0,80.0,0.0,3000.0,168.885534
C11597,1258.079397,1242.46,778.61,463.85,1145.724422,4500.0,3169.465442
C11598,497.787017,114.54,114.54,0.0,1573.646488,1000.0,2060.33172
C11599,8767.5693,0.0,0.0,0.0,4582.065405,9000.0,1824.244866
C11600,843.357393,45.0,45.0,0.0,0.0,2000.0,304.408605
C11601,1080.667451,3895.67,697.85,3197.82,135.404437,6500.0,2571.280305
C11602,2945.285382,185.98,55.0,130.98,0.0,3000.0,1009.97564
C11603,3608.548972,1664.02,1620.6,43.42,3899.963528,5000.0,1043.772722
C11604,1209.733106,1298.56,169.9,1128.66,0.0,1200.0,1558.812198
C11605,21.664126,271.86,30.0,241.86,0.0,4000.0,263.919053
C11606,27.832009,366.6,0.0,366.6,0.0,5000.0,364.834065
C11607,1247.384513,405.5,138.5,267.0,0.0,6500.0,1131.607754
C11608,1052.127315,354.48,0.0,354.48,0.0,1000.0,571.417096
C11609,110.400892,486.72,0.0,486.72,0.0,1000.0,278.441988
C11610,3232.346639,0.0,0.0,0.0,172.063782,3500.0,664.715954
C11611,498.355964,2434.7,931.7,1503.0,0.0,4500.0,4242.383449
C11612,2774.249582,21802.6,21802.6,0.0,1771.824164,13000.0,22350.29247
C11613,2332.392373,306.36,0.0,306.36,0.0,7000.0,670.376849
C11614,3630.771485,0.0,0.0,0.0,10519.48252,9000.0,5171.793236
C11615,4676.575915,453.64,0.0,453.64,1984.010422,8000.0,1274.301021
C11616,39.477741,325.66,325.66,0.0,0.0,1000.0,288.039256
C11617,8.04034,176.85,176.85,0.0,0.0,6000.0,266.209837
C11618,83.004246,726.89,482.51,244.38,0.0,3000.0,666.292539
C11619,197.02206,3824.78,1722.51,2102.27,0.0,3000.0,3458.142743
C11621,223.818492,1702.42,725.0,977.42,0.0,7300.0,1913.220366
C11622,2270.429964,8257.26,6367.49,1889.77,4134.316549,13000.0,12080.20143
C11623,341.379209,426.92,426.92,0.0,36.144056,3000.0,595.682302
C11624,103.393689,0.0,0.0,0.0,1820.800715,3000.0,0.0
C11625,1050.527038,8880.59,2269.45,6611.14,0.0,8500.0,7713.262155
C11626,1033.394656,262.44,0.0,262.44,888.915071,2000.0,569.731828
C11627,0.0,2600.0,2600.0,0.0,0.0,6000.0,2437.260081
C11628,5805.32079,1724.75,1638.97,85.78,1878.058967,7500.0,1351.901655
C11629,167.35668,288.0,288.0,0.0,189.705758,6000.0,292.213876
C11630,5942.683036,976.45,897.45,79.0,1963.562252,9000.0,1659.876332
C11631,5559.733773,930.0,0.0,930.0,3639.817554,7500.0,2519.858893
C11632,2650.518784,503.0,128.0,375.0,0.0,3000.0,1229.096798
C11633,0.126562,0.0,0.0,0.0,47.222001,1200.0,119.790593
C11634,1.343207,19.08,0.0,19.08,0.0,7000.0,170.180973
C11635,1229.397644,11414.48,6754.38,4660.1,0.0,9000.0,9686.614183
C11636,1163.790341,517.0,517.0,0.0,0.0,1200.0,541.21958
C11637,2000.797758,1037.5,0.0,1037.5,0.0,7500.0,1864.665644
C11638,8809.504736,25378.36,20646.07,4732.29,0.0,14500.0,25825.32482
C11639,82.803156,756.68,597.35,159.33,0.0,4000.0,699.109729
C11640,343.674421,452.07,452.07,0.0,522.525877,1700.0,51.461732
C11641,171.616134,4996.17,4726.17,270.0,0.0,4500.0,4736.750346
C11642,417.841508,311.86,0.0,311.86,0.0,3000.0,802.93759
C11643,97.917955,824.31,0.0,824.31,0.0,7500.0,702.365795
C11644,6.08697,333.24,0.0,333.24,0.0,1500.0,224.061597
C11645,1.600479,513.24,0.0,513.24,0.0,2500.0,363.735397
C11646,70.457831,1146.59,650.78,495.81,0.0,4500.0,904.796957
C11647,1160.206649,1600.0,1400.0,200.0,0.0,2000.0,876.757279
C11648,4060.966003,823.1,407.0,416.1,0.0,11500.0,3347.328701
C11649,2714.595164,666.1,75.0,591.1,296.922557,8500.0,2055.474721
C11650,1212.812748,397.44,0.0,397.44,0.0,2000.0,1738.449943
C11651,48.822128,537.51,0.0,537.51,0.0,1000.0,478.875501
C11652,694.202818,0.0,0.0,0.0,1087.082047,1200.0,1721.925721
C11653,3478.592472,0.0,0.0,0.0,3757.973335,4000.0,611.537657
C11654,1191.662907,979.92,849.92,130.0,0.0,4350.0,278.328435
C11655,1552.772103,34.74,34.74,0.0,185.374726,3000.0,3125.652785
C11656,705.232653,1902.4,1669.8,232.6,0.0,900.0,1941.959847
C11657,3391.70218,38902.71,33803.84,5098.87,0.0,18000.0,35843.62593
C11658,1013.728552,3209.62,2797.99,411.63,953.600788,6000.0,4176.325274
C11659,22.728166,262.5,0.0,262.5,0.0,3500.0,301.677275
C11660,799.518482,339.96,0.0,339.96,830.316783,1000.0,361.021723
C11661,5344.347568,270.02,270.02,0.0,139.701781,6000.0,1467.932074
C11662,350.378913,3263.48,3263.48,0.0,0.0,7500.0,4547.760665
C11663,2763.049499,1921.85,1715.55,206.3,0.0,3050.0,1614.5512
C11664,4.383989,96.5,0.0,96.5,0.0,4500.0,217.143643
C11666,4954.880195,281.31,0.0,281.31,3056.622746,5500.0,1442.246195
C11667,1670.146578,3420.97,3420.97,0.0,0.0,2700.0,1164.552612
C11668,1728.275923,628.56,0.0,628.56,0.0,6000.0,1217.960916
C11669,1034.555485,5787.66,5093.0,694.66,0.0,2700.0,5651.220766
C11670,502.653982,4748.5,1845.75,2902.75,0.0,12000.0,4517.823754
C11671,1216.570617,5140.49,4882.68,257.81,0.0,4500.0,5671.221416
C11672,7611.152584,3707.79,3707.79,0.0,0.0,12000.0,4610.460803
C11673,25.414572,262.92,262.92,0.0,0.0,13000.0,280.367131
C11674,135.037323,270.0,0.0,270.0,0.0,3300.0,1760.310579
C11675,41.762859,0.0,0.0,0.0,1125.868686,12000.0,0.0
C11676,1563.747179,801.46,601.46,200.0,1029.987801,4000.0,2282.161389
C11677,1044.273707,1463.84,255.0,1208.84,262.147162,6700.0,2624.741492
C11678,8159.168439,2453.07,1845.55,607.52,3278.461198,15000.0,1698.958527
C11679,2403.75955,367.16,367.16,0.0,0.0,2600.0,687.263236
C11680,2876.009336,152.61,152.61,0.0,3719.650168,4000.0,248.342971
C11681,1237.673602,0.0,0.0,0.0,1962.749428,2000.0,589.980487
C11682,283.30016,461.36,0.0,461.36,0.0,9000.0,526.087388
C11683,7339.943073,0.0,0.0,0.0,9123.485636,9000.0,1314.192386
C11684,1226.122189,295.34,295.34,0.0,0.0,1200.0,439.233552
C11685,3515.039029,2924.08,1385.29,1538.79,7867.732492,4000.0,10693.27843
C11686,30.525356,384.95,384.95,0.0,0.0,14500.0,498.165923
C11687,1283.280303,0.0,0.0,0.0,5790.59647,3000.0,4073.172497
C11688,49.416158,590.0,350.0,240.0,0.0,6000.0,836.812414
C11689,1621.035373,23.21,0.0,23.21,0.0,2000.0,500.515114
C11690,1624.651156,0.0,0.0,0.0,2684.507978,6000.0,894.813551
C11691,5269.72399,682.57,669.47,13.1,0.0,7000.0,1771.172074
C11692,314.507915,3492.21,3195.21,297.0,0.0,8500.0,4089.583027
C11693,2150.212841,4096.08,3238.27,857.81,0.0,8500.0,587.669772
C11694,891.620777,0.0,0.0,0.0,159.673475,2000.0,593.110495
C11695,3454.094319,31299.35,19064.3,12235.05,0.0,7500.0,22542.58705
C11696,86.905609,1106.4,0.0,1106.4,440.972634,2500.0,1538.001397
C11697,1647.932117,0.0,0.0,0.0,93.690441,1800.0,390.2023
C11698,188.424847,1576.35,1063.85,512.5,0.0,6500.0,1271.233538
C11699,1250.885289,892.19,363.85,528.34,0.0,1800.0,461.638318
C11700,5148.625027,0.0,0.0,0.0,4042.791779,6500.0,1274.60362
C11701,3272.586986,1146.57,991.58,154.99,0.0,12000.0,1132.705302
C11702,1698.369764,0.0,0.0,0.0,2253.381516,4500.0,5512.828223
C11703,246.864346,2995.55,2301.11,694.44,0.0,6000.0,2734.138816
C11704,2004.914139,3628.29,1937.35,1690.94,0.0,11500.0,1718.220924
C11705,10.703306,0.0,0.0,0.0,575.193978,1000.0,0.0
C11706,1410.753575,588.85,399.85,189.0,1668.104809,4000.0,409.037304
C11707,2388.030134,3832.98,2004.03,1828.95,1441.065248,11000.0,5990.39237
C11708,96.109401,938.2,938.2,0.0,148.986635,8000.0,3722.654209
C11709,8953.743398,254.85,83.97,170.88,0.0,12000.0,2105.588422
C11710,3414.977831,2219.55,1695.03,524.52,950.424076,5000.0,732.08134
C11711,1039.88038,93.24,0.0,93.24,5465.141893,5000.0,5293.609266
C11712,92.898327,546.0,46.0,500.0,0.0,6000.0,787.50992
C11713,2885.068871,0.0,0.0,0.0,255.676579,3000.0,712.676699
C11714,7919.563494,85.54,0.0,85.54,9945.280243,10000.0,1594.977158
C11715,4707.131609,7066.08,4534.03,2532.05,5192.290154,10000.0,5352.856606
C11716,1915.245632,39.0,39.0,0.0,92.668977,1950.0,542.919146
C11717,392.667425,4015.23,4015.23,0.0,0.0,7500.0,3189.923177
C11718,104.57287,937.56,630.0,307.56,0.0,6000.0,870.874657
C11719,2257.542109,0.0,0.0,0.0,1082.684755,3000.0,464.716284
C11720,75.070011,898.45,0.0,898.45,0.0,4000.0,743.358844
C11721,7533.854422,5253.06,3096.1,2156.96,0.0,20500.0,1790.394949
C11722,628.384411,887.3,840.0,47.3,279.557918,2000.0,177.708307
C11723,165.808096,981.19,823.39,157.8,0.0,9000.0,672.446893
C11724,5329.544052,1651.64,1088.79,562.85,0.0,5500.0,1587.462442
C11725,1171.429087,1845.42,1845.42,0.0,0.0,3000.0,3073.603769
C11726,99.912238,730.2,165.0,565.2,0.0,1000.0,463.326909
C11728,114.295749,109.8,0.0,109.8,0.0,1000.0,115.418223
C11729,287.099648,2693.64,640.5,2053.14,0.0,9000.0,2258.647459
C11730,5867.560972,609.0,109.06,499.94,3397.577504,7000.0,1498.619792
C11731,7499.30365,350.57,350.57,0.0,948.293789,7500.0,1326.434054
C11732,23.331936,1194.96,0.0,1194.96,0.0,1600.0,1381.551722
C11733,262.723622,2365.07,2125.07,240.0,0.0,9000.0,3095.831769
C11734,204.584048,0.0,0.0,0.0,628.366944,1600.0,1933.810453
C11735,4977.237859,61.99,61.99,0.0,7448.32932,6500.0,6850.235626
C11736,433.677841,1391.89,1088.83,303.06,0.0,7000.0,2312.220888
C11737,1220.493289,0.0,0.0,0.0,5607.394437,6000.0,566.644234
C11738,3740.907731,0.0,0.0,0.0,116.632141,4000.0,128.371777
C11739,1669.01626,892.3,517.3,375.0,295.812224,1800.0,1065.80426
C11740,117.617134,1081.23,100.0,981.23,0.0,2100.0,1024.806886
C11741,3802.910134,0.0,0.0,0.0,1448.031295,4000.0,915.900602
C11742,43.354029,617.34,0.0,617.34,0.0,1200.0,564.845244
C11743,4530.639094,0.0,0.0,0.0,3162.719581,8000.0,995.539176
C11744,3529.587012,0.0,0.0,0.0,3969.324981,9000.0,3603.147293
C11745,5052.910787,1062.63,343.15,719.48,2687.982848,6000.0,917.236699
C11746,51.923357,835.31,250.0,585.31,0.0,7000.0,832.140348
C11747,144.012882,675.53,675.53,0.0,0.0,4000.0,1945.250404
C11749,293.803208,380.59,332.52,48.07,118.972449,10000.0,1172.022584
C11750,11.188595,159.84,0.0,159.84,0.0,1000.0,110.860738
C11751,516.814969,276.52,141.96,134.56,584.976769,1500.0,927.381808
C11752,1134.122053,288.39,0.0,288.39,0.0,1400.0,2155.314664
C11753,11670.17985,4872.6,0.0,4872.6,0.0,11500.0,5031.032515
C11754,1569.88775,741.66,309.66,432.0,2710.997094,4000.0,3306.369832
C11755,4532.433434,1433.26,1433.26,0.0,364.852384,7000.0,3039.325393
C11756,5505.828486,0.0,0.0,0.0,193.187682,6000.0,1355.058674
C11757,2843.394382,0.0,0.0,0.0,3133.305504,6000.0,680.388185
C11758,2391.214539,4186.49,3313.0,873.49,0.0,4000.0,2710.98198
C11759,2270.950105,1403.42,77.0,1326.42,0.0,8500.0,830.130725
C11760,5193.415429,3584.8,2204.52,1380.28,0.0,15500.0,1734.349114
C11761,2431.193194,0.0,0.0,0.0,195.932353,4000.0,976.859575
C11762,1232.292951,0.0,0.0,0.0,5184.090716,4500.0,6050.865303
C11763,279.253475,3243.86,3002.52,241.34,0.0,8500.0,3105.312146
C11764,2369.91046,916.22,716.4,199.82,0.0,6500.0,795.94344
C11765,1917.441126,12617.19,76.19,12541.0,0.0,15000.0,13733.55783
C11766,7445.228843,1023.29,0.0,1023.29,16323.64243,11500.0,11320.00746
C11767,193.565763,1821.52,0.0,1821.52,0.0,3000.0,1543.210017
C11768,3013.590493,0.0,0.0,0.0,341.360876,3000.0,750.160714
C11769,92.406069,0.0,0.0,0.0,683.253783,3500.0,1044.949836
C11770,2472.874609,2052.74,730.94,1321.8,3251.021027,6500.0,9076.561132
C11771,154.439292,1047.94,440.0,607.94,0.0,6000.0,1032.089965
C11773,269.911748,1348.44,1259.44,89.0,298.491305,500.0,1258.023851
C11774,146.04887,3256.15,3256.15,0.0,0.0,6500.0,3498.681846
C11775,2779.833422,0.0,0.0,0.0,1492.253356,3000.0,1708.484919
C11776,161.792222,2883.58,1933.56,950.02,0.0,2000.0,3051.442623
C11777,5239.120768,1823.23,1823.23,0.0,0.0,5750.0,2107.740768
C11778,2288.014844,1753.46,1753.46,0.0,0.0,2500.0,989.999739
C11779,1526.707241,484.47,0.0,484.47,402.906235,1500.0,1086.417545
C11780,52.598283,517.83,0.0,517.83,0.0,6500.0,600.096058
C11781,981.886157,0.0,0.0,0.0,473.430801,3500.0,768.398403
C11782,14.891634,0.0,0.0,0.0,116.193463,3000.0,0.0
C11784,5.270593,69.57,69.57,0.0,0.0,4000.0,411.825987
C11785,314.675322,1310.9,838.76,472.14,0.0,10000.0,1425.2566
C11786,467.244925,4001.7,1769.36,2232.34,0.0,16000.0,2259.241805
C11787,304.945628,2788.81,2788.81,0.0,266.383091,4000.0,2803.353036
C11788,1271.429631,0.0,0.0,0.0,678.525863,1500.0,526.910053
C11789,97.389327,60.0,60.0,0.0,0.0,12500.0,453.421982
C11790,1597.521193,211.07,0.0,211.07,994.167915,5000.0,3187.854069
C11791,10.118033,0.0,0.0,0.0,197.521871,1500.0,648.301187
C11792,103.629108,1106.62,866.22,240.4,0.0,6000.0,1343.893653
C11794,993.027484,0.0,0.0,0.0,1586.612256,1200.0,2185.377456
C11795,4226.501257,4900.0,4900.0,0.0,980.879554,10500.0,615.450902
C11796,1118.086877,128.8,0.0,128.8,0.0,1200.0,277.766526
C11797,555.131027,1586.45,1111.6,474.85,0.0,5500.0,3219.285764
C11798,1133.572488,4063.49,2807.0,1256.49,391.73075,1600.0,4936.506976
C11799,3646.04461,0.0,0.0,0.0,949.437186,8000.0,975.508088
C11800,3790.914663,2655.68,1607.63,1048.05,6263.883768,8300.0,6173.165264
C11801,340.082231,3177.21,430.0,2747.21,0.0,7500.0,2658.629277
C11802,11.249863,137.84,137.84,0.0,0.0,10000.0,234.444295
C11803,108.548004,1099.19,885.97,213.22,0.0,4000.0,1181.316469
C11804,601.68828,1358.2,468.33,889.87,0.0,1500.0,310.912113
C11805,2529.016337,1040.74,0.0,1040.74,0.0,2500.0,1746.018537
C11806,306.90901,2768.93,1281.14,1487.79,0.0,10500.0,2605.175646
C11807,14.203161,117.0,0.0,117.0,0.0,7950.0,346.311752
C11808,3387.93956,391.14,0.0,391.14,987.378841,7000.0,889.86432
C11809,26.247988,0.0,0.0,0.0,2861.967408,3000.0,0.0
C11810,3961.649658,2280.0,0.0,2280.0,0.0,4500.0,2216.561982
C11811,121.388989,783.83,683.93,99.9,315.342982,7000.0,1778.900698
C11813,354.527499,3751.42,1201.42,2550.0,0.0,9000.0,4001.942901
C11814,912.36003,10709.17,9689.36,1019.81,0.0,15000.0,11381.63396
C11815,5337.987139,2545.37,0.0,2545.37,994.391034,13500.0,1663.976007
C11816,4210.323012,1210.31,139.02,1071.29,1817.321515,7500.0,8138.429479
C11817,890.275144,435.14,435.14,0.0,0.0,1800.0,3334.754054
C11818,1740.169093,276.72,0.0,276.72,0.0,1800.0,667.764492
C11819,5383.084424,9736.61,3684.52,6052.09,2965.656802,9000.0,15824.73587
C11820,4603.402061,0.0,0.0,0.0,7665.092756,14000.0,9874.465723
C11821,18.150347,119.8,0.0,119.8,0.0,4500.0,297.276499
C11822,2833.613641,1387.52,526.12,861.4,1442.587409,3000.0,1564.459934
C11823,1547.714145,2476.31,804.4,1671.91,0.0,3500.0,4061.48987
C11824,144.346693,1976.32,859.79,1116.53,0.0,4500.0,1828.116915
C11825,1377.812538,14300.98,10394.67,3906.31,0.0,18000.0,13535.67697
C11826,926.341558,45.65,45.65,0.0,0.0,1000.0,1293.650192
C11827,10822.05811,4850.35,2847.8,2002.55,0.0,15500.0,2740.09442
C11828,1238.932482,280.09,69.0,211.09,0.0,1500.0,1575.457164
C11829,5681.962807,523.19,340.19,183.0,1116.370312,11500.0,2167.822526
C11830,1269.019947,445.46,0.0,445.46,0.0,2600.0,2875.999728
C11831,1592.48626,1449.48,460.0,989.48,0.0,10500.0,1695.90191
C11832,9502.256762,2776.09,1424.05,1352.04,0.0,10500.0,4177.324826
C11833,57.416262,685.0,0.0,685.0,0.0,1200.0,559.813964
C11834,2303.956234,0.0,0.0,0.0,5585.815801,6000.0,331.450159
C11835,2286.9003,4536.48,3275.0,1261.48,0.0,4000.0,5981.014712
C11836,1058.369265,0.0,0.0,0.0,1353.576787,1500.0,1381.061656
C11837,4803.122987,0.0,0.0,0.0,1692.520703,8500.0,1089.772516
C11838,6836.552992,0.0,0.0,0.0,11405.73425,10000.0,6834.695342
C11839,3.122949,0.0,0.0,0.0,317.505521,2500.0,559.499889
C11840,1053.639683,1027.01,1002.8,24.21,314.032321,2200.0,1181.14154
C11841,11734.26656,1528.12,0.0,1528.12,5187.258558,15500.0,3624.231423
C11842,80.55139,2132.7,914.0,1218.7,0.0,10000.0,1731.530778
C11843,1308.786637,0.0,0.0,0.0,99.670323,1500.0,528.262752
C11844,6224.464489,4439.11,3884.1,555.01,0.0,6500.0,2546.344149
C11845,874.203747,232.8,232.8,0.0,331.57572,3000.0,1473.641228
C11846,1329.443468,0.0,0.0,0.0,1024.351429,1800.0,684.599962
C11847,4372.395867,569.91,569.91,0.0,520.844673,4500.0,1345.099869
C11848,4473.439581,656.2,656.2,0.0,117.482021,4500.0,1481.910221
C11849,1127.607606,0.0,0.0,0.0,271.093275,8500.0,662.387331
C11850,1194.651852,322.29,0.0,322.29,0.0,1200.0,482.355548
C11851,291.991838,2971.56,1671.6,1299.96,0.0,13500.0,2238.594868
C11852,2929.747983,376.04,222.0,154.04,0.0,3000.0,1037.958748
C11853,16.005542,151.33,151.33,0.0,0.0,5000.0,450.83685
C11854,6937.806466,339.75,0.0,339.75,0.0,10500.0,2163.154746
C11855,7888.028118,0.0,0.0,0.0,1282.985376,12000.0,1685.554741
C11856,1020.292184,1788.1,921.1,867.0,0.0,1500.0,492.184722
C11857,4751.924842,1394.93,576.13,818.8,0.0,5000.0,2635.439016
C11858,2270.955171,25.26,25.26,0.0,452.803657,3100.0,503.196519
C11859,2377.759245,0.0,0.0,0.0,943.90775,6500.0,4119.519203
C11860,1473.902933,0.0,0.0,0.0,163.855122,1500.0,340.239419
C11861,6853.020124,0.0,0.0,0.0,2529.901587,7500.0,1863.404442
C11862,1527.644591,0.0,0.0,0.0,210.417767,1700.0,540.406147
C11863,1611.475175,807.72,0.0,807.72,0.0,1500.0,1019.454819
C11864,344.591662,519.0,519.0,0.0,2865.942873,4000.0,663.651176
C11865,2021.641161,363.18,363.18,0.0,0.0,2000.0,704.24077
C11866,102.228073,1074.29,249.21,825.08,0.0,5000.0,1075.317643
C11867,1407.26415,151.64,151.64,0.0,0.0,1500.0,337.890842
C11868,2158.419812,154.53,115.8,38.73,879.540473,2500.0,664.112193
C11869,1492.433396,99.75,34.32,65.43,0.0,6000.0,2224.187609
C11870,5193.661885,0.0,0.0,0.0,1682.146822,5500.0,2422.095104
C11871,1885.547591,0.0,0.0,0.0,3197.181617,8000.0,8559.584636
C11872,54.842927,105.0,105.0,0.0,0.0,4000.0,329.582826
C11873,2125.107734,663.04,663.04,0.0,1953.192558,2500.0,560.757972
C11874,102.832194,1067.85,669.21,398.64,0.0,10000.0,1480.49182
C11875,1628.609633,1340.83,695.04,645.79,0.0,2000.0,586.263693
C11876,1733.68291,100.0,100.0,0.0,270.57595,1700.0,689.279807
C11877,9303.557117,6133.01,4045.67,2087.34,1895.60877,12500.0,4054.579469
C11878,3541.960207,0.0,0.0,0.0,1853.517071,4000.0,789.692304
C11879,1.420316,0.0,0.0,0.0,94.535691,1200.0,0.0
C11880,2447.783112,431.96,290.0,141.96,0.0,2500.0,740.165746
C11881,94.280326,846.06,312.4,533.66,0.0,9000.0,922.71497
C11882,1628.591333,361.0,0.0,361.0,291.278909,1800.0,1018.197785
C11883,396.667584,2559.41,2469.41,90.0,0.0,4000.0,827.889811
C11884,5036.762745,3393.73,1702.72,1691.01,0.0,10000.0,1331.175753
C11885,248.243958,0.0,0.0,0.0,1423.527628,3500.0,181.018701
C11886,109.417101,1219.85,878.7,341.15,172.656204,5000.0,2250.036431
C11887,4624.411724,2537.67,1774.91,762.76,0.0,7000.0,1045.881353
C11888,491.605909,747.55,0.0,747.55,0.0,2500.0,282.956764
C11889,5329.815675,674.85,501.85,173.0,1129.296969,5500.0,1390.662933
C11890,10.486808,241.27,241.27,0.0,0.0,2500.0,557.897488
C11892,4402.354047,0.0,0.0,0.0,2117.809244,5000.0,1030.120113
C11893,7283.579076,209.07,209.07,0.0,7545.629864,11500.0,1543.541917
C11894,30.859227,415.04,0.0,415.04,0.0,7500.0,485.108353
C11895,112.87035,918.6,603.6,315.0,0.0,7500.0,1129.696171
C11896,7390.19856,612.1,0.0,612.1,2735.148792,12000.0,1920.45776
C11897,1274.142457,5219.95,2568.35,2651.6,0.0,7500.0,3984.42893
C11898,644.112226,638.61,0.01,638.6,0.0,12000.0,2529.45977
C11899,91.231825,736.91,32.71,704.2,0.0,6000.0,960.373775
C11900,915.717703,55.49,0.0,55.49,0.0,1000.0,1221.513652
C11901,1216.594927,878.64,757.8,120.84,155.804123,1200.0,654.24428
C11902,5941.271179,279.36,0.0,279.36,905.982826,6000.0,3140.402423
C11903,3817.693096,4974.27,3825.87,1148.4,0.0,5000.0,6752.531183
C11904,0.0,369.36,0.0,369.36,0.0,1500.0,431.443959
C11905,1276.941373,2196.54,1037.8,1158.74,0.0,1000.0,1410.009813
C11906,8099.879299,2352.0,1161.47,1190.53,389.680166,12500.0,1863.944131
C11907,86.694598,0.0,0.0,0.0,465.455995,1500.0,543.82992
C11908,78.910866,828.14,301.0,527.14,0.0,2600.0,903.603701
C11909,52.776167,508.94,508.94,0.0,0.0,3000.0,478.833594
C11910,109.140973,319.62,319.62,0.0,0.0,3500.0,597.96043
C11911,2586.533933,400.0,400.0,0.0,0.0,3000.0,886.663668
C11912,6668.440979,5596.11,2880.91,2715.2,2790.317276,16000.0,17068.96724
C11913,2539.279598,820.42,820.42,0.0,879.324856,3000.0,757.327536
C11914,2154.354852,104.0,104.0,0.0,91.406322,6000.0,732.471319
C11915,2720.959921,66.49,0.0,66.49,457.611102,3000.0,967.657856
C11916,693.643988,358.91,152.0,206.91,0.0,5000.0,338.79121
C11917,3414.780266,0.0,0.0,0.0,8264.603438,9000.0,718.95107
C11918,3478.070041,2465.92,1676.11,789.81,90.363202,12000.0,955.30285
C11919,6378.276044,0.0,0.0,0.0,4169.593183,10500.0,1376.688305
C11920,33.07464,286.4,231.29,55.11,91.341961,8500.0,435.600387
C11921,366.68899,653.21,0.0,653.21,0.0,3000.0,276.166583
C11922,245.17692,2481.64,0.0,2481.64,0.0,4000.0,2261.352187
C11924,786.483086,226.9,0.0,226.9,666.779555,1200.0,1391.068932
C11925,7.03142,502.33,424.0,78.33,0.0,2500.0,844.120402
C11926,4379.015578,996.64,860.5,136.14,3632.137219,14500.0,2034.929239
C11927,167.757298,320.72,0.0,320.72,0.0,1200.0,863.485864
C11928,1199.555426,0.0,0.0,0.0,2831.836214,3000.0,707.767429
C11929,5774.207136,2102.51,721.67,1380.84,3536.320402,15000.0,4711.567357
C11930,41.461969,550.08,0.0,550.08,0.0,6000.0,1104.875573
C11931,1383.161918,0.0,0.0,0.0,55.212259,1500.0,276.630198
C11932,2572.878701,3975.0,3975.0,0.0,0.0,4000.0,2386.982592
C11933,177.556406,2228.35,1600.99,627.36,0.0,12000.0,1842.340524
C11934,538.995587,0.0,0.0,0.0,2156.577132,1200.0,3303.660591
C11935,92.816307,345.66,45.65,300.01,0.0,1000.0,383.914659
C11936,1247.423771,0.0,0.0,0.0,503.562164,1500.0,721.897274
C11937,911.298036,954.15,425.35,528.8,0.0,1200.0,283.608489
C11938,98.427228,389.24,0.0,389.24,0.0,8500.0,371.314009
C11939,989.993863,0.0,0.0,0.0,1110.807913,1200.0,240.088742
C11940,69.352136,636.15,0.0,636.15,0.0,10000.0,837.801642
C11941,12.029327,581.21,0.0,581.21,0.0,4000.0,1333.87748
C11942,1265.781431,1585.79,1257.32,328.47,0.0,3000.0,338.977714
C11943,3682.768495,1194.15,987.59,206.56,1074.785954,4050.0,2121.026757
C11944,210.993146,90.51,90.51,0.0,0.0,6500.0,1240.766161
C11945,3171.17541,109.16,0.0,109.16,4586.702891,6000.0,598.08223
C11946,311.121985,744.09,689.09,55.0,0.0,7500.0,652.002188
C11947,3310.573808,717.14,649.14,68.0,0.0,12500.0,1372.959063
C11948,408.948673,0.0,0.0,0.0,1871.859929,10000.0,3902.376688
C11949,131.342635,1160.65,1160.65,0.0,0.0,13000.0,1113.408654
C11950,365.005559,421.04,341.0,80.04,0.0,4000.0,1386.413639
C11951,26.599993,329.38,23.65,305.73,0.0,10500.0,1034.7342
C11952,1117.461472,0.0,0.0,0.0,1377.191285,1500.0,171.694194
C11953,26.216029,615.16,0.0,615.16,0.0,14000.0,1560.047704
C11954,1106.697298,1260.13,1260.13,0.0,0.0,6500.0,1556.574701
C11955,2205.471982,3278.42,1640.05,1638.37,0.0,6000.0,2726.198575
C11956,1722.910058,45.45,45.45,0.0,1654.212185,4000.0,511.525617
C11957,1672.969871,0.0,0.0,0.0,74.812657,2100.0,341.940624
C11958,1333.896193,233.31,0.0,233.31,1432.955059,1500.0,310.700827
C11959,1329.826951,1304.96,1304.96,0.0,18.427395,7500.0,625.414678
C11960,117.063942,1035.05,64.9,970.15,0.0,3000.0,1336.493092
C11961,559.151424,94.0,94.0,0.0,0.0,5500.0,254.733329
C11962,10.160744,82.04,0.0,82.04,0.0,2000.0,139.914571
C11963,5206.452425,0.0,0.0,0.0,3256.756231,9500.0,996.182712
C11964,2623.967336,3005.89,2438.85,567.04,0.0,5500.0,1245.201203
C11965,2297.324675,4474.43,3544.31,930.12,1508.526487,5500.0,9481.484058
C11966,7248.040967,0.0,0.0,0.0,3990.963781,8500.0,2645.690806
C11967,1917.977989,0.0,0.0,0.0,6022.786892,6500.0,7189.695757
C11968,206.376314,1886.21,1230.31,655.9,0.0,3000.0,2089.598011
C11969,5283.566994,202.31,116.09,86.22,1564.285475,9500.0,1384.838966
C11970,102.055178,999.19,586.29,412.9,0.0,7500.0,2181.215224
C11971,3360.689054,794.1,0.0,794.1,8095.180408,9500.0,4897.570343
C11972,1046.787477,517.08,282.6,234.48,0.0,1200.0,477.482016
C11973,869.091492,438.22,263.5,174.72,0.0,3000.0,336.521212
C11974,5292.905315,5539.68,2603.79,2935.89,0.0,6000.0,3597.677582
C11975,1856.325339,670.5,516.9,153.6,5603.126858,7000.0,9221.922948
C11976,127.240494,760.36,89.0,671.36,0.0,2500.0,371.387459
C11977,2282.814895,1522.72,1059.38,463.34,1905.919704,9500.0,4419.287987
C11978,859.07875,0.0,0.0,0.0,909.986628,3500.0,1408.880515
C11979,5403.208353,1085.85,1025.19,60.66,1252.18184,6000.0,1572.554124
C11980,1941.539209,1366.74,95.94,1270.8,0.0,6300.0,495.133413
C11981,5418.305735,0.0,0.0,0.0,5051.791781,8000.0,1476.335057
C11982,11955.30817,0.0,0.0,0.0,2108.302563,13000.0,3933.35535
C11983,1224.513636,529.34,186.03,343.31,1108.666511,1200.0,467.463129
C11984,817.793943,478.28,189.03,289.25,945.547556,2400.0,635.314875
C11985,4382.112084,294.75,0.0,294.75,4945.02074,4000.0,6445.786897
C11986,9264.786223,0.0,0.0,0.0,4158.61262,9500.0,2535.922657
C11987,6512.478876,98.0,98.0,0.0,3320.07679,7000.0,1304.362846
C11988,31.941802,417.96,0.0,417.96,0.0,2000.0,472.60055
C11989,30.863497,143.36,0.0,143.36,736.547491,1500.0,1377.984542
C11990,1469.720674,0.0,0.0,0.0,170.376441,1500.0,395.486928
C11991,332.888212,419.56,74.0,345.56,0.0,3000.0,473.166128
C11992,2421.943818,612.0,76.0,536.0,2197.163192,2500.0,2483.286273
C11993,2200.566765,296.4,0.0,296.4,0.0,6000.0,631.025111
C11994,1719.310566,0.0,0.0,0.0,259.91508,1950.0,458.841298
C11995,2247.126627,0.0,0.0,0.0,6634.23196,7000.0,316.025009
C11996,1663.967468,0.0,0.0,0.0,2123.721395,2500.0,1566.483167
C11997,1402.776239,0.0,0.0,0.0,36.202957,1500.0,152.324616
C11998,9459.138771,878.11,159.91,718.2,5247.419951,15000.0,1987.085155
C11999,4626.278301,0.0,0.0,0.0,9579.677222,5000.0,613.553141
C12000,113.703142,0.0,0.0,0.0,498.463933,6500.0,851.637227
C12001,168.539199,176.73,109.0,67.73,0.0,5000.0,197.074177
C12002,662.022698,280.0,280.0,0.0,2276.320971,3000.0,1914.038297
C12004,1302.78269,45.65,45.65,0.0,0.0,1500.0,351.864266
C12005,517.118528,280.24,280.24,0.0,1295.246094,11000.0,6684.559773
C12006,5598.864288,7194.53,6678.26,516.27,14200.89313,15500.0,12487.36815
C12007,6537.800686,1885.94,75.0,1810.94,2099.802521,8500.0,1625.320799
C12008,1308.302091,918.67,918.67,0.0,0.0,1800.0,258.034145
C12009,1009.062757,702.4,265.6,436.8,0.0,7500.0,1184.723606
C12010,8.286935,125.0,0.0,125.0,0.0,3000.0,125.140043
C12011,151.006318,1455.97,412.69,1043.28,0.0,1800.0,1380.904206
C12012,2062.665478,518.17,71.9,446.27,1257.241177,4000.0,1049.378278
C12013,3666.676179,0.0,0.0,0.0,2461.891684,4000.0,674.881553
C12014,1764.908055,0.0,0.0,0.0,1552.832951,3666.666667,5126.650633
C12015,2919.796228,217.9,118.9,99.0,0.0,7500.0,832.687649
C12016,1925.094714,5189.51,3609.24,1580.27,0.0,7500.0,5851.06442
C12017,5291.221238,2090.47,1965.41,125.06,1153.665768,15000.0,1718.461993
C12018,107.13002,15.4,15.4,0.0,182.66132,200.0,255.103798
C12019,124.285688,662.4,108.71,553.69,0.0,1000.0,367.258695
C12020,6727.539699,711.72,617.4,94.32,6498.711722,8500.0,1303.904127
C12021,3007.470055,102.48,0.0,102.48,0.0,3000.0,561.592591
C12022,5715.854635,2173.99,1556.19,617.8,0.0,8500.0,1828.965006
C12023,274.038592,286.19,58.0,228.19,0.0,1700.0,911.371697
C12024,3476.603507,9683.28,7253.28,2430.0,0.0,12500.0,6084.947427
C12025,1075.825135,32.0,32.0,0.0,1859.42106,9000.0,2266.903508
C12026,760.925748,360.0,0.0,360.0,3180.893742,5000.0,2312.470872
C12027,51.427334,486.01,486.01,0.0,0.0,7000.0,544.044265
C12028,1093.946163,0.0,0.0,0.0,18.482296,1200.0,276.73092
C12029,1630.620638,0.0,0.0,0.0,381.541722,2100.0,1117.714796
C12030,78.090426,243.48,0.0,243.48,0.0,1500.0,152.754759
C12031,3196.409012,2083.25,0.0,2083.25,0.0,6000.0,641.03397
C12032,447.648987,17.8,17.8,0.0,2429.819782,2500.0,9858.055448
C12033,34.356451,266.25,0.0,266.25,0.0,7500.0,338.565785
C12034,1497.145968,0.0,0.0,0.0,4444.646515,2500.0,2986.36061
C12035,2156.616367,1695.0,0.0,1695.0,90.775238,2000.0,2194.901135
C12036,2023.72438,1103.86,253.99,849.87,0.0,6500.0,667.73252
C12037,1454.551875,0.0,0.0,0.0,3853.339512,4000.0,555.202392
C12038,107.801738,922.64,876.3,46.34,0.0,9500.0,912.762084
C12039,4333.59727,333.08,333.08,0.0,72.049232,12500.0,1113.279765
C12040,49.869884,363.52,124.51,239.01,0.0,9100.0,383.100848
C12041,0.001289,96.12,0.0,96.12,0.0,1500.0,102.848649
C12042,360.774263,2437.8,1788.3,649.5,0.0,7500.0,2204.789548
C12043,2675.418129,55.0,55.0,0.0,315.402389,3000.0,579.527874
C12044,2004.298844,1500.0,1500.0,0.0,0.0,3000.0,675.426241
C12045,216.685655,921.18,469.78,451.4,0.0,4500.0,892.146005
C12046,7119.163663,1370.21,937.65,432.56,8527.393281,12000.0,19143.03225
C12047,2720.458647,0.0,0.0,0.0,707.984403,10000.0,1462.710828
C12048,113.122729,987.23,0.0,987.23,0.0,2500.0,1081.54001
C12049,610.678403,3724.25,3301.53,422.72,72.477223,4000.0,6486.900601
C12050,2097.470969,0.0,0.0,0.0,1546.052817,3500.0,510.126277
C12051,8435.192572,0.0,0.0,0.0,8419.83327,9000.0,10720.57047
C12052,1046.273731,420.89,45.65,375.24,0.0,1000.0,616.193938
C12053,1590.712709,674.57,674.57,0.0,0.0,1600.0,830.768021
C12054,1513.075264,15704.04,12618.86,3085.18,0.0,3000.0,14399.70318
C12055,1683.116573,98.0,98.0,0.0,240.304769,1800.0,554.101761
C12056,2097.603234,963.21,963.21,0.0,0.0,2100.0,622.542212
C12057,1060.422892,161.5,161.5,0.0,765.748489,3700.0,2333.389981
C12058,3.03124,37.65,37.65,0.0,0.0,7500.0,88.090034
C12059,163.950974,1014.21,264.42,749.79,268.071098,1500.0,938.36331
C12060,2926.920514,1823.5,1686.0,137.5,236.898897,7100.0,792.597997
C12061,1502.44469,0.0,0.0,0.0,152.14064,1600.0,404.150829
C12062,74.825456,293.5,49.0,244.5,0.0,1500.0,215.258602
C12063,398.341908,0.0,0.0,0.0,3623.583341,18000.0,7705.86499
C12064,9355.739389,0.0,0.0,0.0,2286.927789,10000.0,2335.88734
C12065,1644.496393,0.0,0.0,0.0,156.097738,1950.0,542.414342
C12066,8084.624525,0.0,0.0,0.0,4713.978717,11000.0,1910.836769
C12067,1418.215497,1003.95,408.83,595.12,0.0,11000.0,2218.323066
C12068,828.596569,1115.0,1115.0,0.0,0.0,1800.0,268.295902
C12069,4232.350593,32.35,32.35,0.0,0.0,14000.0,1262.608728
C12070,1184.588701,704.4,0.0,704.4,61.069589,1200.0,810.831681
C12071,3168.902659,0.0,0.0,0.0,3854.441191,4200.0,390.289118
C12072,497.726827,1234.5,653.0,581.5,0.0,3000.0,206.102367
C12073,868.734126,463.01,373.65,89.36,546.682275,1000.0,254.635576
C12074,996.619846,581.8,520.0,61.8,0.0,8500.0,2088.919798
C12075,498.761608,1159.15,119.0,1040.15,0.0,4750.0,5978.807577
C12076,2551.023341,485.6,303.6,182.0,0.0,4500.0,478.461522
C12077,1899.219514,0.0,0.0,0.0,3618.304773,8000.0,7823.096006
C12078,5919.198579,9321.13,4678.79,4642.34,0.0,15000.0,7303.897866
C12079,1780.299975,1907.96,803.17,1104.79,727.608789,10000.0,2766.13064
C12080,133.926073,246.75,246.75,0.0,0.0,11000.0,7103.026842
C12081,2567.090886,1875.54,546.14,1329.4,598.035427,3900.0,772.320791
C12082,2522.043371,0.0,0.0,0.0,2504.271338,7000.0,519.343097
C12083,7333.442833,320.8,0.0,320.8,9733.258025,10000.0,2036.371171
C12084,763.992973,245.0,0.0,245.0,0.0,1500.0,1660.561025
C12085,1193.434312,689.4,689.4,0.0,0.0,3500.0,328.171066
C12086,1204.102388,1658.81,45.65,1613.16,804.558218,1000.0,3051.991292
C12087,595.655746,6562.24,4892.43,1669.81,0.0,8000.0,6240.58958
C12088,3006.594256,9362.96,5098.75,4264.21,0.0,7500.0,7079.1781
C12089,3.307286,60.0,60.0,0.0,0.0,11000.0,1042.001588
C12090,53.697916,114.49,114.49,0.0,0.0,7500.0,0.0
C12091,2583.717108,1497.02,1497.02,0.0,1112.647386,4000.0,475.066734
C12092,311.341555,3721.39,3721.39,0.0,0.0,4000.0,4004.905569
C12093,556.43723,403.3,303.1,100.2,0.0,7500.0,1318.460544
C12094,876.577775,1029.94,0.0,1029.94,0.0,2000.0,2221.896121
C12095,1666.224023,720.48,0.0,720.48,1143.146657,2300.0,2473.619496
C12096,101.176482,807.66,325.0,482.66,0.0,16000.0,699.466354
C12097,5408.754166,1207.24,979.36,227.88,3064.470065,7000.0,3130.304246
C12098,1050.085007,0.0,0.0,0.0,468.62986,1500.0,593.781355
C12099,3811.587156,0.0,0.0,0.0,848.032831,4500.0,1431.650735
C12100,1672.813954,299.83,117.39,182.44,113.720261,1800.0,559.708549
C12101,7105.801894,0.0,0.0,0.0,1648.096839,7500.0,1400.282454
C12102,2316.11093,86.1,86.1,0.0,4106.834043,4500.0,447.991795
C12103,2377.742667,2527.04,796.66,1730.38,2056.332882,5000.0,1461.368469
C12104,1178.90161,150.0,0.0,150.0,0.0,1200.0,360.303696
C12105,1007.362008,469.92,0.0,469.92,0.0,1000.0,716.423692
C12107,1035.853615,69.0,69.0,0.0,1147.361897,1200.0,1483.636625
C12108,1709.693956,2.0,2.0,0.0,5246.296449,2500.0,4678.254753
C12109,2744.473705,529.0,529.0,0.0,3082.913762,6000.0,914.280246
C12110,4784.708882,5848.99,2604.0,3244.99,3503.547107,5000.0,9006.196318
C12111,193.207812,1937.7,1937.7,0.0,0.0,2000.0,2100.802868
C12112,4612.935167,158.2,0.0,158.2,5391.599959,6000.0,756.247099
C12113,1294.25883,0.0,0.0,0.0,92.841595,1500.0,308.886492
C12114,3462.47534,0.0,0.0,0.0,200.125461,4500.0,5709.181577
C12115,7842.784061,5930.99,3862.79,2068.2,0.0,11500.0,12493.77894
C12116,8.258214,92.46,0.0,92.46,0.0,300.0,127.082375
C12117,3474.972612,324.18,293.0,31.18,0.0,9500.0,950.735955
C12118,2928.480007,5747.76,4021.77,1725.99,0.0,8000.0,4901.164291
C12119,3433.295973,4342.07,4247.87,94.2,0.0,11000.0,3903.861413
C12120,913.520763,0.0,0.0,0.0,2768.870906,3000.0,384.809455
C12121,1262.645703,329.9,257.0,72.9,0.0,1800.0,905.863527
C12122,4196.43487,90.01,90.01,0.0,1804.826917,8000.0,943.446254
C12124,1051.484848,3805.44,2715.52,1089.92,0.0,1500.0,3818.15076
C12125,44.525353,554.16,500.0,54.16,292.924759,1200.0,0.0
C12127,137.775633,0.0,0.0,0.0,1936.205406,3000.0,2489.260383
C12128,2550.025268,0.0,0.0,0.0,4946.958466,10000.0,266.472386
C12129,2828.765822,19.98,19.98,0.0,0.0,5500.0,593.220384
C12130,1452.469721,205.89,205.89,0.0,0.0,1600.0,501.655195
C12131,2796.379188,44.7,0.0,44.7,4765.916305,9000.0,7821.035049
C12132,1414.878106,98.08,68.42,29.66,0.0,1500.0,523.235492
C12133,137.636267,1567.25,60.2,1507.05,0.0,7000.0,1541.979811
C12134,482.799015,4240.41,4240.41,0.0,0.0,6000.0,6360.427012
C12135,291.510745,698.91,75.0,623.91,79.010038,5000.0,684.699102
C12136,4955.580535,0.0,0.0,0.0,3481.529635,6500.0,1252.775151
C12137,876.366489,4537.12,4285.11,252.01,0.0,2500.0,2689.043472
C12138,3250.621234,247.31,0.0,247.31,823.112588,4000.0,1016.490545
C12139,8.048086,55.5,0.0,55.5,0.0,1200.0,318.843744
C12140,788.9737,4574.79,4149.47,425.32,2604.900847,9500.0,5097.91073
C12141,1364.528932,0.01,0.01,0.0,5567.596649,3000.0,4022.440372
C12142,25.35204,355.16,0.0,355.16,0.0,2500.0,357.776573
C12143,2986.422406,5132.08,4664.84,467.24,0.0,10000.0,11454.46623
C12144,1389.583627,712.87,712.87,0.0,0.0,4500.0,801.18565
C12145,8636.950854,972.09,43.0,929.09,2590.575082,10500.0,2025.270282
C12146,7698.663007,673.15,574.28,98.87,6076.961711,12000.0,1907.16983
C12147,1998.339616,2238.0,1170.0,1068.0,0.0,6500.0,1985.047114
C12148,2048.573881,3111.44,1671.09,1440.35,0.0,6000.0,1648.50704
C12149,463.512203,0.0,0.0,0.0,1166.982711,7500.0,932.601452
C12150,1109.911791,3150.0,2430.0,720.0,0.0,2500.0,2694.972436
C12151,1073.42481,57.0,0.0,57.0,0.0,1200.0,295.373115
C12152,3386.490883,560.98,427.22,133.76,2008.153534,10100.0,1039.000037
C12153,1681.16287,1138.85,0.0,1138.85,4044.377495,4500.0,3763.240294
C12154,10599.4423,4029.24,2926.43,1102.81,0.0,12500.0,2343.311066
C12155,840.50105,0.0,0.0,0.0,1820.493358,6500.0,805.79629
C12156,7506.908599,465.36,465.36,0.0,1609.506076,12000.0,1772.157134
C12157,231.983056,0.0,0.0,0.0,1434.138511,1500.0,2456.797947
C12158,4811.886042,4911.41,4005.81,905.6,10629.80756,6000.0,10079.38741
C12159,981.098292,180.0,0.0,180.0,0.0,1000.0,330.620032
C12160,120.220573,1348.08,230.43,1117.65,0.0,12000.0,1196.209266
C12161,2598.580674,4767.11,2024.6,2742.51,3621.840163,6000.0,3774.693285
C12162,164.377503,0.0,0.0,0.0,470.00055,9500.0,684.398658
C12163,634.521032,0.0,0.0,0.0,1176.86169,1200.0,80.190719
C12164,1134.648238,143.12,143.12,0.0,0.0,1200.0,289.967312
C12165,26.325409,266.71,0.0,266.71,0.0,2000.0,477.592124
C12166,1756.078137,0.0,0.0,0.0,954.822692,6000.0,1083.406473
C12167,3214.530319,0.0,0.0,0.0,15081.6956,11500.0,20500.17323
C12168,41.936627,717.92,122.86,595.06,0.0,13000.0,628.811269
C12169,1346.309166,652.13,567.76,84.37,0.0,6000.0,385.145146
C12170,329.388289,72.84,72.84,0.0,0.0,3000.0,467.674193
C12171,2537.892884,0.0,0.0,0.0,354.346012,3000.0,622.529592
C12172,3287.231954,0.0,0.0,0.0,3190.532048,8500.0,1339.9697
C12173,84.067421,852.26,265.92,586.34,0.0,18500.0,643.541055
C12174,1721.232782,0.0,0.0,0.0,369.256964,1800.0,714.012374
C12175,231.995439,2310.21,1660.51,649.7,0.0,3000.0,1871.658725
C12176,430.282584,888.85,278.63,610.22,0.0,3500.0,1134.356357
C12177,1956.295501,0.0,0.0,0.0,211.099323,2100.0,634.788341
C12178,916.200655,1827.62,1408.82,418.8,0.0,1200.0,1731.206869
C12179,699.586726,796.11,796.11,0.0,0.0,6000.0,807.665219
C12180,4478.312669,2461.9,2461.9,0.0,202.816167,5000.0,1041.825559
C12181,740.826233,2055.13,302.05,1753.08,0.0,7500.0,1631.166246
C12182,120.984184,1122.17,802.77,319.4,0.0,6000.0,1138.136359
C12183,1477.102808,0.0,0.0,0.0,960.917825,1800.0,338.019603
C12184,1301.800738,0.0,0.0,0.0,1378.856373,4500.0,1009.40361
C12185,1222.164025,0.0,0.0,0.0,2397.676198,3000.0,385.290048
C12186,4059.059276,0.0,0.0,0.0,4328.32727,6500.0,1127.493221
C12187,1189.665497,0.0,0.0,0.0,1454.884966,1500.0,1656.765938
C12188,1220.359151,568.3,0.0,568.3,0.0,3000.0,902.082618
C12189,1167.863521,94.7,94.7,0.0,187.817003,1200.0,350.850434
C12190,2508.405988,875.05,509.9,365.15,0.0,2600.0,1261.11301
C12191,208.362536,2252.77,238.0,2014.77,0.0,10000.0,2018.393951
C12192,33.528505,477.5,193.5,284.0,0.0,3000.0,591.867645
C12194,478.834962,1060.99,1040.99,20.0,0.0,1300.0,1162.790308
C12195,132.730466,739.98,0.0,739.98,0.0,9500.0,1167.353193
C12196,312.636004,3866.29,808.12,3058.17,0.0,7500.0,3688.890803
C12197,2235.729892,83.0,38.0,45.0,481.39493,2500.0,568.336744
C12198,7021.942957,0.0,0.0,0.0,3217.327939,7500.0,2955.428583
C12199,309.150506,3157.86,1178.02,1979.84,0.0,7000.0,3291.320691
C12200,273.247883,60.0,60.0,0.0,0.0,2300.0,111.559902
C12201,31.296491,84.0,0.0,84.0,0.0,1000.0,91.67226
C12202,374.552852,279.0,0.0,279.0,0.0,1400.0,426.263702
C12203,146.756706,1664.95,64.17,1600.78,0.0,4000.0,1458.490552
C12204,422.723099,344.86,344.86,0.0,0.0,8500.0,1499.598264
C12205,1571.382204,1849.26,1616.76,232.5,0.0,7000.0,1522.895942
C12206,2696.774474,0.0,0.0,0.0,139.395627,3000.0,685.053764
C12207,3932.482783,1674.11,649.0,1025.11,0.0,11500.0,1166.117797
C12208,349.086448,2569.94,2569.94,0.0,186.415123,5000.0,3362.877104
C12209,12.281874,153.11,153.11,0.0,0.0,9000.0,0.0
C12210,6460.838794,6814.47,6814.47,0.0,0.0,13000.0,1917.817732
C12211,139.449391,843.03,0.0,843.03,0.0,2200.0,1312.375596
C12212,1777.440238,78.47,0.0,78.47,332.13781,8500.0,3799.466293
C12213,805.520824,4019.28,4019.28,0.0,0.0,4500.0,3728.70891
C12214,713.959917,542.96,452.96,90.0,268.410928,2500.0,195.490243
C12215,1784.421367,0.0,0.0,0.0,3923.427657,3000.0,2804.403394
C12216,1441.679257,0.0,0.0,0.0,914.794214,6500.0,568.212802
C12217,226.03038,435.08,435.08,0.0,0.0,7500.0,3796.014359
C12218,13.036611,197.0,0.0,197.0,0.0,1000.0,224.836018
C12219,4223.867789,2514.74,1597.67,917.07,3444.750251,5500.0,964.935365
C12220,5067.576984,714.68,402.68,312.0,726.955255,5000.0,1649.118645
C12221,62.788771,802.1,802.1,0.0,0.0,13000.0,710.240283
C12222,3188.47034,0.0,0.0,0.0,1673.75234,4500.0,715.12033
C12223,2737.420448,0.0,0.0,0.0,257.147835,3000.0,944.591497
C12224,1502.926021,2635.9,2116.92,518.98,0.0,4500.0,951.372467
C12225,951.061932,1699.87,1262.04,437.83,0.0,1800.0,2096.121508
C12226,10905.05381,431.93,133.5,298.43,47137.21176,19600.0,39048.59762
C12227,68.20838,780.0,780.0,0.0,0.0,3200.0,196.173726
C12228,1297.153644,839.14,419.88,419.26,0.0,6000.0,362.337779
C12229,121.024256,1850.23,0.0,1850.23,0.0,14000.0,1826.882329
C12230,1003.704494,50.0,50.0,0.0,457.650652,3500.0,3389.03546
C12231,1094.300448,1967.86,558.69,1409.17,0.0,11500.0,1413.122627
C12232,1467.162166,1313.26,0.0,1313.26,0.0,11500.0,1129.248446
C12233,1649.276603,0.0,0.0,0.0,253.554601,1800.0,574.233323
C12234,2660.420641,0.0,0.0,0.0,382.272435,5000.0,846.397004
C12235,44.204396,504.0,0.0,504.0,0.0,2500.0,818.64282
C12236,379.767959,493.5,493.5,0.0,0.0,4000.0,3308.04995
C12237,7.066111,133.16,0.0,133.16,0.0,16000.0,0.0
C12238,1051.215365,0.0,0.0,0.0,3700.154118,1600.0,3263.474102
C12239,447.941813,1907.2,0.0,1907.2,0.0,9500.0,2111.91778
C12240,1089.528456,0.0,0.0,0.0,76.027194,1200.0,371.902953
C12241,1432.326731,0.0,0.0,0.0,3771.115165,5000.0,138.855523
C12242,97.000375,552.09,95.0,457.09,0.0,12000.0,601.430928
C12243,5.016768,284.13,0.0,284.13,0.0,4000.0,274.729879
C12244,238.962984,2402.64,537.21,1865.43,0.0,8500.0,2022.102581
C12246,0.0,174.12,0.0,174.12,0.0,4000.0,0.0
C12247,4550.397004,548.0,548.0,0.0,660.523355,5000.0,1158.922139
C12248,2005.414367,0.0,0.0,0.0,510.618121,2100.0,746.145517
C12249,2494.774127,250.0,250.0,0.0,2804.350229,3000.0,864.527484
C12250,4623.886448,883.94,741.44,142.5,0.0,6000.0,2790.54214
C12251,1945.906455,1650.52,0.0,1650.52,1025.434108,2500.0,1916.054676
C12252,2598.802288,0.0,0.0,0.0,185.909531,3000.0,773.831303
C12253,3086.75297,1015.91,293.41,722.5,0.0,10500.0,938.131271
C12254,46.461265,237.99,237.99,0.0,0.0,4500.0,543.788113
C12255,390.55064,1261.99,1141.99,120.0,0.0,3000.0,18.496532
C12256,250.060059,2405.97,2182.22,223.75,0.0,10000.0,2105.342196
C12257,5570.18253,0.0,0.0,0.0,2744.808962,6000.0,1748.960475
C12258,2113.287399,0.0,0.0,0.0,3130.155158,3500.0,1927.253932
C12260,1205.191816,0.0,0.0,0.0,1259.175202,2500.0,281.884143
C12261,2586.357487,0.0,0.0,0.0,256.100571,3000.0,658.61387
C12262,1543.194492,160.0,160.0,0.0,2956.595415,3000.0,692.776517
C12263,3677.471434,1.0,1.0,0.0,859.297788,7000.0,944.992262
C12264,203.024867,542.94,0.0,542.94,0.0,4000.0,955.283993
C12265,5926.837633,0.0,0.0,0.0,9596.316702,13000.0,1599.792795
C12266,1479.020821,958.73,0.0,958.73,0.0,1500.0,1187.648889
C12267,532.805392,59.4,59.4,0.0,2734.176725,10000.0,1502.934235
C12268,36.023577,273.8,273.8,0.0,0.0,5500.0,174.52575
C12269,3084.618021,0.0,0.0,0.0,2506.67355,4000.0,1003.664133
C12270,52.575297,282.62,33.62,249.0,0.0,6000.0,388.872739
C12271,1166.500558,73.8,0.0,73.8,595.036388,2000.0,514.586639
C12272,1781.739723,2289.92,1584.4,705.52,0.0,10500.0,2065.553347
C12273,2882.954391,3591.81,2452.56,1139.25,554.07167,10450.0,8438.775135
C12274,4068.162699,3387.47,1938.13,1449.34,0.0,8500.0,1312.481879
C12275,5432.113514,793.1,793.1,0.0,6245.023709,10000.0,1261.909483
C12276,24.463674,254.37,0.0,254.37,0.0,4000.0,206.073166
C12277,202.996947,2338.83,2338.83,0.0,1959.553078,7500.0,6545.07776
C12278,28.924276,324.6,0.0,324.6,0.0,3000.0,320.218246
C12279,7764.210895,90.0,90.0,0.0,4032.071583,11150.0,1566.916181
C12280,1219.914858,0.0,0.0,0.0,442.372527,1500.0,540.400104
C12281,9226.107838,2217.94,990.46,1227.48,3533.146705,10500.0,3075.113742
C12282,689.697644,22.68,0.0,22.68,0.0,11500.0,906.092735
C12283,4158.137668,8.4,8.4,0.0,0.0,7500.0,1001.17541
C12284,5995.793488,0.0,0.0,0.0,3454.101774,6500.0,1868.475426
C12285,131.260514,1109.91,1109.91,0.0,0.0,9500.0,2137.485075
C12286,288.978275,2555.91,694.89,1861.02,0.0,5000.0,12020.18009
C12287,331.686553,2289.42,1227.08,1062.34,0.0,9500.0,2184.371316
C12288,1504.334228,565.0,565.0,0.0,0.0,2200.0,2511.315474
C12289,1928.971964,2061.55,369.55,1692.0,0.0,8500.0,2200.93868
C12291,391.385478,0.0,0.0,0.0,0.0,4000.0,192.787345
C12292,684.658511,184.68,0.0,184.68,0.0,2900.0,2837.204108
C12293,5.120644,55.55,0.0,55.55,0.0,6000.0,0.0
C12294,1685.020731,0.0,0.0,0.0,243.61411,1800.0,559.556519
C12295,313.87913,2746.84,2170.0,576.84,0.0,2500.0,2562.579256
C12296,619.974954,1219.39,464.39,755.0,4473.3497,2000.0,4115.217914
C12297,1380.728565,0.0,0.0,0.0,126.637116,1500.0,279.782836
C12298,40.343354,318.79,318.79,0.0,0.0,6000.0,603.896667
C12299,147.838347,0.0,0.0,0.0,68.919596,600.0,50.406698
C12300,69.141919,872.94,137.3,735.64,0.0,10000.0,721.050386
C12301,0.672519,388.54,0.0,388.54,0.0,12000.0,377.974097
C12302,4677.021295,1798.66,1364.22,434.44,1569.577102,9000.0,1156.783897
C12303,33.31938,279.56,0.0,279.56,0.0,3000.0,347.911693
C12304,1748.310383,0.0,0.0,0.0,157.152652,2000.0,538.443435
C12305,931.674532,2417.91,2303.91,114.0,3508.775536,8000.0,3468.393326
C12306,1475.871356,826.77,664.21,162.56,0.0,1500.0,1182.627097
C12307,992.424289,0.0,0.0,0.0,45.026228,1000.0,161.400987
C12308,105.642966,916.46,527.78,388.68,0.0,10500.0,2243.559789
C12309,1156.813935,251.38,101.28,150.1,506.605228,7500.0,2853.276447
C12310,3797.995726,0.0,0.0,0.0,17278.53864,12000.0,15884.69746
C12311,107.452196,1196.35,945.79,250.56,0.0,5500.0,1597.772035
C12312,4181.216991,1443.33,1443.33,0.0,0.0,6000.0,1027.149996
C12313,162.94835,400.0,400.0,0.0,0.0,4000.0,137.20573
C12314,2382.328208,899.58,413.28,486.3,450.252732,2500.0,850.186851
C12315,55.707056,1224.99,0.0,1224.99,0.0,7500.0,1130.359054
C12316,902.491328,0.0,0.0,0.0,3936.354616,1800.0,3633.579097
C12317,1599.306976,112.57,112.57,0.0,70.564078,1800.0,595.55337
C12318,970.322769,0.0,0.0,0.0,2034.69483,2000.0,1373.649725
C12319,5815.890916,1245.33,1245.33,0.0,2697.454999,7000.0,1287.745322
C12320,1738.377115,140.2,140.2,0.0,0.0,6500.0,432.72779
C12321,21.311946,3618.19,2804.79,813.4,0.0,15000.0,3570.597218
C12322,462.916347,270.97,107.15,163.82,0.0,10000.0,1293.523382
C12323,1281.276331,792.14,703.58,88.56,0.0,1500.0,397.388693
C12324,632.807858,453.91,318.91,135.0,927.939586,6000.0,350.387978
C12325,2463.60548,654.0,300.0,354.0,0.0,2400.0,1149.733036
C12326,1236.635476,540.0,540.0,0.0,0.0,4000.0,2136.389192
C12327,1563.48528,1910.13,1852.06,58.07,0.0,13000.0,5142.624134
C12329,6877.284986,687.97,542.97,145.0,3406.90934,7500.0,2358.946309
C12330,598.423093,5835.57,3974.7,1860.87,0.0,9000.0,6083.426724
C12331,955.415962,1060.0,1060.0,0.0,0.0,2100.0,189.106448
C12332,847.191896,11507.4,5904.78,5602.62,0.0,10500.0,10414.467
C12333,44.174721,290.0,0.0,290.0,0.0,6000.0,326.635918
C12334,7820.331303,80.0,80.0,0.0,1147.891529,15000.0,1963.299182
C12335,937.276757,45.65,45.65,0.0,19.995297,1000.0,335.809644
C12336,776.255666,6842.23,4938.13,1904.1,0.0,3500.0,5588.683151
C12337,815.832195,211.22,83.0,128.22,3214.78962,3500.0,1664.863771
C12338,4939.64603,470.54,139.38,331.16,8753.243163,10000.0,11721.86573
C12339,1053.59473,1450.0,1450.0,0.0,0.0,1500.0,397.090516
C12340,1877.424948,170.07,118.2,51.87,0.0,6000.0,248.81801
C12341,8.928211,105.78,105.78,0.0,0.0,3500.0,199.171196
C12342,2139.919711,330.89,71.4,259.49,2649.967098,6000.0,703.005516
C12343,137.909416,897.42,684.12,213.3,0.0,7000.0,965.182597
C12344,1301.549278,0.0,0.0,0.0,72.681585,1500.0,317.211622
C12345,287.140554,316.78,0.0,316.78,0.0,4500.0,1308.806298
C12346,26.621291,426.83,426.83,0.0,0.0,6000.0,195.490843
C12347,6887.915143,4340.42,3608.17,732.25,7028.901031,11500.0,16616.23528
C12348,740.382347,1672.35,1571.35,101.0,310.806852,5500.0,1437.155317
C12349,2719.526277,448.07,448.07,0.0,3474.764847,3000.0,3537.693441
C12350,9.75539,219.37,219.37,0.0,0.0,6000.0,216.850592
C12351,1689.319684,724.83,0.0,724.83,0.0,1500.0,1462.037592
C12352,62.053779,29.6,29.6,0.0,838.60032,6000.0,1576.039085
C12353,1417.474456,144.49,144.49,0.0,0.0,1500.0,348.50421
C12354,1613.321542,252.0,252.0,0.0,0.0,1800.0,833.515706
C12355,392.194003,788.14,788.14,0.0,0.0,9000.0,1041.707049
C12356,936.041324,1141.24,999.08,142.16,0.0,1200.0,1225.983876
C12357,527.761784,2702.57,1942.77,759.8,0.0,3000.0,1942.140315
C12358,1283.402142,1286.34,0.0,1286.34,0.0,2100.0,1470.711716
C12359,5355.922523,2469.28,905.98,1563.3,5839.680075,8000.0,1226.857482
C12360,15.236618,161.5,161.5,0.0,0.0,3000.0,912.737392
C12361,153.003135,96.2,0.0,96.2,0.0,9000.0,326.168469
C12362,248.200613,2329.12,1567.22,761.9,0.0,5500.0,812.097275
C12363,1466.91925,0.0,0.0,0.0,37.691257,1500.0,323.642185
C12364,1777.056105,1083.12,0.0,1083.12,0.0,4000.0,383.231247
C12365,475.171266,1155.4,1155.4,0.0,0.0,2000.0,1264.974166
C12366,1117.683394,45.65,45.65,0.0,0.0,1200.0,287.581425
C12367,6891.424677,4399.07,3705.13,693.94,1838.093797,11150.0,1834.501318
C12368,14.68344,67.44,67.44,0.0,0.0,4000.0,82.000743
C12369,1475.973063,181.63,181.63,0.0,2252.747969,1800.0,2588.459613
C12370,986.583117,0.0,0.0,0.0,1350.155793,1500.0,276.229102
C12371,955.41412,0.0,0.0,0.0,1145.252721,1200.0,1402.659723
C12372,447.808002,1593.29,214.2,1379.09,0.0,7000.0,1660.750541
C12373,3304.423662,0.0,0.0,0.0,1270.287892,7000.0,1026.076088
C12374,1135.629139,398.64,0.0,398.64,0.0,1500.0,364.300862
C12375,933.150722,0.0,0.0,0.0,1374.764359,1500.0,360.729411
C12376,1055.369866,0.0,0.0,0.0,3776.644822,6000.0,2924.470714
C12377,5897.491823,0.0,0.0,0.0,3318.487381,7500.0,1417.970244
C12378,0.0,176.03,176.03,0.0,0.0,7000.0,0.0
C12381,21.377711,312.1,0.0,312.1,0.0,2000.0,497.127166
C12382,4920.036231,1562.43,249.24,1313.19,0.0,13000.0,1851.996908
C12383,4071.792166,1721.66,551.17,1170.49,0.0,10000.0,1065.894938
C12384,1138.534442,8665.38,6120.4,2544.98,0.0,9500.0,8216.880805
C12385,1158.67621,1036.68,150.0,886.68,1789.779133,1700.0,2790.066228
C12386,2093.844656,0.0,0.0,0.0,1307.898095,3000.0,470.841807
C12387,299.464702,1439.49,593.0,846.49,0.0,6000.0,1323.74446
C12388,21.928045,190.45,190.45,0.0,49.196465,8500.0,155.609598
C12389,657.223335,1151.91,615.85,536.06,442.688396,1000.0,632.225833
C12390,74.34204,724.52,200.0,524.52,0.0,4000.0,529.362717
C12391,2664.700424,715.51,109.0,606.51,494.573662,3500.0,918.003032
C12392,900.482738,0.0,0.0,0.0,77.012362,1000.0,197.631228
C12393,1146.202492,0.0,0.0,0.0,58.697369,1200.0,290.331406
C12394,9.72453,158.34,0.0,158.34,0.0,6000.0,182.175514
C12395,3037.608728,173.48,173.48,0.0,382.582455,3000.0,869.253948
C12396,25.184241,0.0,0.0,0.0,519.538738,6000.0,2161.530837
C12397,1100.941072,117.32,117.32,0.0,5573.767921,1500.0,4017.742718
C12398,64.078171,1049.0,0.0,1049.0,0.0,5000.0,1072.021707
C12399,1.059425,23.91,23.91,0.0,0.0,15500.0,31.845894
C12400,1095.041551,1132.36,377.44,754.92,0.0,2500.0,410.973222
C12401,234.700486,82.0,82.0,0.0,0.0,4200.0,350.773984
C12402,7156.345546,0.0,0.0,0.0,2506.083985,18000.0,3447.733455
C12403,1435.703308,664.61,45.7,618.91,945.736707,7500.0,453.692206
C12404,325.024091,2251.62,1964.05,287.57,141.021854,9500.0,2258.1657
C12405,4395.237251,2514.3,985.11,1529.19,0.0,5000.0,2095.014385
C12406,25.379719,179.0,0.0,179.0,0.0,4000.0,308.793382
C12407,400.69973,3108.01,0.0,3108.01,0.0,10500.0,3166.91554
C12408,3044.269636,93.31,93.31,0.0,789.697144,3500.0,670.719989
C12409,435.905875,2877.09,1561.04,1316.05,204.935422,3500.0,2975.275558
C12410,5257.807308,2331.68,1088.04,1243.64,10291.12574,17500.0,2543.033209
C12411,3860.238072,11.41,11.41,0.0,0.0,10000.0,7280.584479
C12412,1514.750841,3873.5,2642.14,1231.36,2306.919698,8500.0,3729.948989
C12413,6509.334652,538.51,538.51,0.0,7232.069823,12000.0,1355.948713
C12414,3338.863375,775.0,365.0,410.0,0.0,8500.0,920.748289
C12415,3281.958491,398.08,0.0,398.08,6694.105562,8000.0,8092.781701
C12416,5932.367808,0.0,0.0,0.0,4253.311089,6000.0,2657.196453
C12417,994.367302,0.0,0.0,0.0,4058.539188,10000.0,168.100048
C12418,5925.120611,1763.89,258.43,1505.46,0.0,6500.0,2557.841292
C12419,162.54754,405.61,0.0,405.61,0.0,2200.0,612.674738
C12420,1070.486185,818.64,0.0,818.64,0.0,1000.0,976.831849
C12421,4059.211725,0.0,0.0,0.0,4524.312762,5000.0,3246.575307
C12422,8356.277203,983.24,983.24,0.0,2329.181013,14000.0,3468.13596
C12423,929.115076,611.71,591.71,20.0,0.0,1200.0,1019.527645
C12424,2159.370933,627.23,493.48,133.75,1055.558646,2500.0,1030.373212
C12425,4523.499003,0.0,0.0,0.0,966.297398,9500.0,1348.018275
C12426,753.703481,0.0,0.0,0.0,899.346012,1200.0,1065.666403
C12427,3778.609797,878.29,631.27,247.02,0.0,8500.0,883.744982
C12428,947.457151,1787.83,126.24,1661.59,458.961661,4000.0,574.055852
C12429,606.323282,299.9,299.9,0.0,0.0,4200.0,502.64224
C12430,73.379518,875.38,0.0,875.38,0.0,6500.0,688.546903
C12431,516.49276,380.0,380.0,0.0,1004.279993,1200.0,415.924157
C12432,906.107168,2354.06,215.87,2138.19,0.0,4000.0,2230.320729
C12433,2220.063789,2530.12,2530.12,0.0,157.109678,2500.0,3275.790625
C12434,15532.33972,1168.75,0.0,1168.75,3183.037625,16500.0,3906.738592
C12435,205.123752,2066.08,1245.3,820.78,0.0,7500.0,2597.718416
C12436,788.257316,9113.78,6138.57,2975.21,0.0,12000.0,7035.994095
C12437,1073.370435,824.77,377.81,446.96,1214.495468,1800.0,534.728641
C12438,1381.753281,0.0,0.0,0.0,648.228793,2400.0,3112.377295
C12439,405.162601,0.0,0.0,0.0,4679.312402,17000.0,8946.495566
C12440,372.924756,462.7,162.7,300.0,0.0,1800.0,1193.383862
C12441,55.681483,462.99,0.0,462.99,0.0,13500.0,519.307161
C12442,2092.855291,1624.05,1205.75,418.3,0.0,8500.0,3794.796448
C12443,556.912886,0.0,0.0,0.0,972.223685,4000.0,1968.065171
C12444,6.121105,233.9,233.9,0.0,0.0,10500.0,33.010201
C12445,19.112841,504.2,0.0,504.2,0.0,1000.0,476.370018
C12446,7803.470739,7184.73,6519.19,665.54,0.0,11500.0,2250.502094
C12447,5274.508501,324.96,0.0,324.96,1392.925291,5500.0,938.073283
C12448,1887.061349,0.0,0.0,0.0,93.437109,2000.0,411.517239
C12449,152.227891,946.0,536.0,410.0,0.0,6500.0,804.255916
C12450,1193.351573,0.0,0.0,0.0,1433.85482,1500.0,164.003621
C12451,2544.036536,0.0,0.0,0.0,107.710567,7000.0,1064.575065
C12452,63.064197,1176.93,0.0,1176.93,0.0,7500.0,1319.009967
C12453,3.29042,225.6,0.0,225.6,0.0,4000.0,268.500244
C12454,182.959331,847.88,0.0,847.88,0.0,5000.0,757.48839
C12455,5082.971064,1893.89,1543.89,350.0,970.708796,9500.0,1607.021526
C12456,2817.403474,1878.54,1198.89,679.65,1154.965664,3500.0,3185.017063
C12457,320.35306,2542.61,696.08,1846.53,0.0,7500.0,3158.530331
C12458,2801.239086,0.0,0.0,0.0,7216.489768,10000.0,696.538922
C12459,126.289657,366.68,0.0,366.68,175.284005,3000.0,679.431948
C12460,7985.621826,123.24,123.24,0.0,7949.596045,14500.0,9438.180272
C12461,1084.131331,803.22,0.0,803.22,901.628291,1000.0,866.009167
C12462,5520.201751,0.0,0.0,0.0,6218.171457,7000.0,5878.42845
C12463,109.594389,177.0,177.0,0.0,0.0,1950.0,170.47103
C12464,2416.771489,4201.13,3802.21,398.92,3306.574157,5500.0,6091.906636
C12465,5701.848812,1126.68,1033.6,93.08,1831.160025,7000.0,1382.179262
C12466,2866.054641,0.0,0.0,0.0,236.955668,3000.0,714.738754
C12467,1352.301367,263.04,263.04,0.0,1460.777849,2300.0,4228.186416
C12468,495.069704,2610.3,902.6,1707.7,0.0,8500.0,2217.869091
C12469,1299.93337,0.0,0.0,0.0,916.37094,2400.0,303.052882
C12470,3020.900667,0.0,0.0,0.0,3417.227455,4000.0,1171.807751
C12471,608.752081,5446.88,3466.22,1980.66,0.0,9500.0,5623.305898
C12472,4587.892398,140.6,140.6,0.0,953.934018,5500.0,1151.202909
C12473,4005.344926,9134.26,2002.9,7131.36,0.0,10500.0,3579.298838
C12474,534.75165,3044.6,3044.6,0.0,684.269093,3000.0,8987.534163
C12475,34.387537,153.18,61.9,91.28,0.0,2500.0,99.085409
C12476,11964.83264,1175.35,1031.85,143.5,2271.555171,14000.0,2949.673416
C12477,1553.505165,522.0,0.0,522.0,0.0,1000.0,472.580919
C12478,10.106017,1160.66,34.9,1125.76,0.0,1500.0,1152.518504
C12479,397.003171,3042.08,1419.07,1623.01,0.0,8500.0,2764.893686
C12480,611.561026,765.0,765.0,0.0,0.0,2000.0,204.464151
C12481,4840.545574,1595.93,1595.93,0.0,4359.32575,6000.0,905.844846
C12482,0.0,313.89,0.0,313.89,0.0,6000.0,0.0
C12483,1176.992085,890.0,400.0,490.0,0.0,3000.0,640.607666
C12484,47.107274,2226.06,0.0,2226.06,0.0,8500.0,2507.587709
C12485,289.529643,110.0,110.0,0.0,1134.891542,1200.0,697.009124
C12486,2689.040221,0.0,0.0,0.0,2928.671045,9000.0,854.431761
C12487,14.871714,62.7,62.7,0.0,0.0,3000.0,125.780361
C12488,35.360897,587.34,0.0,587.34,0.0,11500.0,549.036894
C12489,1902.665938,4666.51,4464.76,201.75,4120.44084,7500.0,6153.484827
C12490,17.026818,453.24,0.0,453.24,0.0,2000.0,435.997908
C12491,229.540732,694.91,37.5,657.41,0.0,7500.0,1016.090423
C12492,186.706199,868.0,0.0,868.0,0.0,4000.0,618.964215
C12493,1264.152747,2358.28,2171.8,186.48,144.017573,2500.0,1175.753031
C12494,160.15008,1639.97,971.97,668.0,0.0,7000.0,1579.491353
C12495,12856.15251,775.42,649.42,126.0,7362.379262,14000.0,2885.335197
C12497,3034.686119,0.0,0.0,0.0,370.098258,3000.0,91.692752
C12498,2537.257188,0.0,0.0,0.0,557.526465,2750.0,933.01991
C12499,2376.483239,858.5,858.5,0.0,356.570057,7000.0,748.290167
C12500,3625.207579,0.0,0.0,0.0,1274.199991,6000.0,1009.287105
C12501,3904.008546,600.0,0.0,600.0,1433.189324,4700.0,1154.910275
C12502,59.263479,300.68,0.0,300.68,0.0,5000.0,3142.651675
C12503,1114.56327,0.0,0.0,0.0,298.659126,6000.0,3842.787673
C12504,1128.717636,55.69,55.69,0.0,56.453676,1200.0,266.286419
C12505,451.905949,4468.71,3870.15,598.56,0.0,4000.0,4009.961094
C12506,6074.986862,1000.0,1000.0,0.0,4360.872498,14000.0,1365.324882
C12507,3490.186741,816.0,638.91,177.09,0.0,11500.0,947.039165
C12508,1368.99507,521.31,140.0,381.31,0.0,3000.0,616.095965
C12509,60.52124,469.0,0.0,469.0,0.0,1000.0,541.359082
C12510,1961.322415,476.16,0.0,476.16,0.0,2000.0,791.091826
C12511,4153.477506,561.25,375.25,186.0,1222.725542,8000.0,1854.156679
C12512,22.523964,346.3,0.0,346.3,0.0,1800.0,340.376582
C12513,7593.590618,0.0,0.0,0.0,3843.962731,8000.0,1534.809766
C12514,46.054436,812.97,598.09,214.88,0.0,6000.0,1314.537349
C12515,8771.507851,1082.98,497.08,585.9,4504.545269,18500.0,1964.195588
C12516,3008.66367,1137.62,659.62,478.0,3116.44095,6200.0,536.091856
C12517,215.213174,2326.52,136.8,2189.72,0.0,3500.0,2374.80576
C12518,96.155647,1070.73,432.8,637.93,0.0,10000.0,1229.025203
C12519,1101.656754,1398.21,1243.5,154.71,0.0,7000.0,257.24454
C12520,4779.786334,1470.24,882.78,587.46,4962.936839,7000.0,4760.677367
C12521,765.880394,0.0,0.0,0.0,1966.812413,8500.0,2953.858729
C12522,4705.294706,0.0,0.0,0.0,9894.067335,9000.0,8778.87795
C12523,2008.461205,0.0,0.0,0.0,2436.107429,2900.0,3092.937061
C12524,2856.16815,29.5,29.5,0.0,103.141056,3000.0,508.056466
C12525,198.12512,0.0,0.0,0.0,973.656086,1200.0,253.475631
C12526,27.851354,262.71,0.0,262.71,0.0,4000.0,404.572322
C12527,1487.657507,4115.98,3975.98,140.0,0.0,5000.0,3922.394684
C12528,10915.55075,0.0,0.0,0.0,23130.82106,15000.0,18341.95467
C12529,107.944741,118.16,118.16,0.0,472.818286,2500.0,192.781455
C12530,117.777688,853.3,853.3,0.0,0.0,2000.0,851.921672
C12531,862.481024,2267.38,1674.75,592.63,282.991201,4500.0,3644.186477
C12532,7.153512,104.95,0.0,104.95,0.0,1500.0,271.567821
C12533,48.242289,470.69,57.0,413.69,0.0,18000.0,746.951133
C12534,490.368785,932.03,231.87,700.16,987.069944,5500.0,3170.370677
C12535,1848.248809,307.12,307.12,0.0,0.0,8500.0,3421.846931
C12536,1417.979193,0.0,0.0,0.0,97.106059,1500.0,201.425194
C12537,510.504804,57.0,57.0,0.0,10239.08859,12500.0,15043.66508
C12538,339.294514,2601.6,0.0,2601.6,0.0,1800.0,2582.18354
C12539,5151.912071,0.0,0.0,0.0,2873.077058,7000.0,1362.424363
C12540,1203.464556,440.0,0.0,440.0,1472.061257,3000.0,584.787421
C12541,6437.92423,716.76,54.46,662.3,2365.445125,7000.0,1364.331914
C12542,407.177714,4236.36,2325.16,1911.2,0.0,18500.0,3746.674803
C12543,3929.705042,935.71,0.0,935.71,5093.44832,6000.0,6409.769007
C12544,6909.058266,473.51,70.0,403.51,1031.583943,7500.0,1593.897063
C12545,1054.905969,885.44,0.0,885.44,0.0,1000.0,1057.25415
C12546,3664.282588,493.34,260.0,233.34,0.0,9500.0,1050.91005
C12547,6443.077147,2155.13,1325.34,829.79,1650.039631,7500.0,9689.602075
C12548,4570.04875,888.98,888.98,0.0,1825.929322,6000.0,1179.34586
C12549,3573.583803,2513.46,2513.46,0.0,6181.23369,9000.0,4776.370808
C12550,96.699394,1475.23,1475.23,0.0,0.0,4000.0,1595.023315
C12551,4968.771623,3441.3,2416.7,1024.6,0.0,11500.0,1385.717858
C12552,1031.936983,2308.0,608.0,1700.0,0.0,3000.0,245.914697
C12553,3.847042,182.08,0.0,182.08,0.0,1500.0,191.067061
C12554,166.258538,1377.31,827.35,549.96,133.878836,16000.0,1770.052426
C12555,1589.449271,255.75,187.0,68.75,0.0,3500.0,599.044421
C12556,2305.313527,255.7,229.02,26.68,14.222216,6500.0,620.437714
C12557,818.310935,1071.8,1020.0,51.8,752.292181,2500.0,4763.080391
C12558,102.751154,1063.69,0.0,1063.69,0.0,7000.0,1928.089519
C12559,11416.64736,1347.7,0.0,1347.7,0.0,15500.0,2704.076105
C12560,2008.004976,75.5,75.5,0.0,0.0,5000.0,485.389275
C12561,5880.218671,0.0,0.0,0.0,10590.41113,11500.0,1828.239171
C12562,5354.109275,0.0,0.0,0.0,2660.070252,7000.0,1408.437818
C12563,3207.605367,0.0,0.0,0.0,3766.7883,9000.0,750.543668
C12564,4319.531807,0.0,0.0,0.0,9085.908764,7500.0,10339.93845
C12565,1343.165153,291.62,0.0,291.62,1461.717523,1500.0,276.342352
C12566,705.645246,1325.21,1017.21,308.0,0.0,3000.0,860.265446
C12567,112.01046,229.0,229.0,0.0,0.0,150.0,119.62682
C12568,1978.041097,0.0,0.0,0.0,1922.461395,5500.0,1481.136548
C12569,468.769607,585.68,445.98,139.7,856.77615,4500.0,1368.204953
C12570,15.531077,0.0,0.0,0.0,1630.319983,2000.0,1898.347582
C12571,1003.058842,1627.0,1627.0,0.0,0.0,1200.0,1897.171179
C12572,220.938626,2310.61,1375.61,935.0,0.0,18000.0,2588.893066
C12573,5236.290986,1780.79,1080.65,700.14,657.93913,17000.0,1230.806488
C12574,505.333425,5176.62,5176.62,0.0,0.0,8500.0,4971.981428
C12575,17.896575,265.97,0.0,265.97,0.0,1000.0,224.528678
C12576,5550.171932,1026.26,1026.26,0.0,256.963408,11000.0,1322.74282
C12577,236.507753,2692.65,2072.32,620.33,0.0,1500.0,2375.560677
C12578,1132.282217,0.0,0.0,0.0,68.520455,1200.0,281.613657
C12579,247.857188,0.0,0.0,0.0,872.983058,1200.0,253.663706
C12580,3312.222433,3729.7,2169.35,1560.35,0.0,8000.0,4974.329762
C12581,1373.252757,0.0,0.0,0.0,79.435812,1500.0,303.776791
C12582,71.542751,561.38,0.0,561.38,0.0,1500.0,482.868194
C12583,0.0,609.0,0.0,609.0,0.0,2500.0,893.429001
C12584,147.418569,1074.0,1074.0,0.0,0.0,5500.0,0.0
C12585,774.645244,190.54,0.0,190.54,2467.204866,1200.0,2365.524893
C12586,727.467671,420.88,0.0,420.88,429.481253,4500.0,1190.41941
C12587,1115.208504,30.0,30.0,0.0,1484.671104,1500.0,1839.908719
C12588,366.441008,0.0,0.0,0.0,2838.753109,3000.0,4634.133777
C12589,3891.346976,3629.8,50.0,3579.8,2538.561644,7500.0,8259.411897
C12590,7442.599092,1080.0,0.0,1080.0,3968.684047,8500.0,4365.058558
C12591,752.485849,0.0,0.0,0.0,1075.239192,1200.0,1321.798347
C12592,537.491488,1672.99,972.01,700.98,0.0,1600.0,1306.526458
C12593,1890.946618,0.0,0.0,0.0,4561.090005,2500.0,4847.513095
C12594,11.269672,248.31,0.0,248.31,0.0,9500.0,36.844388
C12595,50.006512,701.25,0.0,701.25,0.0,3500.0,1834.431851
C12596,5115.712849,4378.8,3195.58,1183.22,0.0,10000.0,2241.246911
C12597,984.724235,10243.48,4316.82,5926.66,0.0,7500.0,11112.38396
C12598,952.379745,481.75,431.75,50.0,0.0,1200.0,449.280028
C12599,160.681189,993.5,896.0,97.5,0.0,6500.0,980.963861
C12600,3461.183622,200.0,200.0,0.0,108.408059,3500.0,1322.74089
C12601,232.638142,3161.02,2012.38,1148.64,0.0,7000.0,2608.402427
C12602,126.134681,1197.12,1197.12,0.0,0.0,9000.0,936.326494
C12603,1958.649839,1759.46,1759.46,0.0,3240.789709,7000.0,226.879675
C12604,24.099873,294.0,0.0,294.0,0.0,5000.0,303.409519
C12605,4424.767314,0.0,0.0,0.0,7013.528326,7000.0,864.1411
C12606,2297.708974,0.0,0.0,0.0,797.536774,3000.0,893.62955
C12607,1667.269812,86.69,86.69,0.0,715.747319,5500.0,313.750208
C12608,74.254958,952.16,463.04,489.12,0.0,7000.0,913.302873
C12609,9.526312,92.02,0.0,92.02,0.0,1600.0,100.915736
C12610,95.853493,796.9,0.0,796.9,0.0,1950.0,1475.770687
C12611,772.206384,1319.19,1296.69,22.5,1581.026455,1200.0,2853.125011
C12612,533.163378,0.0,0.0,0.0,930.378581,1800.0,1753.60425
C12613,66.65712,585.87,585.87,0.0,0.0,10000.0,570.478919
C12614,918.401897,0.0,0.0,0.0,3176.804663,3500.0,4404.853578
C12615,1630.676858,0.0,0.0,0.0,275.166058,1950.0,558.164261
C12616,2384.257016,0.0,0.0,0.0,99.110887,2500.0,564.37975
C12617,25.706551,133.86,0.0,133.86,0.0,9500.0,148.214416
C12618,956.303408,1451.5,1451.5,0.0,0.0,1200.0,210.435488
C12619,40.627614,528.08,528.08,0.0,0.0,2000.0,384.322913
C12620,5010.879703,0.0,0.0,0.0,2181.390333,7000.0,1327.690018
C12621,1822.259235,0.0,0.0,0.0,1672.653551,2500.0,589.389711
C12622,4936.913341,407.81,351.81,56.0,2790.468488,5000.0,2189.546633
C12623,93.964086,815.34,149.04,666.3,0.0,2500.0,361.786239
C12624,512.946312,4391.87,3943.37,448.5,422.496562,16500.0,4962.461845
C12625,680.889818,2445.24,2253.76,191.48,0.0,3400.0,2082.619124
C12626,2177.338711,0.0,0.0,0.0,430.534073,2500.0,943.909555
C12627,1055.833418,351.54,61.54,290.0,0.0,3000.0,585.022975
C12628,153.949311,0.0,0.0,0.0,3988.242395,11500.0,2699.969008
C12629,5906.184924,141.8,141.8,0.0,1651.286918,10000.0,933.969974
C12630,1061.394006,0.0,0.0,0.0,320.869981,8500.0,273.383468
C12631,8.187263,0.0,0.0,0.0,793.848237,1350.0,0.0
C12632,126.018616,1218.24,0.0,1218.24,0.0,5000.0,1040.640647
C12633,462.598215,1319.26,1319.26,0.0,0.0,3500.0,98.018318
C12634,195.575108,2984.34,2754.92,229.42,0.0,14500.0,1885.940209
C12635,4759.70237,614.01,473.01,141.0,6791.261503,7500.0,7324.826511
C12636,1581.742203,0.0,0.0,0.0,335.348071,1800.0,463.88804
C12637,1026.201421,0.0,0.0,0.0,244.88819,1200.0,440.519737
C12638,1585.806548,0.0,0.0,0.0,274.3843,2000.0,566.302426
C12639,645.181409,0.0,0.0,0.0,2014.386387,1400.0,2185.891694
C12640,237.861439,569.02,246.89,322.13,1431.673728,3200.0,589.35887
C12641,297.004363,2729.0,1409.0,1320.0,0.0,16500.0,1275.398838
C12642,2895.765754,2753.35,1960.0,793.35,0.0,9000.0,861.251403
C12643,14.58126,87.3,0.0,87.3,0.0,8000.0,669.767901
C12644,310.795046,0.0,0.0,0.0,2810.45573,7500.0,2811.544882
C12645,3470.333673,1184.98,757.95,427.03,6370.145895,7000.0,4291.341088
C12646,989.022229,0.0,0.0,0.0,559.200528,1200.0,1071.879544
C12647,2048.834742,3342.9,1907.9,1435.0,436.15809,2500.0,1685.441335
C12648,3037.476732,1225.79,0.0,1225.79,6560.352738,5100.0,7799.250959
C12650,1072.257388,0.0,0.0,0.0,39.265903,1200.0,286.46296
C12651,5097.916969,139.67,139.67,0.0,3365.390269,6000.0,3313.162847
C12652,975.820862,66.72,0.0,66.72,0.0,1000.0,254.277454
C12653,5827.830678,577.98,358.02,219.96,2191.528662,6000.0,1771.36501
C12654,7543.580736,0.0,0.0,0.0,2925.55754,8500.0,1738.415018
C12655,87.802127,803.95,803.95,0.0,0.0,1000.0,1134.379946
C12656,3268.304631,340.57,250.48,90.09,2671.441618,6000.0,1282.359
C12657,45.295495,451.01,0.0,451.01,0.0,7500.0,481.372024
C12658,234.183227,617.3,169.8,447.5,282.667958,2500.0,1436.234437
C12659,36.868847,360.0,0.0,360.0,0.0,3000.0,286.431721
C12660,334.1265,0.0,0.0,0.0,1783.362859,1400.0,1811.558237
C12661,193.12654,1955.98,0.0,1955.98,0.0,2500.0,1891.721179
C12663,443.202789,350.31,0.0,350.31,153.173663,4500.0,398.335288
C12664,23.39023,291.7,0.0,291.7,0.0,2500.0,453.889925
C12665,1872.934017,382.5,310.0,72.5,0.0,1950.0,463.938794
C12666,2490.787594,176.65,66.69,109.96,152.712134,2500.0,857.979134
C12667,3212.093869,2203.68,1776.68,427.0,1076.466158,6000.0,2007.453777
C12668,339.406259,14.28,0.0,14.28,0.0,10500.0,1263.292815
C12669,11077.99148,3419.92,3419.92,0.0,7837.414142,12000.0,10934.50273
C12670,899.195559,921.94,256.1,665.84,5903.784384,5000.0,6368.638423
C12671,1154.410108,0.0,0.0,0.0,2593.398852,3000.0,2607.110273
C12672,846.223191,437.6,437.6,0.0,4638.435613,14500.0,1092.822745
C12673,597.44365,0.0,0.0,0.0,36.582227,1500.0,1572.905114
C12674,4413.803457,0.0,0.0,0.0,2007.044461,5000.0,1305.912583
C12675,3586.05105,141.0,40.0,101.0,1072.395255,4350.0,3843.798591
C12676,1965.755378,889.66,580.09,309.57,0.0,2500.0,2612.998677
C12677,19.897641,375.23,0.0,375.23,0.0,6000.0,390.112154
C12678,2740.10065,169.19,169.19,0.0,464.040014,3200.0,1108.374243
C12679,393.700868,0.0,0.0,0.0,673.644618,1000.0,319.088414
C12680,459.134859,223.34,0.0,223.34,0.0,500.0,498.401939
C12681,4805.164203,0.0,0.0,0.0,949.587804,8500.0,1260.875219
C12682,6668.982024,0.0,0.0,0.0,2230.439984,7500.0,1752.332514
C12683,1238.049848,45.65,45.65,0.0,2475.656139,1500.0,2643.105215
C12684,7801.511533,231.4,231.4,0.0,4109.465221,13500.0,1593.617739
C12685,1114.506863,602.07,0.0,602.07,0.0,1800.0,676.487532
C12686,1212.426549,265.22,265.22,0.0,0.0,3000.0,332.755679
C12687,210.870503,664.05,664.05,0.0,0.0,7500.0,728.19268
C12688,6493.033342,447.5,447.5,0.0,1664.47374,8000.0,1907.59974
C12689,3106.036183,2128.56,1036.24,1092.32,2346.894867,7200.0,5564.776852
C12690,909.560162,912.1,669.88,242.22,752.060162,1200.0,1476.333722
C12691,3633.533005,383.2,383.2,0.0,49.167984,11000.0,1061.683135
C12692,86.650277,910.51,0.0,910.51,0.0,7000.0,884.056926
C12693,86.547135,789.45,789.45,0.0,0.0,2500.0,1370.171713
C12694,144.513072,758.5,0.0,758.5,0.0,3000.0,860.545375
C12695,1182.324933,0.0,0.0,0.0,258.13761,1200.0,503.164651
C12696,32.821775,644.99,0.0,644.99,0.0,4000.0,579.016837
C12697,1.365808,60.0,60.0,0.0,0.0,4000.0,0.0
C12698,119.604008,1068.28,0.0,1068.28,0.0,1000.0,828.169919
C12699,134.238558,420.0,287.0,133.0,0.0,7500.0,519.436959
C12700,128.48978,462.86,0.0,462.86,0.0,3000.0,381.3599
C12701,749.168331,164.9,164.9,0.0,1806.070919,2000.0,190.995312
C12702,1544.585361,0.0,0.0,0.0,549.062884,2000.0,408.068987
C12703,172.131105,1666.95,0.0,1666.95,0.0,2500.0,1326.099687
C12704,266.475852,0.0,0.0,0.0,1560.735908,1500.0,792.623374
C12705,549.915249,1556.66,912.7,643.96,0.0,11000.0,2285.324243
C12706,0.0,1090.69,815.7,274.99,0.0,1800.0,0.0
C12707,8559.236795,170.0,170.0,0.0,3260.296078,9000.0,1541.113331
C12708,6810.401782,635.76,164.32,471.44,3863.40531,10000.0,3161.148768
C12709,2917.656276,141.81,141.81,0.0,2431.292076,8000.0,993.289914
C12710,542.807485,220.62,220.62,0.0,0.0,2000.0,608.782428
C12712,2362.643772,2826.99,1496.59,1330.4,0.0,3000.0,1748.687628
C12713,4164.796859,784.63,617.54,167.09,0.0,9000.0,1072.433416
C12714,1304.460033,0.0,0.0,0.0,78.763096,1500.0,395.136073
C12715,1601.692049,61.46,0.0,61.46,0.0,4000.0,399.369214
C12716,4556.537803,1450.0,1450.0,0.0,2260.73569,9000.0,1010.845518
C12717,751.398349,1977.5,747.5,1230.0,611.974158,3500.0,1068.053378
C12718,1510.111755,1895.25,541.57,1353.68,0.0,9000.0,1711.89518
C12719,3490.855736,1039.48,1039.48,0.0,4200.991254,9000.0,1091.424125
C12720,6384.360491,1856.84,1394.21,462.63,2144.180453,7500.0,2275.686606
C12721,1327.653853,20.9,20.9,0.0,0.0,1500.0,287.690115
C12722,9226.646604,671.31,671.31,0.0,6171.934509,12000.0,2726.318749
C12723,3441.516174,358.68,0.0,358.68,0.0,7500.0,1376.000823
C12724,1117.34082,474.96,0.0,474.96,0.0,1000.0,609.837201
C12725,1828.62196,0.0,0.0,0.0,689.185829,2300.0,2466.964742
C12726,3011.469977,582.28,0.0,582.28,3325.302419,6500.0,2975.129814
C12727,99.680638,0.0,0.0,0.0,437.399211,10500.0,661.87877
C12728,1517.559661,0.0,0.0,0.0,456.396077,1950.0,473.175712
C12729,101.025128,0.0,0.0,0.0,1846.252071,6500.0,5321.022187
C12730,12.737355,152.73,0.0,152.73,0.0,1200.0,159.150457
C12731,1135.816377,520.24,520.24,0.0,0.0,1200.0,706.605439
C12732,24.1725,270.0,0.0,270.0,0.0,8500.0,378.193141
C12733,763.696095,1229.42,1229.42,0.0,0.0,7000.0,2422.735455
C12734,8073.909084,0.0,0.0,0.0,3860.699586,8500.0,2414.311297
C12735,745.157677,485.17,485.17,0.0,0.0,3000.0,191.111587
C12736,32.915398,192.99,68.6,124.39,0.0,6000.0,153.983501
C12737,8198.627284,0.0,0.0,0.0,2909.753084,14000.0,2141.722429
C12738,623.955961,0.0,0.0,0.0,2119.702403,1200.0,1838.851003
C12739,2123.483416,2453.18,2051.52,401.66,0.0,7500.0,517.974559
C12740,939.348677,50.0,50.0,0.0,0.0,1000.0,315.440785
C12741,1372.486104,3005.25,1507.99,1497.26,315.120089,3000.0,3462.386054
C12742,123.05867,151.92,0.0,151.92,0.0,3500.0,447.181346
C12743,72.794263,227.64,0.0,227.64,0.0,2500.0,159.044676
C12744,2376.965338,0.0,0.0,0.0,1321.906162,3000.0,549.457948
C12745,57.257195,472.5,472.5,0.0,0.0,7227.272727,598.240579
C12746,7499.658084,160.0,160.0,0.0,3603.787202,13550.0,1962.972636
C12747,1564.3964,1330.0,0.0,1330.0,1906.43522,8000.0,1078.907798
C12748,4644.779013,4820.68,4063.61,757.07,0.0,9200.0,1076.138168
C12749,7418.314012,901.62,858.82,42.8,0.0,14500.0,2273.945099
C12750,6001.428376,0.0,0.0,0.0,2404.829712,9000.0,1369.894805
C12751,1127.139413,185.0,140.0,45.0,737.622804,6100.0,2166.388477
C12752,41.217844,221.48,221.48,0.0,0.0,13500.0,1242.51149
C12753,1565.577135,0.0,0.0,0.0,2676.476175,3000.0,3418.679368
C12754,5459.785308,262.0,0.0,262.0,4212.521736,7000.0,1733.828367
C12755,166.295463,449.26,449.26,0.0,7894.578816,9000.0,662.951526
C12756,19.294559,283.8,0.0,283.8,0.0,2000.0,267.972404
C12757,2478.086158,531.48,0.0,531.48,6394.923585,7000.0,11480.8742
C12758,5425.936219,209.9,0.0,209.9,8223.638112,7000.0,7723.416753
C12759,5239.381493,0.0,0.0,0.0,9798.167329,10000.0,1345.580941
C12760,142.278809,164.68,32.74,131.94,0.0,2500.0,539.762925
C12761,4192.143919,450.0,450.0,0.0,2480.749691,4500.0,1271.396821
C12762,2711.995096,600.0,600.0,0.0,5352.991545,5000.0,1536.48483
C12763,432.793131,540.13,315.3,224.83,0.0,6500.0,737.522982
C12764,127.808682,2802.08,2213.43,588.65,0.0,6500.0,2384.646953
C12765,374.276019,3589.05,3138.48,450.57,0.0,6000.0,3493.186695
C12766,20.758677,548.01,0.0,548.01,0.0,1900.0,1049.636065
C12767,2061.835735,0.0,0.0,0.0,4320.771337,4000.0,5451.599084
C12768,1744.956833,0.0,0.0,0.0,198.295367,1800.0,525.461839
C12769,2241.092286,1260.0,0.0,1260.0,2992.621714,6000.0,4582.168916
C12770,2857.598022,0.0,0.0,0.0,5423.546535,6000.0,10794.66803
C12771,1530.725391,0.0,0.0,0.0,59.670168,1600.0,347.028845
C12772,337.478135,0.0,0.0,0.0,1620.674351,3000.0,978.290582
C12773,5145.092629,1975.72,679.3,1296.42,11834.20581,13500.0,9059.242461
C12774,4659.388091,1754.19,764.16,990.03,1248.153277,9500.0,1042.244606
C12775,2416.555714,2266.01,1291.62,974.39,0.0,4000.0,4075.880525
C12776,1467.212481,107.0,107.0,0.0,5203.612362,6000.0,268.310194
C12777,1555.053764,168.0,0.0,168.0,0.0,1500.0,192.947097
C12778,127.062095,453.3,330.8,122.5,0.0,7000.0,593.965783
C12779,259.623619,377.79,290.29,87.5,0.0,1500.0,1575.021839
C12780,28.445432,166.2,166.2,0.0,0.0,5500.0,236.022703
C12781,0.01968,188.02,0.0,188.02,0.0,7500.0,129.791835
C12782,1258.769693,142.0,42.0,100.0,0.0,1200.0,300.672826
C12783,2865.386926,0.0,0.0,0.0,965.180677,6500.0,1186.905688
C12784,276.446975,1429.39,100.0,1329.39,0.0,2800.0,1296.041874
C12786,2878.528369,0.0,0.0,0.0,1563.518213,3000.0,653.306123
C12787,499.409588,6636.91,6157.74,479.17,109.211535,8000.0,4290.962037
C12788,2489.057383,0.0,0.0,0.0,1668.403386,3000.0,1209.422549
C12789,44.463463,154.86,0.0,154.86,0.0,2500.0,182.661133
C12790,201.463946,2364.85,2364.85,0.0,0.0,5000.0,1883.762278
C12791,2508.850418,0.0,0.0,0.0,58.981572,6000.0,454.176213
C12792,35.942931,425.67,257.72,167.95,0.0,6500.0,439.687694
C12793,440.186713,985.2,531.0,454.2,1055.502083,6000.0,1670.869438
C12794,783.550476,175.8,175.8,0.0,2052.878473,2500.0,1647.886436
C12795,511.569448,2938.32,1685.35,1252.97,0.0,7500.0,832.586508
C12796,5901.592192,1704.95,1141.55,563.4,0.0,8000.0,1886.692272
C12797,210.618047,290.0,0.0,290.0,0.0,2700.0,239.005926
C12798,168.473316,0.0,0.0,0.0,866.594079,1200.0,653.510107
C12799,1136.796512,869.38,391.86,477.52,0.0,7000.0,1785.242525
C12800,738.956988,0.0,0.0,0.0,1561.133958,1500.0,1979.193103
C12801,858.180885,3034.74,2214.86,819.88,418.127352,6500.0,5159.89613
C12802,2065.035103,1462.6,1262.6,200.0,0.0,3500.0,3587.267621
C12803,16.052971,127.0,127.0,0.0,0.0,4500.0,190.19504
C12804,2263.795064,320.0,320.0,0.0,4510.237702,10000.0,5215.482973
C12805,1527.905897,0.0,0.0,0.0,2918.216386,6500.0,337.499565
C12806,5266.121863,9030.08,6345.65,2684.43,0.0,6000.0,7973.983573
C12807,6804.186841,640.03,227.6,412.43,1898.318709,7100.0,1891.669441
C12808,2836.605817,0.0,0.0,0.0,2025.02275,3000.0,508.048005
C12809,21.328087,512.35,0.0,512.35,0.0,2000.0,716.296679
C12810,259.15982,1971.9,1580.98,390.92,19.395458,1800.0,2170.921218
C12811,414.196362,794.53,794.53,0.0,0.0,2000.0,814.33642
C12812,141.781912,1401.4,0.0,1401.4,0.0,1500.0,2759.94906
C12813,30.530541,360.1,192.0,168.1,0.0,1500.0,872.540799
C12814,1198.763306,0.0,0.0,0.0,57.645727,1200.0,128.39674
C12815,6187.219303,2029.03,1044.28,984.75,5933.125159,15000.0,8518.845677
C12816,45.625764,0.0,0.0,0.0,385.950518,10000.0,256.794478
C12818,358.011796,0.0,0.0,0.0,1795.200197,1950.0,4702.661168
C12819,810.52348,985.33,856.09,129.24,0.0,5500.0,5964.049531
C12820,2910.425009,0.0,0.0,0.0,2121.504999,7500.0,3855.512387
C12821,6784.258276,12.64,0.0,12.64,4516.162598,10000.0,10813.82933
C12822,229.295689,2099.89,2099.89,0.0,0.0,3000.0,2470.255953
C12823,1465.716156,555.71,113.45,442.26,1304.049707,1800.0,566.364739
C12824,2315.997841,3643.93,2971.8,672.13,780.459161,7500.0,1256.695062
C12825,4202.1695,462.0,462.0,0.0,4776.10477,8000.0,1010.799168
C12826,2085.013555,198.27,198.27,0.0,0.0,8000.0,748.549629
C12827,51.794504,800.11,50.59,749.52,92.971171,4000.0,877.523458
C12828,13.363762,238.9,0.0,238.9,0.0,1000.0,197.86349
C12829,1141.349418,6003.86,3474.35,2529.51,0.0,2500.0,6848.237541
C12830,766.261051,1462.73,1100.23,362.5,0.0,6000.0,202.561336
C12831,155.566852,1303.78,207.09,1096.69,0.0,10000.0,1392.740366
C12832,1168.692032,0.0,0.0,0.0,1027.967584,5000.0,588.925093
C12833,78.027358,377.07,377.07,0.0,367.672276,1500.0,1547.271973
C12834,6671.450524,369.52,369.52,0.0,2578.596448,7500.0,1303.259619
C12835,3057.553683,0.0,0.0,0.0,2037.648071,12500.0,7265.976143
C12836,343.003474,3429.49,2789.85,639.64,0.0,10500.0,2700.228732
C12837,4360.245187,703.23,703.23,0.0,0.0,4500.0,1372.421202
C12838,2900.668727,3056.73,260.68,2796.05,0.0,10000.0,5402.934943
C12839,3569.826878,3056.06,1994.34,1061.72,0.0,8500.0,2333.314296
C12840,3412.603461,3790.29,1516.3,2273.99,1384.954139,9500.0,3362.90923
C12841,1519.396916,0.0,0.0,0.0,1825.201472,2000.0,412.126381
C12842,1388.825312,974.42,901.92,72.5,1563.646228,1500.0,1071.874614
C12843,12.313357,107.41,0.0,107.41,0.0,2500.0,128.572704
C12844,300.140362,2366.36,555.0,1811.36,0.0,4000.0,2324.527168
C12845,267.88449,129.0,129.0,0.0,2496.787814,12000.0,1974.293695
C12846,179.882212,828.0,0.0,828.0,0.0,1000.0,649.951462
C12847,49.901311,790.65,538.01,252.64,0.0,4000.0,680.166806
C12848,468.138723,0.0,0.0,0.0,1478.624512,1500.0,3198.435463
C12849,1197.052656,298.51,97.5,201.01,1362.13765,1700.0,2048.896136
C12850,2632.469367,0.0,0.0,0.0,535.955512,3000.0,737.932369
C12851,24.479088,90.0,0.0,90.0,0.0,2500.0,128.865057
C12852,1391.33075,530.5,530.5,0.0,0.0,1600.0,573.866182
C12853,2748.868773,598.5,598.5,0.0,0.0,2000.0,518.300462
C12854,1525.273429,133.4,0.0,133.4,0.0,1500.0,568.44997
C12855,149.345328,1424.4,1330.91,93.49,0.0,5000.0,1214.676732
C12857,1364.390161,786.0,646.0,140.0,0.0,5000.0,599.435586
C12858,2274.992396,1794.82,1618.72,176.1,2373.651556,7000.0,722.123971
C12859,2611.487156,0.0,0.0,0.0,2527.237714,6500.0,1155.285734
C12860,11930.78446,37.03,0.0,37.03,5171.710442,14000.0,3042.925661
C12861,95.843629,1210.95,201.99,1008.96,0.0,8000.0,1110.838265
C12862,2518.248504,1086.17,1013.17,73.0,487.263992,3000.0,708.689089
C12863,6380.474771,4381.33,2080.87,2300.46,0.0,11500.0,1297.408037
C12864,937.052256,2003.98,455.62,1548.36,0.0,1200.0,1033.879447
C12865,1693.287862,90.0,90.0,0.0,432.820851,1800.0,350.714526
C12866,111.902733,1554.86,1499.12,55.74,0.0,4000.0,1411.67445
C12867,13.925681,462.78,422.78,40.0,0.0,2000.0,1047.090159
C12868,3003.711667,349.45,0.0,349.45,0.0,2750.0,195.830629
C12869,13.75098,214.38,214.38,0.0,0.0,1500.0,1458.242991
C12871,176.478557,600.0,600.0,0.0,0.0,1500.0,690.478077
C12872,2124.720599,1006.01,686.01,320.0,0.0,5000.0,583.205075
C12873,6043.926807,0.0,0.0,0.0,538.044813,6500.0,1454.548208
C12874,801.513783,1697.02,1217.02,480.0,0.0,5500.0,959.353093
C12875,2791.652315,0.0,0.0,0.0,229.417213,3000.0,548.068694
C12876,1452.868602,93.34,0.0,93.34,0.0,1500.0,361.630594
C12877,5311.500998,2339.79,2339.79,0.0,5930.115233,6500.0,6865.05666
C12878,58.142915,0.0,0.0,0.0,151.730077,1200.0,79.965023
C12879,1738.454303,0.0,0.0,0.0,187.666429,7000.0,500.128525
C12880,115.376754,448.15,448.15,0.0,0.0,9000.0,423.564594
C12881,1615.436077,2610.29,2406.97,203.32,884.570862,3600.0,689.414058
C12883,111.789941,1157.94,943.94,214.0,0.0,7000.0,1209.840603
C12884,11.4334,250.0,250.0,0.0,0.0,1800.0,1445.844749
C12885,169.019496,4769.98,1164.35,3605.63,0.0,4500.0,3998.399141
C12886,1016.583226,120.0,0.0,120.0,0.0,1000.0,358.031022
C12887,111.729154,824.1,824.1,0.0,344.286557,6500.0,2961.848966
C12888,2486.194077,2869.17,1761.23,1107.94,0.0,5500.0,718.693733
C12889,2728.076143,155.32,0.0,155.32,713.751955,4500.0,630.56085
C12890,467.220993,1110.17,640.17,470.0,814.088229,4000.0,2514.118359
C12891,165.192464,206.32,0.0,206.32,0.0,3000.0,271.234786
C12892,2414.43578,689.4,689.4,0.0,1156.608975,8500.0,1582.886402
C12893,2432.276042,7156.11,5921.26,1234.85,1543.726862,9500.0,1914.832296
C12894,1485.081634,48.22,48.22,0.0,106.224702,1700.0,338.531014
C12895,1723.637852,660.61,437.08,223.53,144.154129,2000.0,396.20761
C12896,1738.802811,395.0,395.0,0.0,0.0,6000.0,566.494736
C12897,1912.691045,0.0,0.0,0.0,9553.955906,10000.0,19998.38969
C12898,302.142293,3612.24,3340.05,272.19,0.0,10500.0,2866.24778
C12899,185.725079,456.05,0.0,456.05,0.0,3000.0,446.660021
C12900,2269.800656,0.0,0.0,0.0,3359.844146,3500.0,403.640958
C12901,750.070967,311.2,311.2,0.0,0.0,1000.0,544.179931
C12902,2287.854278,0.0,0.0,0.0,1176.120124,6000.0,3532.758968
C12903,7.817753,170.02,0.0,170.02,0.0,2000.0,373.02841
C12904,877.603886,7786.4,215.0,7571.4,0.0,6500.0,7328.487542
C12905,11642.60156,15108.47,2370.0,12738.47,0.0,12000.0,16005.45204
C12906,2893.135916,0.0,0.0,0.0,1188.127404,4000.0,877.652143
C12907,1589.083369,0.0,0.0,0.0,1527.089071,2000.0,287.350882
C12908,2540.711001,844.38,844.38,0.0,197.620055,7000.0,576.312714
C12909,1023.124791,1537.93,1093.67,444.26,247.04197,9000.0,1070.149971
C12910,3937.87556,0.0,0.0,0.0,1767.100074,12000.0,2108.79056
C12911,1079.008102,0.0,0.0,0.0,1259.571764,1200.0,1379.635287
C12912,2545.614986,0.0,0.0,0.0,1353.803704,3000.0,716.417015
C12913,1659.414215,324.0,324.0,0.0,2039.735576,4000.0,510.211233
C12914,4484.839808,591.3,0.0,591.3,1402.722044,6500.0,1476.731171
C12915,335.360271,3237.47,3237.47,0.0,0.0,2000.0,3137.11501
C12916,8214.860286,5213.41,2396.6,2816.81,0.0,15000.0,2137.637765
C12917,745.72702,137.7,35.0,102.7,0.0,2000.0,2443.972329
C12918,302.091029,0.0,0.0,0.0,3688.086261,2000.0,4032.526313
C12919,438.550144,3647.61,3403.79,243.82,0.0,7500.0,3130.109064
C12920,646.745968,0.0,0.0,0.0,889.412824,1350.0,789.132988
C12921,9266.08054,100.0,0.0,100.0,4383.296268,17500.0,2444.123547
C12922,2735.480264,100.0,0.0,100.0,6964.780053,9000.0,1129.128267
C12923,160.530303,299.38,299.38,0.0,836.768709,1200.0,41.244164
C12924,2.386716,115.0,0.0,115.0,0.0,8500.0,99.456136
C12925,199.753857,1569.23,940.51,628.72,0.0,7500.0,1480.652512
C12926,1647.990537,127.46,127.46,0.0,0.0,3500.0,414.257207
C12927,1362.551313,0.0,0.0,0.0,73.99384,1500.0,312.512407
C12928,2221.252825,0.0,0.0,0.0,6448.247202,7000.0,397.799248
C12929,101.138672,1411.82,546.02,865.8,0.0,3500.0,1357.403057
C12930,19.411374,229.92,0.0,229.92,0.0,2000.0,254.145406
C12931,189.11961,429.88,0.0,429.88,0.0,10000.0,723.776734
C12932,67.86054,295.64,189.0,106.64,0.0,3000.0,374.782336
C12933,1338.317684,0.0,0.0,0.0,1961.77281,2000.0,2313.97005
C12934,5099.850196,805.45,695.9,109.55,587.441992,5000.0,1922.297415
C12935,68.222735,537.68,0.0,537.68,0.0,3000.0,577.379225
C12936,4028.756012,361.07,104.38,256.69,0.0,4300.0,1279.931508
C12937,9.730297,99.24,0.0,99.24,0.0,1000.0,195.347822
C12938,224.915345,2330.0,0.0,2330.0,0.0,7500.0,3795.415177
C12939,1378.911019,0.0,0.0,0.0,454.311051,1500.0,782.706659
C12941,2017.948347,1137.55,1137.55,0.0,145.93864,2500.0,2416.247973
C12943,409.194212,1213.23,1213.23,0.0,1751.419465,6000.0,5997.800728
C12944,3130.53708,428.16,428.16,0.0,688.362421,4300.0,734.931543
C12945,1143.409012,0.0,0.0,0.0,47.241537,1200.0,283.066151
C12946,4215.771256,0.0,0.0,0.0,7870.352952,7500.0,5197.380969
C12947,54.952957,470.12,0.0,470.12,0.0,10000.0,1042.208975
C12948,1539.46423,629.78,423.89,205.89,0.0,2000.0,559.336578
C12949,2589.500085,0.0,0.0,0.0,2529.709392,5000.0,1647.938923
C12950,798.070226,660.02,530.19,129.83,189.780271,2050.0,1238.467693
C12951,6877.333016,0.0,0.0,0.0,3801.1506,9000.0,1370.858877
C12952,234.544023,2453.46,408.97,2044.49,0.0,6500.0,2869.929774
C12953,4420.693904,0.0,0.0,0.0,3202.933702,4600.0,2831.140832
C12954,5757.919072,5544.45,3169.2,2375.25,2722.524205,7000.0,2370.147958
C12955,2341.625484,2153.83,1260.08,893.75,0.0,7500.0,774.4989
C12956,1022.687467,409.92,0.0,409.92,177.186666,1000.0,774.611541
C12957,1497.869891,806.64,681.69,124.95,0.0,1700.0,826.296904
C12958,115.340163,54.67,0.0,54.67,727.568806,1200.0,410.867044
C12959,1175.749847,848.26,115.0,733.26,1032.462268,1200.0,2117.531771
C12960,512.058666,921.2,664.73,256.47,0.0,5500.0,1851.553319
C12961,40.645069,636.83,636.83,0.0,0.0,7500.0,670.205252
C12962,12323.84536,989.32,989.32,0.0,0.0,18000.0,9542.247486
C12963,967.177679,208.4,0.0,208.4,0.0,1000.0,431.402414
C12964,97.453056,334.73,334.73,0.0,19.551802,2500.0,234.271939
C12965,346.782576,961.12,961.12,0.0,0.0,7000.0,409.11342
C12966,32.228288,73.45,73.45,0.0,0.0,4000.0,25.162565
C12967,39.642014,0.0,0.0,0.0,45.175571,5000.0,0.0
C12968,1902.444082,0.0,0.0,0.0,2272.984507,2500.0,2751.373324
C12969,600.777518,760.38,269.53,490.85,0.0,4500.0,829.712416
C12970,2864.644318,135.0,70.0,65.0,4345.320169,7000.0,1626.504396
C12971,4994.957253,0.0,0.0,0.0,2539.708186,6400.0,1107.988488
C12972,5392.29598,0.0,0.0,0.0,4020.9308,8000.0,8237.315179
C12973,1841.606048,0.0,0.0,0.0,2592.516363,2500.0,372.508487
C12974,2809.125422,65.5,65.5,0.0,0.0,3000.0,534.051634
C12975,1305.724538,509.88,0.0,509.88,93.018864,1200.0,913.23046
C12976,258.148852,433.2,0.0,433.2,0.0,6000.0,229.824503
C12977,162.722336,222.7,94.7,128.0,0.0,4250.0,367.719858
C12978,4007.610043,83.0,83.0,0.0,9003.084705,10000.0,1308.070478
C12979,11.759081,100.94,0.0,100.94,0.0,6000.0,567.062237
C12980,1384.008582,0.0,0.0,0.0,102.319161,1500.0,183.35091
C12981,6980.228444,4400.0,4000.0,400.0,913.382295,10000.0,1530.593874
C12982,2964.124423,118.05,0.0,118.05,157.301178,3000.0,359.886515
C12983,78.287038,1045.76,63.2,982.56,0.0,7000.0,944.999337
C12984,1307.937701,1280.58,237.4,1043.18,0.0,1800.0,544.411381
C12985,27.93791,205.92,0.0,205.92,0.0,1200.0,327.268542
C12986,77.305919,171.06,0.0,171.06,0.0,1500.0,329.587528
C12987,807.091888,1272.53,356.64,915.89,0.0,6000.0,2274.388713
C12988,5423.576453,1672.55,107.89,1564.66,2768.037239,8500.0,2411.575976
C12989,1290.524209,1518.26,1024.83,493.43,39.054692,1700.0,294.227995
C12990,34.869037,356.32,0.0,356.32,0.0,1000.0,286.841222
C12991,811.564879,558.08,492.04,66.04,0.0,8500.0,694.594504
C12992,1109.109473,113.0,113.0,0.0,189.801109,2500.0,200.741855
C12993,969.034643,50.85,50.85,0.0,0.0,1200.0,256.061264
C12994,80.167956,1053.52,1053.52,0.0,0.0,3000.0,970.48092
C12995,607.912561,205.84,205.84,0.0,1076.492197,6000.0,258.631069
C12996,0.0,199.73,22.0,177.73,0.0,9000.0,5557.460834
C12997,1758.703148,3955.35,3502.36,452.99,0.0,7500.0,3561.755293
C12998,169.062888,1556.66,209.33,1347.33,0.0,1000.0,1234.677121
C12999,268.577278,0.0,0.0,0.0,5625.798427,9000.0,34107.07499
C13000,1431.670328,1020.76,0.0,1020.76,0.0,5000.0,524.610416
C13001,241.097264,790.6,63.9,726.7,0.0,1500.0,478.948292
C13002,1484.705242,2673.3,2272.02,401.28,4104.024116,5000.0,6169.78218
C13004,54.80309,462.32,0.0,462.32,0.0,5000.0,422.709468
C13005,1687.570137,162.04,73.04,89.0,0.0,1800.0,331.015115
C13006,1182.045732,130.0,70.0,60.0,0.0,1200.0,279.439759
C13007,2304.087171,0.0,0.0,0.0,3511.369006,3000.0,3004.655015
C13008,8030.872986,0.0,0.0,0.0,4904.289845,8500.0,5467.375109
C13009,1.151323,60.3,60.3,0.0,0.0,1200.0,697.573197
C13011,188.701762,900.45,900.45,0.0,0.0,1200.0,1002.783773
C13012,2136.814161,0.0,0.0,0.0,2120.653422,6000.0,1164.792197
C13013,1747.858092,3048.4,2500.8,547.6,119.336811,3000.0,1390.388571
C13014,2637.334329,0.0,0.0,0.0,1204.068667,3000.0,525.003763
C13015,499.437461,0.0,0.0,0.0,496.939698,1200.0,956.458532
C13016,21.32716,309.74,0.0,309.74,0.0,8500.0,444.809305
C13017,1534.294061,6508.72,3342.9,3165.82,0.0,6000.0,4954.001262
C13018,61.954938,477.42,0.0,477.42,0.0,6000.0,584.052195
C13019,1294.324002,0.0,0.0,0.0,101.183886,1500.0,495.527043
C13020,657.831607,612.25,0.0,612.25,1422.284696,1500.0,2223.160653
C13021,2708.9687,0.0,0.0,0.0,1655.456304,3000.0,647.36814
C13022,689.764098,0.0,0.0,0.0,2289.78885,1800.0,2476.929255
C13023,6329.586806,0.0,0.0,0.0,5489.844176,14600.0,18091.01347
C13024,4446.40675,0.0,0.0,0.0,245.067148,5000.0,1193.527453
C13025,1173.662921,0.0,0.0,0.0,1422.490362,1800.0,238.582391
C13026,21.881488,168.08,0.0,168.08,0.0,1500.0,197.731378
C13027,1518.638794,0.0,0.0,0.0,5187.029833,5500.0,6744.953537
C13028,1061.439175,0.0,0.0,0.0,137.757459,1200.0,446.265741
C13029,1579.728772,0.0,0.0,0.0,124.941315,1800.0,464.305701
C13031,6.149295,169.01,0.0,169.01,0.0,10000.0,731.852542
C13032,2848.735428,95.67,95.67,0.0,272.559361,5500.0,679.138272
C13033,32.215585,0.0,0.0,0.0,758.123122,7500.0,838.652563
C13034,5823.907919,0.0,0.0,0.0,3225.842654,9500.0,1214.067137
C13035,978.567283,1401.54,0.0,1401.54,0.0,4500.0,1769.181653
C13036,1588.447753,825.96,825.96,0.0,913.94708,4000.0,258.557194
C13037,1530.883538,964.67,964.67,0.0,0.0,3000.0,288.366557
C13038,180.230777,1653.91,997.1,656.81,0.0,11500.0,1785.782313
C13039,256.182628,111.39,111.39,0.0,0.0,10000.0,16842.39187
C13040,1794.484219,197.7,197.7,0.0,271.900257,1950.0,587.264565
C13041,1103.988247,0.0,0.0,0.0,2070.856333,6500.0,333.050357
C13042,1783.622522,0.0,0.0,0.0,99.516488,2000.0,453.767518
C13043,3560.734141,0.0,0.0,0.0,1466.123982,4000.0,886.116717
C13044,4751.340645,309.86,0.0,309.86,0.0,8600.0,5883.427252
C13045,33.663794,585.6,0.0,585.6,0.0,1000.0,578.786142
C13046,124.739834,1004.3,0.0,1004.3,0.0,4000.0,970.981432
C13047,2786.494499,0.0,0.0,0.0,1547.268611,8000.0,837.844106
C13048,6538.064926,1554.42,193.1,1361.32,1329.288028,7500.0,1213.586463
C13049,4360.032452,0.0,0.0,0.0,655.669266,4500.0,1345.389329
C13050,1013.23312,0.0,0.0,0.0,603.491005,1200.0,535.726687
C13051,7215.745096,0.0,0.0,0.0,3682.382663,12000.0,1946.227099
C13052,2320.402196,436.0,0.0,436.0,3298.084294,4000.0,4664.822102
C13053,8791.161142,0.0,0.0,0.0,3706.755143,12000.0,2244.627566
C13054,22.720976,853.75,123.5,730.25,0.0,6000.0,594.205112
C13056,1083.787792,110.0,110.0,0.0,342.027342,1200.0,504.434613
C13057,3.744802,154.5,154.5,0.0,0.0,3800.0,178.897596
C13058,5968.583246,22381.97,19150.02,3231.95,0.0,14500.0,20343.28681
C13059,2249.367093,902.43,902.43,0.0,0.0,2500.0,789.29843
C13060,326.648686,1086.16,188.0,898.16,0.0,7000.0,2579.973654
C13061,3481.400783,188.0,188.0,0.0,2747.982493,8500.0,844.591086
C13062,2237.238086,120.0,120.0,0.0,0.0,2500.0,343.102984
C13063,1611.720259,955.59,873.85,81.74,0.0,5000.0,703.220116
C13064,3294.951011,2923.07,2762.0,161.07,3801.850865,13000.0,6320.790788
C13065,1436.783799,258.86,25.52,233.34,143.228646,1500.0,662.396392
C13066,78.44322,1367.73,0.0,1367.73,0.0,6000.0,1229.147513
C13067,3586.66025,342.0,177.0,165.0,5409.095889,6000.0,5949.072074
C13068,1119.464067,0.0,0.0,0.0,748.241727,3000.0,1951.116757
C13069,190.872836,3011.36,0.0,3011.36,0.0,7500.0,2543.018081
C13070,4881.395564,849.78,849.78,0.0,0.0,11500.0,1097.471776
C13071,891.111576,698.99,0.0,698.99,1208.994937,1500.0,2152.76797
C13072,124.732546,301.07,301.07,0.0,0.0,5000.0,732.951933
C13073,1820.216623,4877.66,2341.16,2536.5,0.0,4500.0,1297.994539
C13074,212.080181,618.0,333.0,285.0,0.0,6000.0,378.383325
C13076,2135.406047,1600.09,1425.13,174.96,78.600122,2500.0,699.818277
C13077,523.329585,5819.46,4646.02,1173.44,0.0,6000.0,5279.91437
C13078,2655.715643,0.0,0.0,0.0,2179.449214,3000.0,893.586488
C13079,17.415068,147.7,0.0,147.7,0.0,4000.0,177.088102
C13080,347.577293,26.8,26.8,0.0,470.846474,500.0,28.654864
C13081,2201.533726,0.0,0.0,0.0,2719.782919,3000.0,3436.911086
C13082,169.850339,1693.03,39.0,1654.03,0.0,4000.0,1382.622524
C13083,1584.358415,0.0,0.0,0.0,440.692946,4000.0,805.264643
C13084,5030.927831,99.0,99.0,0.0,2999.769235,6000.0,1144.381323
C13085,982.165343,435.72,45.65,390.07,0.0,2300.0,917.52463
C13086,233.376877,1178.12,901.5,276.62,0.0,6000.0,1098.390459
C13087,1201.149593,851.21,260.45,590.76,0.0,3600.0,978.569968
C13088,36.607995,224.4,224.4,0.0,0.0,2100.0,372.093413
C13089,2380.291402,1433.2,487.74,945.46,254.450638,7000.0,1877.023036
C13090,198.377577,0.0,0.0,0.0,3882.683613,9000.0,6200.550587
C13091,27.585915,0.0,0.0,0.0,1209.369868,11000.0,14176.74867
C13092,1369.969909,1770.0,1770.0,0.0,460.484164,1800.0,1692.52541
C13093,100.037595,414.48,0.0,414.48,0.0,1000.0,234.619774
C13094,1412.593167,1278.5,1278.5,0.0,0.0,10500.0,1296.772849
C13095,3473.463277,1182.95,718.75,464.2,0.0,6000.0,955.667752
C13096,411.894578,2948.1,2706.59,241.51,0.0,4000.0,2520.35969
C13097,3380.990237,984.31,984.31,0.0,508.157584,3800.0,1694.781649
C13098,381.959463,1013.6,1013.6,0.0,476.74727,3500.0,2246.428764
C13099,449.456201,3597.02,2833.13,763.89,0.0,2000.0,3901.786339
C13100,1134.830372,833.98,833.98,0.0,0.0,7500.0,285.23111
C13101,1358.798385,0.0,0.0,0.0,174.369769,1500.0,337.074078
C13102,177.550964,2188.88,101.0,2087.88,0.0,7500.0,2372.21499
C13103,1310.839573,646.28,422.17,224.11,2350.427153,1500.0,1758.379933
C13104,1088.568358,436.8,150.0,286.8,0.0,1000.0,363.125659
C13105,341.233281,277.06,0.0,277.06,0.0,2800.0,2859.947327
C13106,1289.327381,892.0,563.0,329.0,0.0,3500.0,655.143647
C13107,597.297664,689.67,228.87,460.8,73.693002,3511.111111,2327.014381
C13108,894.081947,1901.71,1853.11,48.6,206.61878,1500.0,947.130141
C13109,1492.035204,2429.23,1680.7,748.53,0.0,7000.0,4373.664316
C13110,112.514659,459.51,274.65,184.86,0.0,1200.0,211.625556
C13111,795.401963,3408.01,3408.01,0.0,0.0,5000.0,5797.060195
C13112,1987.474619,2254.03,1607.39,646.64,988.51815,3000.0,898.751834
C13113,6995.3025,999.77,0.0,999.77,6507.113368,8000.0,2863.397049
C13114,72.518075,525.0,0.0,525.0,0.0,1000.0,553.4725
C13115,541.61305,554.79,554.79,0.0,468.601675,7000.0,2500.847222
C13116,1919.443036,0.0,0.0,0.0,5427.830151,5500.0,2936.557193
C13117,60.837925,387.42,0.0,387.42,0.0,1500.0,347.63772
C13118,33.954525,158.0,0.0,158.0,0.0,1200.0,178.116509
C13119,491.91535,4527.64,4327.31,200.33,0.0,2300.0,4139.307545
C13120,733.988674,83.47,83.47,0.0,0.0,9000.0,195.17029
C13121,5606.778018,283.88,124.88,159.0,3637.857309,14500.0,12124.63957
C13122,408.310297,0.0,0.0,0.0,777.912775,1500.0,1488.832955
C13123,580.649334,0.0,0.0,0.0,1133.582799,1200.0,215.025138
C13124,2709.099711,354.92,354.92,0.0,340.821615,8500.0,997.929231
C13125,3821.413393,197.0,80.5,116.5,3926.684678,7000.0,700.151706
C13126,1224.95436,0.0,0.0,0.0,292.385578,1400.0,350.078829
C13127,3846.74253,0.0,0.0,0.0,1932.460679,5600.0,496.245836
C13128,5500.316126,0.0,0.0,0.0,4930.998256,9000.0,10036.80464
C13129,364.516232,0.0,0.0,0.0,720.251306,6500.0,94.932543
C13130,688.993252,803.57,0.0,803.57,0.0,2000.0,253.769944
C13131,3781.053716,764.19,0.0,764.19,279.13821,7000.0,1640.238914
C13132,1394.445085,0.0,0.0,0.0,279.693602,1600.0,389.817084
C13133,117.205812,215.0,215.0,0.0,0.0,1750.0,86.403222
C13134,4373.439331,1959.04,1570.04,389.0,5124.126997,7000.0,820.851704
C13135,2931.237524,150.0,150.0,0.0,1434.135353,3000.0,577.725789
C13136,310.666963,881.87,509.87,372.0,0.0,7500.0,274.936052
C13137,970.120944,120.0,120.0,0.0,394.626936,1500.0,1646.068152
C13138,931.144615,1864.5,1864.5,0.0,148.542419,2000.0,194.303595
C13139,1484.996584,170.0,170.0,0.0,0.0,1500.0,406.189673
C13140,1967.931753,1344.85,1344.85,0.0,2509.019799,3500.0,3772.740721
C13141,74.653975,603.6,253.6,350.0,0.0,2500.0,431.710102
C13142,84.783684,203.6,0.0,203.6,0.0,1500.0,206.472169
C13143,668.742738,951.97,664.83,287.14,0.0,1000.0,1362.945215
C13144,3790.510114,2626.06,2236.68,389.38,0.0,7500.0,2057.425716
C13145,58.241599,792.35,0.0,792.35,0.0,10000.0,762.107502
C13146,226.804333,669.19,669.19,0.0,0.0,8000.0,1093.526476
C13147,216.595085,270.21,270.21,0.0,232.881575,6000.0,453.391188
C13148,1552.53528,2072.43,1518.4,554.03,0.0,7000.0,2522.068213
C13149,1131.445959,0.0,0.0,0.0,1498.390707,1950.0,662.653149
C13150,1048.403657,652.24,652.24,0.0,0.0,4000.0,2274.855647
C13151,460.956973,145.28,35.25,110.03,1404.503073,8000.0,1235.201553
C13152,5873.201628,146.68,42.66,104.02,2206.510074,8000.0,1951.218091
C13153,281.349361,473.34,0.0,473.34,0.0,1500.0,153.209881
C13154,1207.886609,143.0,0.0,143.0,1358.395174,3000.0,398.257086
C13155,9.12851,80.06,80.06,0.0,0.0,1600.0,0.0
C13156,929.473356,0.0,0.0,0.0,1335.247069,6000.0,430.236948
C13157,907.120507,98.0,0.0,98.0,2683.566903,3000.0,514.338268
C13158,744.112849,1628.08,626.23,1001.85,0.0,6000.0,892.732912
C13159,0.0,63.3,0.0,63.3,0.0,2700.0,0.0
C13160,1499.324936,0.0,0.0,0.0,18.123413,1500.0,309.565852
C13161,89.229937,830.0,0.0,830.0,0.0,4000.0,923.299373
C13162,1057.142919,789.96,739.96,50.0,0.0,8000.0,1328.926056
C13163,2160.127684,353.22,127.28,225.94,185.02165,2500.0,3745.594702
C13164,740.231763,150.0,150.0,0.0,0.0,1800.0,1810.018994
C13165,666.314773,0.0,0.0,0.0,1435.898249,1500.0,444.852002
C13166,1293.044047,0.0,0.0,0.0,1425.748356,1500.0,294.30747
C13167,1360.795674,0.0,0.0,0.0,462.861443,1500.0,303.031979
C13168,13.362018,119.46,60.27,59.19,0.0,7500.0,534.740352
C13169,2878.715983,909.16,513.78,395.38,2600.803827,3000.0,4103.582568
C13170,1792.255588,582.85,482.21,100.64,0.0,11500.0,4247.404958
C13171,1939.822738,1130.25,1130.25,0.0,1811.549006,3000.0,566.13825
C13172,2939.047848,749.0,299.0,450.0,7130.160309,5000.0,4161.642762
C13173,888.023397,0.0,0.0,0.0,252.318137,1500.0,1734.981714
C13174,13.959639,149.88,29.9,119.98,0.0,4000.0,235.74496
C13175,4413.461158,55.12,55.12,0.0,0.0,5000.0,1433.807814
C13176,2900.59088,588.48,588.48,0.0,0.0,3000.0,1189.418494
C13178,2600.500163,1301.9,1169.9,132.0,0.0,4500.0,530.552146
C13179,4075.540208,0.0,0.0,0.0,3502.346314,14000.0,8012.84957
C13180,791.117673,854.2,854.2,0.0,0.0,7350.0,5346.679636
C13181,950.31308,1022.84,1022.84,0.0,0.0,1500.0,818.113846
C13182,3.64248,71.65,0.0,71.65,0.0,2000.0,270.73449
C13183,6773.941979,14215.0,14215.0,0.0,464.795495,9000.0,5773.661106
C13184,906.830419,129.0,129.0,0.0,2168.295882,1700.0,2152.93568
C13185,1705.435895,0.0,0.0,0.0,3719.359585,4000.0,282.620956
C13186,2311.164692,318.85,0.0,318.85,3541.752608,5000.0,526.713137
C13187,2262.825216,221.2,221.2,0.0,0.0,9000.0,6791.182982
C13188,380.351858,1216.21,1216.21,0.0,145.058195,3000.0,1605.939594
C13189,3218.51979,0.0,0.0,0.0,1335.303813,14500.0,804.616908
C13190,2089.451704,1256.49,879.61,376.88,1381.853089,2500.0,637.044684
C13191,103.611789,960.24,0.0,960.24,0.0,2700.0,938.788924
C13192,1589.141901,0.0,0.0,0.0,1387.07837,3000.0,454.856663
C13193,6369.895861,335.68,0.0,335.68,2607.530791,9000.0,1592.064294
C13194,4028.315428,0.0,0.0,0.0,275.691831,4500.0,892.224219
C13195,725.529062,8754.59,8636.73,117.86,0.0,4000.0,8648.305093
C13196,1766.619204,261.12,233.54,27.58,958.092503,1950.0,1508.080601
C13197,1935.116931,0.0,0.0,0.0,4195.104578,7000.0,680.591231
C13198,1487.517111,614.53,311.22,303.31,0.0,1700.0,570.147403
C13199,4037.543707,1005.72,220.0,785.72,6203.612318,6000.0,3724.247764
C13200,7.954284,56.0,56.0,0.0,0.0,10500.0,312.280331
C13201,147.193451,2863.92,0.0,2863.92,0.0,2500.0,2589.303082
C13202,1125.539048,645.96,59.9,586.06,1214.196152,1500.0,693.631165
C13203,1950.956894,0.0,0.0,0.0,2844.307484,3000.0,300.71395
C13204,972.283554,0.0,0.0,0.0,3210.308898,6000.0,413.800076
C13205,5931.699858,218.0,218.0,0.0,2527.492866,8000.0,1309.816518
C13206,1956.708852,1351.68,903.4,448.28,94.976442,2500.0,1240.372707
C13207,1384.792038,133.34,0.0,133.34,0.0,2900.0,1877.881775
C13208,7857.659056,1760.55,53.0,1707.55,7418.467899,15000.0,2114.977167
C13209,0.0,70.65,70.65,0.0,0.0,4000.0,95.733701
C13210,5211.684904,0.0,0.0,0.0,2994.309677,6000.0,1376.037807
C13211,1832.096639,1560.21,1310.25,249.96,1862.018701,4000.0,60.712768
C13212,607.20006,549.08,216.95,332.13,67.423321,4500.0,471.103957
C13213,9753.114706,10199.63,4585.44,5614.19,113.120409,15000.0,8292.65306
C13214,66.163293,259.32,0.0,259.32,0.0,1500.0,384.275314
C13215,859.588282,48.16,48.16,0.0,9139.119365,10000.0,376.383077
C13216,44.081566,503.25,0.0,503.25,0.0,8500.0,500.251341
C13217,3776.150532,0.0,0.0,0.0,3335.783756,6000.0,881.37316
C13218,99.527723,1059.59,1059.59,0.0,0.0,2500.0,1438.379172
C13219,2972.931391,60.54,0.0,60.54,988.385871,8500.0,5693.080357
C13220,1941.315169,262.08,0.0,262.08,0.0,5000.0,557.258278
C13221,2852.354665,424.84,424.84,0.0,0.0,3000.0,725.815797
C13222,432.058764,817.62,254.14,563.48,0.0,5100.0,2797.052769
C13223,240.814517,59.0,59.0,0.0,196.906234,5000.0,5135.531491
C13224,978.091862,550.53,0.0,550.53,0.0,1200.0,1068.923263
C13225,7387.803893,208.0,208.0,0.0,6728.679523,14000.0,1613.637071
C13226,1454.188994,70.0,70.0,0.0,296.081137,1500.0,688.566665
C13227,21.968945,335.0,0.0,335.0,0.0,1000.0,742.772271
C13228,56.091512,405.0,0.0,405.0,0.0,6727.272727,553.440125
C13229,5920.486917,899.8,0.0,899.8,1694.266621,6500.0,1654.932016
C13230,216.702671,2205.51,1073.49,1132.02,0.0,7500.0,1941.251813
C13231,9629.808851,0.0,0.0,0.0,4372.393835,12000.0,2468.988022
C13232,870.774939,169.03,20.0,149.03,432.747965,5000.0,444.462463
C13233,867.244416,804.18,0.0,804.18,0.0,3700.0,1175.28625
C13234,429.887213,898.34,295.0,603.34,0.0,6500.0,865.94452
C13235,1884.252524,1358.88,116.63,1242.25,0.0,1200.0,303.560901
C13236,1801.045046,1684.29,1620.69,63.6,0.0,8000.0,4376.057598
C13237,464.445178,436.3,0.0,436.3,0.0,1800.0,523.180176
C13238,1876.290248,63.62,63.62,0.0,0.0,2000.0,383.273938
C13239,1471.557317,577.58,0.0,577.58,529.067202,1500.0,1265.924345
C13240,410.021801,1438.76,1060.66,378.1,0.0,3000.0,424.595959
C13241,292.688812,2815.82,2047.65,768.17,0.0,7000.0,4382.773241
C13242,5176.531297,67.84,67.84,0.0,2665.236381,6000.0,1178.560867
C13243,7776.4369,107.33,107.33,0.0,3404.231913,8500.0,1891.304756
C13244,1562.698176,354.04,354.04,0.0,0.0,6000.0,2975.946627
C13245,7682.12519,663.0,663.0,0.0,5515.966342,9000.0,3206.54505
C13246,2251.631886,3727.77,3227.85,499.92,0.0,3150.0,3516.064225
C13247,2783.614341,1725.05,700.05,1025.0,1004.424902,5000.0,812.534656
C13248,2392.332606,2556.32,1566.42,989.9,4091.326388,6500.0,1336.30247
C13249,4418.554352,960.0,0.0,960.0,958.069623,4500.0,1656.726415
C13250,226.35396,2455.75,2230.75,225.0,0.0,6000.0,1999.316204
C13251,148.7321,532.66,342.66,190.0,0.0,3000.0,476.194293
C13252,793.005227,4.99,4.99,0.0,0.0,2500.0,1127.028432
C13253,960.221148,0.0,0.0,0.0,1357.652469,1500.0,308.039409
C13254,2011.929899,208.5,0.0,208.5,0.0,7000.0,517.558081
C13255,7293.108794,0.0,0.0,0.0,1877.531533,8500.0,1816.195475
C13257,1033.41108,1020.3,1020.3,0.0,180.93905,1200.0,809.176783
C13258,1375.427868,0.0,0.0,0.0,1658.888269,3000.0,474.560258
C13259,0.683939,17.7,17.7,0.0,0.0,1500.0,18.825023
C13260,1328.569532,140.0,140.0,0.0,0.0,1600.0,326.461136
C13261,87.931814,617.5,0.0,617.5,0.0,4000.0,740.045839
C13262,8897.437228,3710.57,1600.0,2110.57,588.051695,9000.0,2434.069001
C13263,140.120632,644.16,0.0,644.16,0.0,1500.0,399.905138
C13264,488.00991,102.98,0.0,102.98,0.0,7000.0,186.660086
C13265,3356.816523,0.0,0.0,0.0,1831.109653,3500.0,661.24329
C13266,2.796865,170.92,170.92,0.0,0.0,4000.0,227.392057
C13267,2453.444449,622.16,0.0,622.16,0.0,2500.0,1205.366513
C13268,2146.005518,469.83,469.83,0.0,0.0,8500.0,1025.916057
C13269,4504.79334,0.0,0.0,0.0,4707.988554,7500.0,1786.385347
C13270,1406.388339,542.7,542.7,0.0,305.496366,1600.0,505.060863
C13271,4013.183067,2591.77,1956.09,635.68,1437.475493,8500.0,8342.187656
C13272,11631.32337,14686.1,0.0,14686.1,3422.724703,13600.0,11400.6013
C13273,1839.93046,26.12,26.12,0.0,158.971239,1950.0,525.947589
C13275,845.307601,0.0,0.0,0.0,5452.074197,6000.0,1148.343858
C13276,1202.869845,0.0,0.0,0.0,1408.583789,1500.0,388.040315
C13277,1076.586375,2204.54,877.89,1326.65,0.0,1000.0,2514.502136
C13278,1593.619532,0.0,0.0,0.0,209.211041,1800.0,612.459086
C13279,0.0,61.21,61.21,0.0,0.0,2600.0,0.0
C13280,22.242824,236.28,236.28,0.0,0.0,4000.0,258.45701
C13282,132.993735,1383.67,1358.77,24.9,0.0,7000.0,1270.735859
C13283,5438.546318,287.43,0.0,287.43,1661.975726,6500.0,1297.428044
C13284,666.123984,1999.7,351.0,1648.7,0.0,3100.0,667.118376
C13285,1862.269621,0.0,0.0,0.0,2934.816408,3000.0,970.716436
C13286,3616.001088,365.0,365.0,0.0,377.340385,9500.0,1215.577201
C13287,1763.755481,2233.3,2233.3,0.0,0.0,13000.0,2209.056302
C13288,452.094148,5073.53,4752.26,321.27,0.0,7000.0,3923.560419
C13289,64.162396,541.6,0.0,541.6,0.0,7500.0,377.067598
C13290,9342.15857,0.0,0.0,0.0,3666.845105,11000.0,2308.545227
C13291,2267.245868,0.0,0.0,0.0,2577.952598,3000.0,510.067074
C13292,1461.259621,178.67,0.0,178.67,0.0,6500.0,666.357134
C13293,844.837833,2196.38,1868.83,327.55,2716.83907,5000.0,3274.100331
C13294,1402.44598,0.0,0.0,0.0,109.398095,1500.0,438.031669
C13295,1838.159648,0.0,0.0,0.0,713.245337,3500.0,2958.852784
C13296,333.810017,4678.63,3389.73,1288.9,0.0,2500.0,3789.993246
C13297,4526.591303,1806.5,976.5,830.0,4354.491196,9000.0,1329.600846
C13298,74.0153,546.7,0.0,546.7,0.0,4000.0,673.234502
C13299,88.492683,0.0,0.0,0.0,438.517219,2500.0,481.996972
C13300,1508.80711,372.16,325.32,46.84,1172.467897,2500.0,2948.81126
C13301,3.925627,17.8,17.8,0.0,0.0,2500.0,649.54356
C13302,65.207898,350.0,350.0,0.0,0.0,8000.0,369.369235
C13303,10871.08518,0.0,0.0,0.0,4822.559803,18000.0,2735.624602
C13304,1845.113513,258.9,258.9,0.0,251.188184,2000.0,486.093032
C13305,4432.514906,1543.75,1543.75,0.0,2188.478475,9000.0,1042.51532
C13306,1133.652007,34.83,34.83,0.0,0.0,1200.0,309.340005
C13307,1054.466688,142.8,142.8,0.0,0.0,1200.0,515.767434
C13308,449.123098,65.0,65.0,0.0,354.816958,2500.0,118.654655
C13309,1760.407415,0.0,0.0,0.0,364.974098,3500.0,1868.315118
C13310,2308.191918,47.8,0.0,47.8,0.0,3000.0,617.883193
C13312,2007.080218,75.0,0.0,75.0,1270.19897,2500.0,453.694102
C13313,6045.192228,0.0,0.0,0.0,2628.993114,8500.0,1507.863241
C13314,4393.939007,417.08,417.08,0.0,2126.961648,5300.0,1026.406336
C13315,969.346477,0.0,0.0,0.0,7217.705353,5200.0,7122.694558
C13316,784.897871,0.0,0.0,0.0,312.283682,1600.0,287.326954
C13317,509.900317,21.0,0.0,21.0,0.0,11500.0,23150.57184
C13318,124.561589,1674.16,1674.16,0.0,0.0,1800.0,2397.018501
C13319,175.930384,264.98,0.0,264.98,1556.629433,1500.0,5379.820725
C13320,250.493739,500.67,500.67,0.0,0.0,12000.0,589.69489
C13321,1735.137321,1879.92,1879.92,0.0,934.051432,4000.0,3986.076109
C13322,89.708187,1808.6,1808.6,0.0,450.417925,7500.0,1890.186096
C13323,1954.920348,1016.34,1016.34,0.0,0.0,7500.0,481.559934
C13324,81.860834,710.09,392.0,318.09,0.0,7500.0,684.774819
C13325,165.544411,468.6,335.4,133.2,18.126683,1700.0,1389.092134
C13326,935.778608,645.83,645.83,0.0,2607.507856,6500.0,5524.371958
C13327,1574.330411,869.26,0.0,869.26,0.0,1500.0,1341.941189
C13328,833.62924,1171.28,856.28,315.0,0.0,6500.0,1034.871633
C13329,0.0,103.68,103.68,0.0,0.0,2500.0,230.652819
C13330,56.837819,584.34,584.34,0.0,0.0,9500.0,1074.374998
C13331,51.759686,256.5,0.0,256.5,0.0,4000.0,282.494417
C13332,2675.636728,1257.27,1115.92,141.35,0.0,6000.0,1380.967309
C13333,1907.364819,192.88,138.0,54.88,0.0,7500.0,1484.679588
C13334,182.085903,1935.16,1935.16,0.0,0.0,13500.0,2559.793542
C13335,243.590067,1995.25,410.21,1585.04,0.0,5700.0,2413.9198
C13336,2130.117689,63.38,0.0,63.38,1131.804112,2500.0,1125.751115
C13337,4660.384868,0.0,0.0,0.0,782.193415,5000.0,1161.791759
C13338,129.314624,94.5,0.0,94.5,0.0,1500.0,132.94586
C13339,1963.239125,67.55,0.0,67.55,1935.971876,2500.0,459.929854
C13340,1166.660018,2452.69,1541.69,911.0,0.0,1500.0,1259.60563
C13341,42.996921,230.04,230.04,0.0,0.0,200.0,187.489678
C13342,4064.615698,351.0,0.0,351.0,2412.0422,5000.0,702.91438
C13343,25.095678,177.76,0.0,177.76,0.0,1500.0,138.239594
C13344,1149.160308,30.6,30.6,0.0,112.385792,3000.0,3169.387626
C13345,210.670699,2675.53,1132.69,1542.84,0.0,5000.0,2496.741743
C13346,896.347796,0.0,0.0,0.0,989.764347,2500.0,280.037759
C13347,5709.486507,0.0,0.0,0.0,2794.326341,6000.0,550.513331
C13348,68.207625,536.0,0.0,536.0,0.0,4000.0,1204.801315
C13349,82.483732,1301.05,30.0,1271.05,0.0,7500.0,1264.358895
C13350,95.267927,571.64,0.0,571.64,0.0,8800.0,558.81781
C13351,4788.283283,0.0,0.0,0.0,437.808586,5000.0,823.840717
C13352,13.922594,182.1,0.0,182.1,0.0,5500.0,231.561711
C13353,6246.069586,0.0,0.0,0.0,5518.29804,10000.0,1462.274274
C13354,409.38122,3197.42,3197.42,0.0,1668.819905,6000.0,5000.150942
C13355,3688.371995,0.0,0.0,0.0,10746.54538,7000.0,10906.06846
C13356,2924.640322,0.0,0.0,0.0,6817.656826,6500.0,2455.218599
C13357,67.869072,502.52,0.0,502.52,0.0,1000.0,1297.259048
C13358,8571.315438,0.0,0.0,0.0,6543.824302,10000.0,2274.349191
C13359,6209.488896,0.0,0.0,0.0,3674.314806,8500.0,1417.16906
C13360,73.189931,199.96,199.96,0.0,0.0,2000.0,362.012001
C13361,8341.513474,5410.31,2265.38,3144.93,0.0,11100.0,4058.304036
C13362,1377.184745,0.0,0.0,0.0,173.972384,1500.0,366.247349
C13363,5532.653003,2491.83,1449.12,1042.71,3504.619697,10500.0,1683.540792
C13364,4445.044609,5714.5,3055.5,2659.0,3575.55006,5000.0,9315.869127
C13365,3747.079869,0.0,0.0,0.0,3970.509167,6000.0,6841.765563
C13366,124.117838,14.98,14.98,0.0,0.0,1700.0,607.535166
C13367,5905.955278,1642.94,1642.94,0.0,2154.941692,12200.0,1439.105644
C13368,4861.692801,54.25,0.0,54.25,2986.039891,9000.0,1609.448663
C13369,7579.855749,4544.7,1583.96,2960.74,470.690431,11500.0,1967.604336
C13370,13.141343,850.44,150.0,700.44,0.0,1000.0,766.489028
C13371,6023.720208,1182.08,432.25,749.83,4295.168396,10000.0,3888.521014
C13372,189.722981,1771.78,231.23,1540.55,0.0,6700.0,1678.622679
C13373,1179.878115,0.0,0.0,0.0,127.034,1200.0,400.481025
C13374,4653.854929,360.0,360.0,0.0,4267.21357,5000.0,2676.029302
C13375,355.125926,269.75,269.75,0.0,0.0,2000.0,960.623536
C13376,3122.507074,10755.68,6488.74,4266.94,573.846921,10000.0,5199.074518
C13377,2101.04762,184.0,184.0,0.0,1881.773648,2500.0,2231.251407
C13378,76.046682,1440.93,26.61,1414.32,0.0,12000.0,1311.209483
C13379,868.808006,39.83,33.5,6.33,0.0,1950.0,264.721497
C13380,1484.693487,399.96,0.0,399.96,0.0,1200.0,185.006776
C13381,826.019814,6856.25,6856.25,0.0,0.0,10500.0,6429.084786
C13382,423.629272,2485.54,2349.3,136.24,0.0,4500.0,2590.141003
C13383,2806.343181,0.0,0.0,0.0,274.463254,3000.0,797.82877
C13384,1455.180323,81.1,81.1,0.0,249.897384,1800.0,377.255832
C13385,4839.379685,503.64,503.64,0.0,7811.002437,10000.0,8307.329219
C13386,3642.140907,3338.1,218.82,3119.28,0.0,6000.0,1793.138722
C13387,305.506746,0.0,0.0,0.0,381.399683,6000.0,402.20014
C13388,5379.384053,501.09,501.09,0.0,0.0,9000.0,1480.283481
C13389,1132.615315,136.19,136.19,0.0,0.0,5100.0,346.986446
C13390,172.316897,368.49,368.49,0.0,1731.561995,2500.0,0.0
C13391,215.015895,0.0,0.0,0.0,1034.617513,1500.0,0.0
C13392,2120.098679,0.0,0.0,0.0,4834.483762,6000.0,2856.303303
C13393,1647.461444,323.55,323.55,0.0,0.0,5000.0,669.943854
C13394,2837.322217,35.0,35.0,0.0,804.52054,3000.0,618.234466
C13395,926.218872,1218.92,0.0,1218.92,0.0,13000.0,2913.075304
C13396,1309.983442,504.5,207.6,296.9,2800.75903,7500.0,1795.634727
C13397,3.93442,29.99,29.99,0.0,0.0,1800.0,18.769077
C13398,306.084815,3200.0,0.0,3200.0,0.0,2500.0,3017.573426
C13399,2854.716657,0.0,0.0,0.0,333.917678,3000.0,712.005753
C13400,10.811047,85.5,0.0,85.5,0.0,1500.0,245.987433
C13401,185.984965,482.24,392.24,90.0,903.843591,1200.0,2333.997439
C13402,6533.312256,504.33,234.39,269.94,2308.315512,11000.0,1670.6627
C13403,50.582235,428.0,110.0,318.0,0.0,1700.0,541.419745
C13404,545.767741,102.4,0.01,102.39,526.948456,1500.0,812.543364
C13405,1592.974511,0.0,0.0,0.0,147.114012,1700.0,326.19924
C13406,80.178891,1200.0,0.0,1200.0,0.0,1200.0,1037.62728
C13407,715.044288,249.96,0.0,249.96,828.943053,1000.0,189.02697
C13408,752.26105,4019.86,3627.86,392.0,5632.549503,3000.0,7574.577354
C13409,168.909599,2313.68,125.4,2188.28,0.0,8000.0,2987.023425
C13410,1256.034535,545.74,110.0,435.74,381.203187,7000.0,561.983691
C13411,533.990908,1286.1,1129.82,156.28,95.526303,1200.0,55.766782
C13412,79.462211,1073.97,1073.97,0.0,0.0,8100.0,866.683765
C13413,1152.591573,50.0,50.0,0.0,2172.551397,2500.0,99.26684
C13414,790.367002,3663.31,2744.88,918.43,0.0,5000.0,4232.922974
C13416,2694.354265,0.0,0.0,0.0,3711.466877,8500.0,3388.94577
C13417,364.464393,1050.76,1050.76,0.0,0.0,1200.0,1195.876023
C13418,173.329004,72.0,0.0,72.0,0.0,8050.0,191.693568
C13419,302.768674,3028.94,2033.94,995.0,0.0,2400.0,2893.951915
C13420,870.783501,1813.87,916.2,897.67,0.0,7500.0,1483.654129
C13421,2806.264846,1021.66,25.0,996.66,0.0,6500.0,728.025537
C13422,425.966019,2219.33,2060.5,158.83,0.0,9000.0,2268.864868
C13423,1525.063274,150.0,150.0,0.0,264.96017,1800.0,733.240634
C13424,1060.209389,43.2,0.0,43.2,176.22717,1200.0,676.139575
C13425,1068.046178,1632.83,285.0,1347.83,0.0,3600.0,3541.399754
C13426,6533.309582,0.0,0.0,0.0,4257.018953,8500.0,1691.047119
C13427,128.558239,720.0,0.0,720.0,0.0,1000.0,598.322582
C13428,1502.292117,0.0,0.0,0.0,188.762242,4600.0,544.978537
C13429,999.528562,662.98,583.0,79.98,495.595993,1400.0,691.407037
C13430,864.760723,1894.5,1601.7,292.8,808.489505,4100.0,1295.954973
C13431,465.332882,6920.08,5182.71,1737.37,0.0,9500.0,5691.439238
C13432,2187.00313,0.0,0.0,0.0,892.792807,3000.0,460.103356
C13433,2073.595183,1716.11,1716.11,0.0,0.0,7000.0,1608.073274
C13434,3592.56906,0.0,0.0,0.0,1286.356207,4500.0,820.438917
C13435,1861.43505,247.45,0.0,247.45,3760.827918,4000.0,903.972319
C13436,1176.753991,0.0,0.0,0.0,1817.167913,2000.0,768.296414
C13437,146.647091,866.57,684.87,181.7,0.0,2500.0,1085.866453
C13439,1396.385805,25.2,25.2,0.0,1920.24988,2500.0,410.617369
C13440,48.272361,750.0,250.0,500.0,0.0,6500.0,912.949944
C13441,1440.568286,0.0,0.0,0.0,56.461898,1500.0,474.645124
C13442,7595.24699,1422.12,1196.98,225.14,4798.127161,10000.0,2283.468603
C13443,473.679359,2580.63,1608.74,971.89,0.0,8500.0,2358.035548
C13444,3613.551586,2653.49,2033.01,620.48,3516.374364,6500.0,868.565652
C13445,1.366727,0.0,0.0,0.0,191.751369,1200.0,594.099172
C13446,686.657879,2476.45,1624.5,851.95,253.273353,4000.0,1600.734366
C13447,6100.396015,0.0,0.0,0.0,5312.922403,12000.0,1460.027383
C13448,5926.922151,2325.75,2325.75,0.0,461.862131,13000.0,1489.518098
C13449,1135.452712,374.94,0.0,374.94,1062.414129,1200.0,415.322291
C13450,1502.972028,673.8,673.8,0.0,1187.524461,2400.0,2925.653927
C13451,1355.179528,0.0,0.0,0.0,119.945758,1500.0,338.541279
C13452,2962.757731,4398.65,300.0,4098.65,2483.768145,3000.0,7109.795209
C13453,1467.458994,497.83,434.8,63.03,0.0,1500.0,726.488879
C13454,1737.037252,2432.9,1800.0,632.9,0.0,5000.0,1500.221266
C13455,3866.85069,0.0,0.0,0.0,762.875848,10000.0,708.94961
C13456,1637.51006,0.0,0.0,0.0,6050.562566,6500.0,5587.314274
C13457,2948.881234,840.48,510.0,330.48,411.828101,3000.0,1520.923579
C13458,10.785694,384.4,0.0,384.4,0.0,1500.0,655.428475
C13459,126.32794,718.01,718.01,0.0,0.0,7500.0,1067.973689
C13460,3862.125712,812.78,676.8,135.98,3217.292489,6000.0,803.736956
C13461,2105.898309,0.0,0.0,0.0,217.314696,2250.0,569.815997
C13462,4891.896666,915.81,0.0,915.81,1678.175594,7500.0,1164.557472
C13463,1299.826045,599.74,524.5,75.24,160.70672,1500.0,589.628198
C13464,68.707804,774.91,774.91,0.0,0.0,7500.0,1209.741424
C13465,589.130175,1669.58,1060.58,609.0,0.0,3000.0,2883.911526
C13466,820.163313,680.14,0.0,680.14,0.0,1200.0,1178.247173
C13467,282.873015,484.49,305.0,179.49,0.0,1000.0,341.883623
C13468,3367.300661,898.18,798.78,99.4,0.0,6500.0,855.157235
C13469,1299.092905,323.99,323.99,0.0,10614.20378,8500.0,2222.007132
C13470,93.358273,1094.41,220.01,874.4,0.0,1500.0,780.526454
C13471,1872.458334,220.0,220.0,0.0,330.0146,2000.0,716.568489
C13472,11.78569,69.9,69.9,0.0,0.0,2000.0,266.254303
C13473,1694.125362,437.52,172.6,264.92,0.0,1800.0,797.134098
C13474,62.986919,693.43,62.0,631.43,0.0,8500.0,593.0196
C13475,4005.202539,1425.23,1208.45,216.78,2637.011333,5550.0,1607.054463
C13476,1887.939311,0.0,0.0,0.0,1535.271649,6700.0,567.78086
C13478,1003.774921,161.27,161.27,0.0,0.0,1200.0,257.638043
C13479,877.354533,6954.28,6441.4,512.88,61.792952,9000.0,7486.398825
C13480,670.425221,349.0,0.0,349.0,0.0,1950.0,563.652253
C13481,15.669963,70.81,0.0,70.81,0.0,1500.0,16.385421
C13482,892.102792,0.0,0.0,0.0,276.598043,900.0,511.767875
C13483,1037.137052,549.0,549.0,0.0,882.773966,4000.0,2521.277415
C13484,3278.259894,1581.43,1296.74,284.69,0.0,8500.0,996.350965
C13485,930.286054,3039.16,439.16,2600.0,0.0,2500.0,2991.900221
C13486,61.921514,655.21,655.21,0.0,0.0,1500.0,116.093233
C13487,3765.693221,0.0,0.0,0.0,1700.400179,4000.0,745.344919
C13488,962.855497,1839.69,1501.05,338.64,0.0,5000.0,1331.30538
C13489,935.367518,2186.22,1774.12,412.1,0.0,1700.0,3159.774947
C13490,2640.820976,1167.86,0.0,1167.86,3463.175221,8000.0,538.132963
C13491,39.670161,319.92,0.0,319.92,0.0,10000.0,365.863745
C13492,1158.783497,183.0,183.0,0.0,0.0,1200.0,271.548882
C13493,1518.339584,1435.79,762.12,673.67,0.0,1500.0,1075.686261
C13494,2158.754686,0.0,0.0,0.0,3027.725404,9000.0,1392.104949
C13495,6882.811896,2480.63,2038.24,442.39,1657.436894,8500.0,1876.060624
C13496,132.353911,358.34,0.0,358.34,0.0,1500.0,85.938437
C13497,3732.224017,0.0,0.0,0.0,2167.305318,4500.0,1086.72505
C13498,1089.475719,0.0,0.0,0.0,287.364895,3000.0,373.306733
C13499,434.71366,1971.57,450.94,1520.63,0.0,6700.0,616.189722
C13500,246.688528,297.96,0.0,297.96,0.0,1000.0,1333.301174
C13501,8161.84873,5519.0,4986.43,532.57,0.0,9000.0,3723.833142
C13502,35.276551,22.48,22.48,0.0,0.0,7500.0,68.205028
C13503,87.908147,895.11,895.11,0.0,0.0,16500.0,1082.659906
C13504,215.993595,835.71,0.0,835.71,0.0,5500.0,794.991453
C13505,3333.963106,934.07,841.07,93.0,0.0,11500.0,867.272423
C13506,6071.895277,204.8,0.0,204.8,4283.656363,7000.0,1892.355319
C13507,63.169044,806.71,806.71,0.0,0.0,7500.0,705.485115
C13508,1326.334307,2484.76,374.18,2110.58,0.0,7500.0,400.178807
C13509,1088.996599,0.0,0.0,0.0,2475.856774,2500.0,170.234238
C13510,4146.601225,521.32,200.0,321.32,2054.006911,5000.0,1147.148308
C13511,2240.079824,0.0,0.0,0.0,7955.964618,3000.0,8064.891702
C13512,440.263759,891.66,891.66,0.0,0.0,7500.0,619.251006
C13513,642.939211,0.0,0.0,0.0,1936.701702,1950.0,3997.53568
C13514,67.515739,640.48,640.48,0.0,0.0,500.0,531.228483
C13515,625.292621,1215.64,1215.64,0.0,0.0,2500.0,297.914805
C13516,25.766006,290.0,0.0,290.0,0.0,1500.0,262.366918
C13517,3197.652201,0.0,0.0,0.0,4179.249342,5000.0,6103.93835
C13518,39.432667,442.76,0.0,442.76,0.0,2100.0,482.712777
C13519,2651.966491,0.0,0.0,0.0,1680.241238,3000.0,771.905711
C13520,186.130209,2546.94,1136.36,1410.58,0.0,12000.0,4633.517467
C13521,669.973636,0.0,0.0,0.0,1479.440572,3000.0,1616.215963
C13522,25.897329,299.65,299.65,0.0,0.0,9000.0,261.779201
C13523,1243.734425,0.0,0.0,0.0,306.3199,1500.0,635.639502
C13524,1965.881663,3782.09,2450.0,1332.09,0.0,1800.0,3988.944816
C13525,140.715619,1562.4,0.0,1562.4,0.0,2500.0,1140.945539
C13526,31.285608,1013.0,0.0,1013.0,0.0,4500.0,1486.232552
C13527,115.593266,46.3,0.0,46.3,378.517888,7500.0,450.775587
C13528,1055.613983,0.0,0.0,0.0,378.769414,1200.0,1328.486686
C13529,874.800721,0.0,0.0,0.0,557.540201,1700.0,1915.107195
C13530,14.9447,381.5,0.0,381.5,0.0,3000.0,602.003541
C13531,118.463635,1572.67,1572.67,0.0,0.0,5000.0,1838.425899
C13532,551.175183,1711.11,537.42,1173.69,0.0,4000.0,1581.285232
C13533,144.080651,1526.54,1005.69,520.85,0.0,3000.0,0.0
C13534,673.930629,689.93,0.0,689.93,916.447583,1800.0,1603.66063
C13535,122.062129,924.69,422.0,502.69,0.0,6300.0,789.33314
C13536,72.033516,837.43,39.0,798.43,0.0,2500.0,948.576582
C13537,4350.643699,1021.19,441.55,579.64,11220.76636,6000.0,7137.368582
C13538,1413.006634,1678.69,1528.69,150.0,392.356874,1800.0,2308.456562
C13539,1253.764799,666.98,666.98,0.0,0.0,2400.0,3038.416025
C13540,260.636327,673.28,673.28,0.0,477.616267,300.0,1150.334467
C13541,87.296391,897.56,897.56,0.0,0.0,4000.0,880.271979
C13542,2024.488164,0.0,0.0,0.0,1374.874243,3000.0,3398.082374
C13543,52.485431,1476.02,644.07,831.95,0.0,7000.0,1149.01904
C13544,11.736675,119.28,0.0,119.28,0.0,1700.0,115.257036
C13545,3242.285167,0.0,0.0,0.0,2732.692813,6000.0,766.465991
C13546,1716.340133,184.23,0.0,184.23,0.0,1700.0,510.451516
C13547,919.85102,0.0,0.0,0.0,1483.168185,2000.0,2087.8452
C13548,634.088475,2194.29,2065.25,129.04,0.0,10000.0,408.701268
C13549,1337.229284,6661.25,5805.5,855.75,0.0,1700.0,5936.298921
C13550,1700.502651,0.0,0.0,0.0,257.198087,2500.0,819.6874
C13551,433.436164,2552.55,626.51,1926.04,0.0,5000.0,2828.817452
C13552,193.103834,246.56,246.56,0.0,0.0,600.0,3540.713522
C13553,58.924277,449.4,0.0,449.4,0.0,2000.0,420.654043
C13554,1995.332004,0.0,0.0,0.0,209.970707,2000.0,510.542442
C13555,2075.637866,0.0,0.0,0.0,4573.876388,7500.0,1146.220278
C13556,0.0,125.37,0.0,125.37,0.0,1500.0,0.0
C13557,1199.490675,2093.55,1727.08,366.47,0.0,4000.0,2833.409817
C13558,3576.905009,0.0,0.0,0.0,2224.867516,4000.0,755.884496
C13559,1034.253025,144.0,0.0,144.0,365.613498,1000.0,373.833477
C13560,31.934855,533.52,0.0,533.52,0.0,10000.0,586.42543
C13561,1523.552696,1810.0,1810.0,0.0,0.0,1850.0,368.561315
C13562,55.805523,1343.88,0.0,1343.88,0.0,5700.0,1278.431749
C13563,84.537586,547.54,157.54,390.0,0.0,6000.0,657.978173
C13564,2271.936696,2386.88,173.26,2213.62,0.0,5000.0,917.290601
C13565,2178.733642,0.0,0.0,0.0,988.704211,3000.0,642.035001
C13566,348.813275,0.0,0.0,0.0,27.740449,150.0,804.063354
C13567,2499.228939,217.37,0.0,217.37,5197.145458,10000.0,360.742975
C13568,20.661831,298.8,0.0,298.8,0.0,5000.0,529.767238
C13569,127.727053,0.0,0.0,0.0,341.642911,11000.0,1489.306631
C13570,1943.038819,0.0,0.0,0.0,399.745986,2000.0,748.233144
C13571,2861.242925,0.0,0.0,0.0,725.809616,4500.0,5134.288965
C13572,933.622145,2873.87,1756.23,1117.64,342.602229,7000.0,2361.792954
C13573,223.786947,5094.41,3744.41,1350.0,1076.426136,3000.0,5874.101847
C13574,2546.677419,0.0,0.0,0.0,555.691078,3000.0,629.301315
C13575,3782.000774,60.0,60.0,0.0,104.521972,5000.0,894.056461
C13576,1294.145453,3059.1,1836.98,1222.12,0.0,7000.0,5560.033502
C13577,5.265937,22.5,0.0,22.5,0.0,3000.0,819.881055
C13578,3774.277331,0.0,0.0,0.0,7911.027809,9000.0,897.98134
C13579,1204.873791,0.0,0.0,0.0,58.18308,1500.0,1658.132051
C13580,1710.418727,0.0,0.0,0.0,2813.620582,2500.0,1337.799917
C13581,9111.704896,980.0,0.0,980.0,7202.118275,10000.0,2349.045262
C13582,651.236224,1696.62,1425.22,271.4,0.0,4600.0,1677.445455
C13583,592.919388,105.0,0.0,105.0,0.0,6600.0,419.484901
C13584,711.174631,155.39,155.39,0.0,0.0,8500.0,615.867397
C13585,24.635116,205.92,0.0,205.92,0.0,1500.0,189.085208
C13586,1516.547224,565.61,0.0,565.61,0.0,1500.0,857.794499
C13587,5055.816826,126.68,0.0,126.68,1854.786122,5500.0,1368.530409
C13588,10092.23573,8710.72,6799.79,1910.93,0.0,18000.0,4557.360839
C13589,2447.872198,2108.56,1563.4,545.16,0.0,7000.0,730.926311
C13591,1040.419338,307.92,0.0,307.92,18.616675,1000.0,340.87911
C13592,951.675294,0.0,0.0,0.0,1090.520215,1200.0,178.362607
C13593,4315.123399,3927.58,2238.34,1689.24,0.0,11000.0,1518.432988
C13594,5998.431562,0.0,0.0,0.0,7120.317519,8500.0,1629.632001
C13596,4345.879999,0.0,0.0,0.0,5114.886055,5000.0,1035.564747
C13597,2280.447419,1681.78,1219.0,462.78,0.0,7500.0,1398.406343
C13598,2104.961701,4115.95,230.5,3885.45,9358.071183,8000.0,15172.58535
C13599,3146.619037,161.44,161.44,0.0,1293.405174,4000.0,888.223787
C13600,9993.352521,0.0,0.0,0.0,3299.665576,14500.0,2580.47736
C13601,1755.193192,0.0,0.0,0.0,1657.887522,1800.0,310.988036
C13602,387.646975,2900.84,900.6,2000.24,0.0,7500.0,2581.347865
C13603,3443.287685,500.0,500.0,0.0,0.0,7000.0,1073.265004
C13604,1765.502751,2129.44,2129.44,0.0,506.593406,4450.0,1893.259541
C13605,43.775427,523.64,523.64,0.0,0.0,6500.0,492.097703
C13606,98.418953,0.0,0.0,0.0,2327.566908,1500.0,2535.544366
C13607,758.188531,0.0,0.0,0.0,305.653048,1950.0,388.247865
C13608,2341.505917,1231.59,390.05,841.54,0.0,7600.0,1218.749713
C13610,10124.47214,4795.49,2006.02,2789.47,0.0,15000.0,2552.784306
C13611,134.786311,515.42,137.0,378.42,0.0,2000.0,166.24989
C13612,1225.201454,1842.64,1842.64,0.0,0.0,1200.0,2326.84606
C13613,190.650694,1954.08,776.49,1177.59,0.0,4000.0,2012.696604
C13614,3788.416968,718.06,608.02,110.04,6348.57393,7500.0,294.502943
C13615,73.353928,0.0,0.0,0.0,380.852744,1200.0,1035.473514
C13616,1123.476228,933.38,497.6,435.78,2721.894656,4000.0,339.284273
C13617,1323.270862,0.0,0.0,0.0,681.498916,1500.0,848.816024
C13618,14.289109,275.21,0.0,275.21,0.0,7500.0,384.69094
C13619,791.778273,0.0,0.0,0.0,3058.096526,3000.0,2877.697274
C13620,536.104848,8591.31,8008.5,582.81,0.0,1000.0,8390.497243
C13621,228.925466,2084.18,2084.18,0.0,0.0,1000.0,2034.867192
C13622,3193.320102,1887.25,1103.23,784.02,0.0,10500.0,8817.138726
C13623,1283.032349,0.0,0.0,0.0,75.783817,1500.0,398.772365
C13624,31.107711,230.0,0.0,230.0,0.0,4500.0,1314.252082
C13625,41.301246,655.79,655.79,0.0,0.0,6000.0,685.985441
C13626,2077.343786,479.94,195.0,284.94,344.256221,2500.0,619.598735
C13627,3822.394483,2239.1,1789.7,449.4,0.0,5300.0,944.21011
C13628,2966.034939,0.0,0.0,0.0,1607.410863,3500.0,770.65505
C13629,6046.821082,502.48,502.48,0.0,3143.218022,9000.0,2034.824228
C13630,868.044414,8443.97,7506.99,936.98,1637.416111,9000.0,7793.279324
C13631,1861.08737,1752.06,1417.18,334.88,0.0,3500.0,737.941555
C13632,5944.084692,0.0,0.0,0.0,584.439061,6000.0,1523.589544
C13633,909.164049,200.0,200.0,0.0,3213.624456,4000.0,149.396413
C13634,152.983848,0.0,0.0,0.0,451.815934,1200.0,54.712966
C13635,3682.715337,0.0,0.0,0.0,789.024025,4200.0,980.81081
C13636,3124.579024,1620.09,1199.92,420.17,3440.35465,3600.0,4563.851228
C13637,1677.722492,3088.18,1480.64,1607.54,0.0,4100.0,1669.635458
C13638,149.139346,1415.42,182.0,1233.42,0.0,6000.0,1186.629453
C13639,4379.07132,45.84,0.0,45.84,2191.862613,5500.0,2005.913978
C13640,273.243365,2308.58,0.0,2308.58,0.0,7500.0,2453.347527
C13641,555.340226,621.03,534.33,86.7,0.0,10500.0,347.749694
C13642,612.311544,1115.0,715.0,400.0,0.0,1800.0,1407.537644
C13643,1811.87843,900.0,0.0,900.0,99.27619,1700.0,1147.826125
C13644,3012.642667,6999.56,6999.56,0.0,0.0,3500.0,5446.940305
C13645,4175.826879,0.0,0.0,0.0,9968.184827,10500.0,1083.433387
C13646,444.021111,0.0,0.0,0.0,1101.192457,1000.0,191.491371
C13647,3690.855584,0.0,0.0,0.0,5737.671452,9500.0,8907.704166
C13648,4025.646358,0.0,0.0,0.0,1189.418695,5650.0,1138.104685
C13649,2754.527855,0.0,0.0,0.0,145.998161,3000.0,606.80074
C13650,40.069534,833.29,833.29,0.0,0.0,7000.0,766.596225
C13651,2183.58965,381.1,381.1,0.0,0.0,2400.0,1052.994297
C13652,4752.694271,0.0,0.0,0.0,3473.011991,5000.0,2662.805022
C13653,5555.173827,6613.09,3594.45,3018.64,0.0,9500.0,5503.365097
C13654,1515.473846,862.44,0.0,862.44,2402.323391,5000.0,5908.136491
C13655,6744.845686,4.44,0.0,4.44,19862.87844,16500.0,21440.29866
C13656,6930.14958,0.0,0.0,0.0,1710.197063,7500.0,1915.638655
C13657,98.6782,540.0,540.0,0.0,0.0,1700.0,364.533707
C13658,663.415354,608.18,608.18,0.0,929.641923,2700.0,614.998015
C13659,896.619803,128.86,0.0,128.86,0.0,1200.0,1606.846759
C13660,2820.576665,0.0,0.0,0.0,10717.89195,7000.0,9602.278174
C13661,1077.019958,465.9,398.1,67.8,272.884393,1200.0,360.977324
C13662,2654.354521,256.68,40.4,216.28,1845.164653,4000.0,5175.714855
C13663,21.789565,0.0,0.0,0.0,273.882354,1200.0,574.484351
C13664,264.261791,175.0,0.0,175.0,0.0,1000.0,152.787605
C13665,1188.102086,0.0,0.0,0.0,1984.802386,1800.0,2122.721313
C13666,2317.222844,741.02,741.02,0.0,1101.246941,8200.0,1047.497885
C13668,1012.295263,627.51,627.51,0.0,2169.972526,4000.0,304.899075
C13669,1330.716005,1043.64,0.0,1043.64,0.0,1300.0,1210.930138
C13670,5983.285834,4170.04,4020.04,150.0,2359.135053,7000.0,2974.801874
C13671,2822.483318,1203.05,780.13,422.92,3521.075329,8500.0,4359.919494
C13672,6231.293492,0.0,0.0,0.0,9423.621866,10500.0,7690.562242
C13673,2681.041081,0.0,0.0,0.0,1865.578447,7000.0,2806.574314
C13674,158.657744,752.0,752.0,0.0,0.0,2500.0,865.171658
C13675,4359.963222,0.0,0.0,0.0,2763.612473,5000.0,1878.873999
C13676,803.033404,0.0,0.0,0.0,1785.847822,3400.0,483.890558
C13677,1245.943963,5848.55,3843.33,2005.22,0.0,5000.0,4833.588891
C13678,149.540627,656.16,186.9,469.26,901.458485,3000.0,226.55628
C13679,1140.805503,1296.47,1060.24,236.23,490.16229,1800.0,287.539782
C13680,33.117601,157.61,157.61,0.0,0.0,1800.0,173.321501
C13681,6.690484,133.2,0.0,133.2,0.0,2500.0,418.446951
C13682,536.846283,2660.21,2565.24,94.97,0.0,4000.0,931.515333
C13683,143.025504,1312.35,1312.35,0.0,0.0,300.0,1212.60088
C13684,0.0,339.85,339.85,0.0,103.334378,6500.0,432.927281
C13685,5611.762916,4395.2,810.2,3585.0,1270.995476,10000.0,2697.38636
C13686,216.842907,2480.88,279.09,2201.79,0.0,7000.0,2897.619018
C13687,1400.189725,0.0,0.0,0.0,48.568786,1500.0,292.26428
C13688,63.264922,849.57,0.0,849.57,0.0,4000.0,886.592905
C13689,2473.466078,0.0,0.0,0.0,944.4812,2500.0,156.061607
C13690,544.423104,710.19,381.03,329.16,0.0,1800.0,1453.969557
C13691,1.869435,0.24,0.24,0.0,0.0,3000.0,150.381107
C13692,1395.011267,0.0,0.0,0.0,4781.140751,5500.0,1719.426611
C13693,3221.717702,0.0,0.0,0.0,935.750295,4500.0,5058.385272
C13694,1772.323491,574.14,146.0,428.14,2318.489037,7500.0,2663.779785
C13695,899.526526,0.0,0.0,0.0,1363.827125,1500.0,202.25573
C13696,47.872617,649.0,147.42,501.58,0.0,6000.0,624.293646
C13697,253.08362,0.0,0.0,0.0,1654.916972,1800.0,0.0
C13698,3053.311301,1889.8,1242.9,646.9,182.209576,8800.0,1789.470663
C13699,592.171152,0.0,0.0,0.0,1058.554385,1800.0,216.539488
C13701,286.264356,27.51,27.51,0.0,871.199257,500.0,733.901545
C13702,7.056933,85.8,0.0,85.8,0.0,2400.0,132.51377
C13703,135.765325,3997.03,3943.93,53.1,99.079907,5600.0,3741.698029
C13704,30.93853,232.89,0.0,232.89,0.0,16000.0,86.660547
C13705,35.382803,359.84,0.0,359.84,0.0,5000.0,503.91361
C13706,242.901961,790.39,540.77,249.62,3866.409521,10000.0,3774.471563
C13707,1678.85258,0.0,0.0,0.0,551.890714,1800.0,360.416137
C13708,1344.353594,0.0,0.0,0.0,661.025022,1500.0,266.795469
C13709,1503.884481,3296.52,2988.63,307.89,842.262706,2300.0,4922.59119
C13710,132.471933,1767.75,500.0,1267.75,0.0,6000.0,1757.458646
C13711,3516.835582,4019.73,1932.75,2086.98,0.0,12000.0,3376.57379
C13712,838.594895,258.49,258.49,0.0,2220.225056,2000.0,2670.428981
C13713,93.672733,674.3,69.5,604.8,0.0,5400.0,812.396962
C13714,1106.910402,515.98,286.81,229.17,0.0,12000.0,1867.692351
C13715,13.173883,1243.48,643.44,600.04,0.0,4800.0,1490.981521
C13717,4157.933876,929.2,631.4,297.8,2592.238013,8000.0,934.634439
C13718,3789.302616,49.98,0.0,49.98,0.0,8500.0,1046.938327
C13719,41.143328,239.23,239.23,0.0,0.0,6000.0,309.734225
C13720,2843.642245,116.75,116.75,0.0,229.950859,3000.0,830.607554
C13721,150.351606,352.92,352.92,0.0,0.0,3100.0,0.0
C13722,477.81804,515.6,515.6,0.0,0.0,7500.0,610.621157
C13723,294.338354,1851.48,0.0,1851.48,0.0,1400.0,1479.799263
C13724,58.811557,370.0,370.0,0.0,19.719684,1200.0,1483.573731
C13725,4476.972577,360.95,231.0,129.95,840.962414,7500.0,2230.331576
C13726,6851.036206,669.93,203.19,466.74,4588.030733,9500.0,2499.79919
C13727,4229.914629,1631.85,1631.85,0.0,4350.228299,10000.0,6211.694188
C13728,11.799054,77.36,0.0,77.36,0.0,1200.0,103.635381
C13729,17.125776,95.76,0.0,95.76,0.0,4000.0,116.956664
C13730,107.536958,555.0,0.0,555.0,0.0,1000.0,313.879828
C13731,1624.004773,0.0,0.0,0.0,223.285625,1800.0,781.308189
C13732,4226.8188,0.0,0.0,0.0,3425.647464,7000.0,1226.710941
C13733,47.722183,440.37,105.0,335.37,0.0,1200.0,674.726783
C13734,971.268179,2336.32,1845.99,490.33,0.0,4000.0,299.485824
C13735,33.015501,295.56,108.0,187.56,0.0,3000.0,301.892766
C13736,383.921461,6598.29,6598.29,0.0,0.0,9500.0,4371.05477
C13737,1725.950669,268.0,0.0,268.0,5074.475131,4500.0,8167.082676
C13738,288.525281,341.7,341.7,0.0,0.0,1000.0,246.925425
C13739,169.925245,2000.0,0.0,2000.0,0.0,7000.0,1862.047167
C13740,1827.921694,3626.09,3626.09,0.0,1280.42318,6000.0,1962.883537
C13741,5368.192094,4050.01,3863.11,186.9,4843.394482,13000.0,14290.99627
C13742,854.739785,0.0,0.0,0.0,298.390512,7000.0,1397.280901
C13743,66.73904,0.0,0.0,0.0,325.379938,2500.0,610.793225
C13744,7064.55047,0.0,0.0,0.0,11582.49911,11500.0,7964.175992
C13745,739.124439,380.8,323.0,57.8,983.2321,4500.0,464.271303
C13746,1001.543878,2577.1,720.1,1857.0,2241.427898,15500.0,3875.419446
C13747,6743.544354,1437.65,317.5,1120.15,1957.772343,8000.0,1585.561354
C13748,5342.348915,0.0,0.0,0.0,8075.196634,6000.0,6335.002819
C13749,980.034696,275.0,0.0,275.0,0.0,1000.0,537.693669
C13750,2374.665105,339.82,339.82,0.0,1434.174341,6000.0,622.389567
C13751,633.396401,0.0,0.0,0.0,1330.106689,1500.0,116.50071
C13752,2899.032432,0.0,0.0,0.0,3431.707208,4000.0,407.402983
C13753,2671.282197,2307.35,2165.12,142.23,0.0,7500.0,645.688177
C13754,1138.314061,470.17,470.17,0.0,553.632474,2100.0,0.0
C13755,8700.079439,20421.59,16864.56,3557.03,0.0,17000.0,13002.30393
C13756,1278.671515,229.0,229.0,0.0,1444.251462,1600.0,410.259989
C13757,1375.25356,0.0,0.0,0.0,142.304216,1500.0,364.444624
C13758,4496.709257,945.26,945.26,0.0,0.0,9500.0,1149.199704
C13759,955.117067,0.0,0.0,0.0,3798.701398,4500.0,2413.364689
C13760,1390.597054,724.4,724.4,0.0,0.0,7000.0,998.57171
C13761,1330.585412,304.6,304.6,0.0,0.0,8000.0,1310.489719
C13762,177.592802,1471.55,1471.55,0.0,0.0,25000.0,1389.167981
C13763,19.104261,322.77,0.0,322.77,0.0,5300.0,409.550536
C13764,1593.708884,1676.78,33.68,1643.1,1370.18527,1800.0,1542.745936
C13765,5.006737,100.3,100.3,0.0,0.0,5000.0,188.823702
C13767,531.349404,1599.02,817.8,781.22,0.0,8000.0,1369.654983
C13768,1184.529629,467.32,0.0,467.32,2337.837011,6500.0,903.639776
C13769,16.068323,182.8,79.0,103.8,0.0,1200.0,294.668739
C13770,6644.82923,0.0,0.0,0.0,2557.006793,7600.0,1648.570068
C13771,2803.663441,81.41,0.0,81.41,0.0,3000.0,839.354624
C13772,3743.771094,368.44,128.67,239.77,1428.188333,7000.0,748.149925
C13773,5970.705432,6091.51,2071.52,4019.99,0.0,8500.0,2516.606708
C13774,49.789963,700.0,0.0,700.0,0.0,1000.0,658.47788
C13775,1013.706876,2143.28,227.12,1916.16,3610.57243,7500.0,2945.957395
C13776,1544.279694,0.0,0.0,0.0,472.46147,1600.0,771.903463
C13777,78.402006,233.34,0.0,233.34,0.0,3100.0,278.825852
C13778,712.91077,602.3,413.99,188.31,0.0,7500.0,455.465188
C13779,916.961442,156.5,156.5,0.0,0.0,1200.0,238.956831
C13780,837.142436,5344.92,3666.78,1678.14,0.0,8500.0,4522.48655
C13781,6468.426706,277.7,277.7,0.0,4440.766432,10000.0,1544.782363
C13782,35.460649,378.58,378.58,0.0,0.0,2000.0,388.874728
C13783,611.983643,0.0,0.0,0.0,2189.894057,1700.0,2714.119535
C13784,561.974673,2930.99,2279.0,651.99,0.0,4000.0,510.35919
C13785,2403.175046,0.0,0.0,0.0,906.383436,2500.0,1089.627935
C13786,658.123447,1294.09,712.68,581.41,106.899407,4000.0,1803.332627
C13787,502.399014,0.0,0.0,0.0,1392.472408,1500.0,0.0
C13788,743.38993,1530.63,1530.63,0.0,0.0,3000.0,393.615017
C13789,284.510677,83.2,83.2,0.0,0.0,6500.0,1033.94329
C13790,1418.854925,0.0,0.0,0.0,121.072144,1500.0,275.722064
C13791,5629.224986,3382.96,3382.96,0.0,553.500582,10500.0,1537.649319
C13792,1210.573775,2077.09,1578.62,498.47,0.0,1500.0,879.902552
C13793,2784.364948,1178.31,1178.31,0.0,0.0,8500.0,4188.764712
C13794,283.899006,818.69,519.49,299.2,947.496827,8000.0,4618.241
C13795,9630.367575,5245.28,2931.2,2314.08,0.0,21000.0,5669.928467
C13796,105.216147,1445.55,1135.55,310.0,0.0,13500.0,1267.655533
C13797,41.080375,280.0,0.0,280.0,0.0,9000.0,479.765654
C13798,954.260731,611.08,567.32,43.76,0.0,3500.0,795.002019
C13799,5779.287938,5233.92,3277.47,1956.45,0.0,6000.0,3555.592453
C13800,6727.925578,1694.48,1457.48,237.0,5881.182495,7000.0,0.0
C13801,1092.570471,624.36,0.0,624.36,0.0,1000.0,653.319911
C13802,3012.178613,27790.42,14605.99,13184.43,469.074937,12000.0,27839.82354
C13803,148.511058,562.24,349.0,213.24,0.0,9000.0,18.208604
C13804,2360.086196,0.0,0.0,0.0,921.067126,9000.0,617.359054
C13805,28.909122,177.05,0.0,177.05,0.0,1200.0,165.005267
C13806,3993.254745,2049.97,843.7,1206.27,373.338524,5200.0,1089.826018
C13807,110.98472,150.0,0.0,150.0,559.653063,2000.0,731.165077
C13809,72.02566,222.6,222.6,0.0,0.0,7500.0,390.258331
C13810,224.313303,2426.96,859.5,1567.46,0.0,17500.0,1660.462764
C13811,2233.485479,0.0,0.0,0.0,99.651002,5000.0,536.029708
C13812,423.479877,1944.47,1021.09,923.38,0.0,11500.0,1768.256214
C13813,3265.116481,2147.01,0.0,2147.01,0.0,8000.0,8481.013758
C13814,3341.352075,192.96,0.0,192.96,917.200952,3500.0,1136.740187
C13815,30.186422,345.99,120.0,225.99,0.0,9000.0,99.876601
C13816,6943.433775,3513.64,3513.64,0.0,0.0,8000.0,879.211422
C13817,9598.377893,781.18,332.95,448.23,5967.801306,12000.0,2723.358933
C13819,980.370868,699.33,0.0,699.33,0.0,1000.0,1002.591557
C13820,142.833472,1400.18,85.0,1315.18,0.0,3000.0,1575.110682
C13821,3177.742619,153.72,153.72,0.0,0.0,3500.0,1078.780479
C13822,1751.368315,0.0,0.0,0.0,2811.456765,6000.0,3898.309616
C13823,35.550618,458.15,0.0,458.15,0.0,1000.0,402.170167
C13824,1239.927866,1520.0,770.0,750.0,898.218922,1400.0,2393.323514
C13825,2692.671422,13013.5,9849.05,3164.45,0.0,7000.0,11250.01917
C13826,3562.624897,244.5,244.5,0.0,3815.281397,5500.0,1402.591743
C13827,3337.178486,883.39,106.09,777.3,5338.547155,6000.0,4039.075325
C13828,2531.153022,0.0,0.0,0.0,2718.185493,3500.0,712.639694
C13829,784.959164,0.0,0.0,0.0,397.992799,3500.0,223.240044
C13830,1632.580058,0.0,0.0,0.0,115.413927,1800.0,1839.752683
C13831,133.428199,1268.22,406.28,861.94,0.0,6000.0,1551.580661
C13832,40.467471,553.48,0.0,553.48,0.0,11500.0,532.936499
C13833,22.682781,161.5,161.5,0.0,0.0,2000.0,934.889414
C13834,62.489102,290.0,290.0,0.0,0.0,4800.0,77.890926
C13835,797.925938,3143.21,2352.5,790.71,0.0,6500.0,4268.871085
C13836,430.592769,1741.39,564.0,1177.39,0.0,5000.0,1125.765206
C13837,1128.38317,0.0,0.0,0.0,74.22288,1200.0,285.277888
C13838,2817.59092,37.92,0.0,37.92,0.0,3000.0,755.313452
C13839,1565.025253,3035.98,785.6,2250.38,7003.112284,2500.0,13562.87926
C13840,2828.6637,3766.55,1165.85,2600.7,2157.382814,10000.0,3100.096212
C13841,2810.335817,0.0,0.0,0.0,1460.353036,3500.0,4109.608819
C13842,830.073634,0.0,0.0,0.0,1803.238152,14000.0,2173.470034
C13843,1784.447292,233.09,233.09,0.0,4469.29969,3000.0,6168.238025
C13844,224.97236,2084.64,0.0,2084.64,0.0,8500.0,1658.927139
C13845,1155.123292,62.02,62.02,0.0,19.081161,1200.0,217.775407
C13846,336.565042,875.52,341.0,534.52,0.0,4000.0,299.441751
C13847,639.830783,578.19,380.67,197.52,1848.938533,2000.0,2247.506595
C13848,369.384435,3303.03,87.9,3215.13,0.0,6000.0,2353.184431
C13849,86.157142,915.64,0.0,915.64,0.0,9500.0,855.755398
C13850,4283.519021,8151.36,3092.07,5059.29,2685.118122,9500.0,6839.916671
C13851,88.327488,669.75,669.75,0.0,0.0,4300.0,632.122421
C13852,1253.723768,87.4,87.4,0.0,0.0,6500.0,303.383266
C13853,1487.509392,34.52,0.0,34.52,0.0,2000.0,2133.989319
C13855,0.0,990.0,0.0,990.0,0.0,1500.0,0.0
C13856,5825.470945,633.11,0.0,633.11,1249.383941,6700.0,1697.035816
C13857,2540.664814,383.28,0.0,383.28,0.0,2900.0,1721.123332
C13858,673.014589,638.0,638.0,0.0,2421.366568,8000.0,789.728968
C13859,951.415721,279.01,279.01,0.0,552.821008,1200.0,346.833439
C13860,3315.689234,1434.88,740.0,694.88,5802.393776,6000.0,4608.192303
C13861,1383.892711,1095.13,235.4,859.73,99.30138,6000.0,1130.55011
C13862,716.970968,378.35,0.0,378.35,801.879454,1000.0,211.734375
C13863,542.036699,423.86,423.86,0.0,0.0,2500.0,770.057042
C13864,757.67311,2553.46,568.46,1985.0,0.0,7000.0,2559.544182
C13865,5311.078831,1349.62,887.94,461.68,4258.489193,6000.0,2212.652278
C13866,734.663507,218.0,218.0,0.0,952.495425,1500.0,992.813331
C13867,4762.717627,0.0,0.0,0.0,450.089413,5000.0,806.236783
C13868,62.082275,791.68,568.66,223.02,0.0,4500.0,892.892557
C13869,3805.629844,0.0,0.0,0.0,2132.877903,4000.0,862.812957
C13870,92.279773,842.51,842.51,0.0,0.0,9500.0,655.378633
C13871,1180.686055,243.04,0.0,243.04,56.662525,1200.0,498.424721
C13872,2953.212886,320.48,188.0,132.48,261.393051,10000.0,8972.867229
C13873,4479.251427,0.0,0.0,0.0,2078.88662,9000.0,1355.483086
C13874,4380.251712,0.0,0.0,0.0,404.036972,4500.0,776.241676
C13875,1110.575152,3384.68,2344.28,1040.4,0.0,6000.0,0.0
C13876,1278.502197,0.0,0.0,0.0,451.336788,1800.0,0.0
C13877,7291.244386,3509.25,2299.45,1209.8,64.517949,12000.0,1543.281435
C13878,7899.171076,0.0,0.0,0.0,11657.31244,13000.0,1646.946937
C13879,72.723403,0.0,0.0,0.0,134.752225,200.0,94.494445
C13881,187.973296,116.0,116.0,0.0,0.0,4000.0,244.135461
C13882,381.627688,1266.2,1153.56,112.64,0.0,1500.0,693.809552
C13883,5852.750868,722.8,269.0,453.8,5817.204294,9000.0,1771.136112
C13884,5131.239119,0.0,0.0,0.0,7216.567867,13000.0,1194.04075
C13885,290.175484,345.17,219.8,125.37,0.0,6000.0,376.607432
C13886,102.58313,2044.73,1294.39,750.34,0.0,10000.0,2329.319937
C13887,224.812081,388.9,119.0,269.9,0.0,1500.0,671.924423
C13888,1432.350154,0.0,0.0,0.0,353.621982,1500.0,525.178843
C13889,1509.177493,0.0,0.0,0.0,1281.15107,5000.0,449.984139
C13890,675.8726,1315.3,1265.32,49.98,0.0,4000.0,0.0
C13891,683.849179,7387.83,3894.51,3493.32,0.0,8000.0,6873.576182
C13892,678.62589,59.24,0.0,59.24,272.436416,1200.0,1669.187919
C13893,2628.010018,1918.14,1367.73,550.41,1051.790943,7000.0,3129.107625
C13894,144.845309,150.88,0.0,150.88,0.0,2500.0,218.136811
C13895,0.000199,0.01,0.01,0.0,0.0,4000.0,0.056466
C13896,4199.989868,11653.14,6884.6,4768.54,0.0,16500.0,13660.2412
C13897,2288.181566,177.45,88.0,89.45,0.0,5000.0,712.897132
C13898,5312.289573,399.92,289.0,110.92,7412.140941,7500.0,13817.5638
C13899,1851.372165,6006.79,5506.81,499.98,0.0,7600.0,5389.6734
C13900,692.2898,200.0,200.0,0.0,299.710379,9950.0,816.23679
C13901,163.335524,460.95,460.95,0.0,0.0,1500.0,162.939482
C13902,182.709228,2463.21,1295.84,1167.37,0.0,9500.0,2362.519923
C13903,483.261458,3228.3,3228.3,0.0,0.0,600.0,3304.347175
C13904,3676.225496,2743.35,1299.63,1443.72,1095.478557,6000.0,1859.086356
C13905,242.161751,686.0,686.0,0.0,0.0,1600.0,79.554524
C13906,19.281564,428.9,0.0,428.9,0.0,10500.0,418.803807
C13907,2.476557,115.7,115.7,0.0,0.0,4500.0,0.0
C13908,3515.499451,2864.32,1215.93,1648.39,2880.208755,5500.0,3362.139057
C13909,199.684606,287.4,0.0,287.4,0.0,4500.0,1110.399779
C13910,5218.923199,100.01,0.0,100.01,491.329785,6000.0,1299.677915
C13911,1565.98205,1677.26,614.85,1062.41,0.0,4500.0,7364.974854
C13912,2672.203163,0.0,0.0,0.0,1347.646329,7500.0,5983.259628
C13913,166.442301,797.58,797.58,0.0,0.0,9500.0,2402.676315
C13914,14100.2511,4995.8,3403.11,1592.69,20712.67008,16500.0,20418.33238
C13915,1819.405059,5671.86,2086.05,3585.81,0.0,6000.0,834.969649
C13916,0.0,178.8,0.0,178.8,0.0,1900.0,0.0
C13917,19.572514,310.25,310.25,0.0,0.0,5500.0,322.934105
C13918,175.635786,0.0,0.0,0.0,54.180326,1800.0,324.105254
C13919,923.117542,224.4,224.4,0.0,1845.4779,1700.0,2232.42607
C13920,1885.892405,675.69,675.69,0.0,232.702808,2000.0,657.008002
C13921,1045.458739,946.29,705.69,240.6,886.266785,1500.0,2138.807396
C13922,2875.669063,0.0,0.0,0.0,740.863461,3000.0,729.064946
C13923,28.054194,824.27,0.0,824.27,0.0,2500.0,673.029715
C13924,396.376998,286.74,52.49,234.25,0.0,1000.0,232.783063
C13925,1641.251218,0.0,0.0,0.0,2990.165538,3000.0,4399.723425
C13926,2421.106175,0.0,0.0,0.0,3701.78388,3000.0,1607.740298
C13927,890.633006,756.73,756.73,0.0,0.0,3000.0,1964.578805
C13928,57.408695,338.5,338.5,0.0,0.0,7000.0,354.35735
C13929,2013.171338,60.0,60.0,0.0,4621.713196,3500.0,3428.736898
C13930,4859.262329,0.0,0.0,0.0,4835.129243,8000.0,1126.662524
C13931,224.202679,1522.91,990.17,532.74,0.0,7500.0,1306.491984
C13932,26.034907,299.79,0.0,299.79,0.0,7500.0,308.31669
C13933,2673.770349,435.0,435.0,0.0,3667.84151,5000.0,1143.636383
C13934,1863.787327,0.0,0.0,0.0,1998.061069,3000.0,749.522371
C13935,14.836268,170.09,0.0,170.09,0.0,7000.0,190.956987
C13936,2012.049986,1279.21,242.91,1036.3,196.593829,4500.0,656.977251
C13937,1110.047967,0.0,0.0,0.0,569.881041,3500.0,3544.922751
C13938,726.779809,5497.04,5497.04,0.0,0.0,1700.0,4207.962368
C13939,1812.61375,0.0,0.0,0.0,2804.289646,9000.0,961.987007
C13940,43.200086,324.0,324.0,0.0,0.0,1800.0,350.499835
C13941,1771.43578,1176.0,0.0,1176.0,0.0,1700.0,1350.02185
C13942,521.38404,0.0,0.0,0.0,1001.605022,1150.0,1220.262003
C13943,604.816148,764.0,331.0,433.0,796.641859,10500.0,1984.660403
C13944,680.671377,8040.78,2946.69,5094.09,0.0,7000.0,6331.737868
C13945,2336.985188,190.56,190.56,0.0,4066.421468,3500.0,8319.645575
C13946,40.479403,452.61,0.0,452.61,0.0,5000.0,426.404957
C13947,1382.376636,77.91,0.0,77.91,300.531629,2500.0,639.362373
C13948,8539.312935,0.0,0.0,0.0,4070.445699,11000.0,2459.237522
C13949,509.872908,31.89,31.89,0.0,0.0,1500.0,1396.027009
C13950,1008.864224,1392.83,1392.83,0.0,0.0,9000.0,1265.870255
C13951,723.172037,2095.14,238.0,1857.14,0.0,5000.0,1509.479538
C13952,1.025109,59.66,0.0,59.66,0.0,1700.0,0.0
C13953,126.13588,0.0,0.0,0.0,1170.273287,1200.0,1131.54314
C13954,975.637547,6897.56,0.0,6897.56,0.0,6150.0,8337.882098
C13955,1129.284728,1211.42,0.0,1211.42,0.0,4000.0,3390.831252
C13956,2306.310095,359.96,0.0,359.96,2843.482435,4000.0,1482.816136
C13957,883.835888,187.47,0.0,187.47,0.0,1000.0,263.631752
C13958,874.571604,385.7,316.7,69.0,289.822557,2000.0,357.969443
C13959,444.760263,3734.7,3734.7,0.0,0.0,4000.0,5808.857795
C13960,0.0,1200.0,1200.0,0.0,0.0,2500.0,14229.88248
C13961,332.650256,770.0,0.0,770.0,0.0,5500.0,558.752797
C13962,101.682988,610.34,86.0,524.34,0.0,1500.0,324.924223
C13964,4143.074668,1074.27,1074.27,0.0,190.242856,6000.0,926.813916
C13965,42.68579,708.0,326.0,382.0,0.0,3000.0,755.300687
C13966,146.261257,3139.97,2499.22,640.75,0.0,5000.0,2990.926573
C13967,3876.778302,0.0,0.0,0.0,4269.018258,7500.0,1342.57535
C13968,1593.364737,2298.49,684.2,1614.29,554.604914,4500.0,1082.087826
C13969,933.278656,182.55,0.0,182.55,2304.727023,2500.0,1755.16459
C13970,58.167348,438.87,438.87,0.0,0.0,7500.0,1748.469291
C13971,2514.895334,3172.38,1653.16,1519.22,656.112456,6800.0,2646.255583
C13972,1513.759633,70.0,70.0,0.0,0.0,1700.0,2085.049719
C13973,80.00717,1548.37,28.58,1519.79,0.0,9500.0,1105.365158
C13974,93.104842,160.0,160.0,0.0,0.0,5200.0,633.184791
C13975,458.958269,492.72,0.0,492.72,0.0,6000.0,2111.788889
C13977,1386.712561,0.0,0.0,0.0,699.804757,1500.0,848.630874
C13978,4564.860642,1701.13,1322.61,378.52,0.0,12000.0,1205.113895
C13979,1709.346088,339.0,339.0,0.0,0.0,2000.0,612.684346
C13980,94.83691,1027.84,93.0,934.84,0.0,18000.0,1041.284778
C13981,6204.264926,0.0,0.0,0.0,2344.901285,7500.0,1381.411511
C13982,64.677565,363.71,363.71,0.0,0.0,6000.0,343.104512
C13983,24.297113,230.47,0.0,230.47,0.0,4000.0,0.0
C13984,2271.7875,0.0,0.0,0.0,2866.563908,8000.0,327.593428
C13985,5000.825577,3310.39,3072.89,237.5,2019.865472,7500.0,2633.433636
C13986,3723.723928,0.0,0.0,0.0,1138.457723,4500.0,930.285952
C13987,348.066767,695.0,695.0,0.0,0.0,4000.0,470.847821
C13988,846.380946,8397.44,6812.04,1585.4,0.0,10000.0,8067.500812
C13989,39.557369,45.65,45.65,0.0,0.0,3000.0,831.294005
C13990,3492.064185,0.0,0.0,0.0,522.551112,12500.0,1349.873959
C13991,719.427666,734.4,180.0,554.4,0.0,1000.0,285.477654
C13992,1184.924492,306.0,234.0,72.0,1314.443111,3000.0,500.833154
C13993,4285.123888,4235.03,4235.03,0.0,0.0,10000.0,1660.32858
C13994,989.448428,429.97,420.32,9.65,1029.77967,1500.0,195.369397
C13995,3126.109251,3357.24,2197.01,1160.23,0.0,7000.0,1149.614601
C13996,3912.344717,2080.66,672.48,1408.18,1829.712153,6000.0,1017.896487
C13997,469.380653,5117.56,2562.27,2555.29,0.0,4300.0,5270.796852
C13998,3543.905366,1362.92,0.0,1362.92,0.0,7500.0,1026.706561
C13999,1218.208868,0.0,0.0,0.0,4467.667258,2500.0,3341.009938
C14000,680.079404,636.41,106.01,530.4,2525.736564,12000.0,309.998666
C14001,1431.445361,0.0,0.0,0.0,1414.866215,1500.0,235.637068
C14002,131.760301,789.43,787.48,1.95,0.0,5000.0,2023.907685
C14003,35.988695,294.0,0.0,294.0,0.0,1200.0,502.277937
C14004,128.507898,0.0,0.0,0.0,490.12386,1200.0,199.424458
C14005,3985.637748,20.0,20.0,0.0,1306.18399,6000.0,1203.180838
C14006,1726.125465,223.95,223.95,0.0,265.018687,5000.0,1734.836967
C14007,948.944615,678.94,201.4,477.54,0.0,2000.0,1750.388539
C14008,71.983739,1000.0,1000.0,0.0,0.0,1200.0,93.4312
C14009,32.903658,391.5,0.0,391.5,0.0,6500.0,405.250915
C14010,3822.559709,1000.0,1000.0,0.0,0.0,5000.0,1160.567938
C14011,580.175457,759.5,85.0,674.5,995.015703,4000.0,1194.432152
C14012,9.444869,127.14,127.14,0.0,0.0,4000.0,0.0
C14013,1509.525178,0.0,0.0,0.0,1784.023712,3500.0,513.387513
C14014,1288.895823,0.0,0.0,0.0,3233.145994,3500.0,4919.065431
C14015,4825.450839,5855.46,5855.46,0.0,0.0,7000.0,3866.077948
C14016,5797.6687,0.0,0.0,0.0,4639.195255,6000.0,1936.745052
C14017,10.248544,0.0,0.0,0.0,690.668996,1200.0,0.0
C14018,6928.721377,18.35,0.0,18.35,14836.45141,18000.0,22281.70046
C14019,1725.887609,0.0,0.0,0.0,753.22315,1700.0,1169.756885
C14020,475.675998,5421.73,5421.73,0.0,0.0,10500.0,5510.903074
C14021,961.369596,0.0,0.0,0.0,1124.284462,1200.0,275.73187
C14022,1364.256013,0.0,0.0,0.0,252.98756,1500.0,513.013589
C14023,113.629276,798.0,798.0,0.0,0.0,5000.0,4372.014696
C14024,9.906062,202.3,0.0,202.3,0.0,1500.0,195.62615
C14026,26.506901,400.91,115.61,285.3,0.0,2500.0,465.179466
C14027,157.66813,1263.51,87.0,1176.51,0.0,10000.0,1458.713508
C14028,2336.363625,924.19,0.0,924.19,432.263451,2500.0,874.589045
C14029,316.095114,89.96,0.0,89.96,0.0,4700.0,301.153658
C14030,453.856643,238.75,0.0,238.75,0.0,1500.0,94.007773
C14031,1914.092562,538.85,487.5,51.35,0.0,2000.0,1022.911305
C14032,9061.317491,0.0,0.0,0.0,366.077141,10000.0,2524.110566
C14033,3239.138704,3018.68,3018.68,0.0,4157.651522,5500.0,3369.399283
C14034,2450.104201,0.0,0.0,0.0,657.525213,3000.0,692.953519
C14035,342.358505,633.66,65.96,567.7,367.516136,4500.0,1625.059543
C14036,8983.120358,0.0,0.0,0.0,3517.845954,12500.0,1943.319108
C14037,2275.53087,1343.65,1262.29,81.36,0.0,3000.0,718.5624
C14038,54.327257,346.02,0.0,346.02,0.0,4500.0,237.839366
C14039,984.135371,599.58,590.0,9.58,0.0,3000.0,782.954766
C14040,2732.551701,1043.03,308.97,734.06,123.468228,3000.0,1691.352849
C14041,5795.166009,0.0,0.0,0.0,7363.303617,12500.0,7570.031897
C14042,2944.156996,12.22,12.22,0.0,244.694657,3000.0,628.31462
C14043,1693.841127,2439.98,1373.89,1066.09,1068.614851,5500.0,1474.677315
C14044,189.98582,369.0,0.0,369.0,991.09837,2500.0,292.582747
C14045,1690.352634,0.0,0.0,0.0,1359.175968,3500.0,373.741157
C14046,3048.011738,1271.34,1239.42,31.92,0.0,3200.0,1216.277275
C14047,419.486983,450.0,450.0,0.0,1365.172054,9500.0,4275.760118
C14048,2997.977825,35131.16,34087.73,1043.43,0.0,12000.0,28896.66522
C14049,44.635372,640.0,0.0,640.0,0.0,6000.0,596.47654
C14050,5643.992345,6141.58,5070.48,1071.1,1003.760024,13000.0,11514.83756
C14051,2713.749041,0.0,0.0,0.0,318.035084,3000.0,664.635735
C14052,95.597121,101.97,101.97,0.0,97.921034,3000.0,306.960201
C14053,1679.429188,0.0,0.0,0.0,75.844786,1800.0,243.503331
C14054,14.442528,163.9,0.0,163.9,0.0,1500.0,138.776431
C14055,8260.825897,3709.71,2420.76,1288.95,2379.462062,8500.0,6847.476495
C14056,4899.638221,0.0,0.0,0.0,424.449434,5000.0,880.262447
C14057,138.596394,1333.9,663.9,670.0,0.0,7500.0,1000.797013
C14058,4.160112,70.56,0.0,70.56,0.0,6000.0,54.598522
C14059,592.416944,6228.01,3454.7,2773.31,0.0,4500.0,6052.32316
C14060,1211.895212,0.0,0.0,0.0,119.377631,1200.0,413.575315
C14061,8.585976,512.59,352.5,160.09,0.0,2500.0,908.190297
C14062,32.612016,545.88,545.88,0.0,0.0,2000.0,1100.892272
C14063,174.214883,0.0,0.0,0.0,956.089092,1200.0,238.06524
C14064,147.765977,1328.94,1328.94,0.0,0.0,4000.0,4606.168653
C14065,349.855056,3200.5,2097.88,1102.62,0.0,7000.0,3119.528249
C14066,816.765152,7967.04,7839.22,127.82,0.0,10000.0,8455.311569
C14067,3177.232656,5877.73,5430.68,447.05,0.0,6000.0,6686.89278
C14068,14.234636,259.83,0.0,259.83,0.0,7000.0,357.269364
C14069,117.018324,625.94,625.94,0.0,0.0,11000.0,627.763481
C14070,330.236089,0.0,0.0,0.0,930.459784,6500.0,2048.983642
C14071,1087.567113,564.54,357.9,206.64,0.0,1400.0,443.196272
C14072,409.592245,190.0,190.0,0.0,1986.427611,11500.0,299.91595
C14073,3.141961,16.0,16.0,0.0,0.0,5500.0,656.045331
C14074,1957.712033,276.76,0.0,276.76,0.0,3000.0,566.106669
C14075,75.936035,856.44,856.44,0.0,0.0,2300.0,426.894188
C14076,1459.518449,393.82,134.07,259.75,0.0,1500.0,438.601342
C14077,1033.498736,21.75,0.0,21.75,1238.746947,3000.0,255.779858
C14078,2255.056361,122.99,100.0,22.99,0.0,9000.0,3737.838893
C14079,1798.042812,0.0,0.0,0.0,478.838983,6300.0,1192.610471
C14080,179.209557,1526.42,1526.42,0.0,0.0,13500.0,1482.286465
C14081,1119.464381,266.68,0.0,266.68,0.0,1400.0,1041.406725
C14082,2046.402647,3976.4,3298.79,677.61,0.0,7000.0,3413.229693
C14083,472.529777,358.2,0.0,358.2,1818.821088,2500.0,485.184548
C14084,1894.990608,0.0,0.0,0.0,1930.273374,5500.0,767.315938
C14085,1066.884128,0.0,0.0,0.0,215.632774,1200.0,222.800881
C14086,4896.223044,0.0,0.0,0.0,396.233514,5000.0,1288.704377
C14087,57.94319,440.0,0.0,440.0,0.0,6500.0,462.523442
C14088,501.453416,1199.46,447.0,752.46,0.0,6500.0,495.243088
C14089,1422.85376,159.46,159.46,0.0,0.0,1600.0,468.122486
C14090,423.972293,0.0,0.0,0.0,1677.787494,1500.0,316.450771
C14091,3894.241117,1201.7,0.0,1201.7,995.062078,4000.0,1734.235295
C14092,19.726196,220.9,0.0,220.9,0.0,2500.0,275.401717
C14094,0.001146,0.0,0.0,0.0,96.59138,1500.0,1359.022794
C14095,1126.942655,0.0,0.0,0.0,86.437024,1200.0,353.897911
C14096,8121.778586,231.14,52.44,178.7,2992.209093,12000.0,2143.672319
C14097,54.096839,185.99,44.99,141.0,0.0,4000.0,367.310313
C14098,58.312121,0.0,0.0,0.0,839.112534,1200.0,2616.215575
C14099,2552.597938,550.62,0.0,583.95,0.0,3000.0,478.632499
C14100,437.397682,1936.22,1538.97,397.25,396.568016,4000.0,2449.272289
C14101,5523.175617,0.0,0.0,0.0,4104.980885,6500.0,4355.053996
C14102,2088.285449,0.0,0.0,0.0,1110.062064,6000.0,476.667426
C14103,162.850565,1326.72,1023.27,303.45,0.0,6000.0,967.490298
C14104,263.467374,0.0,0.0,0.0,837.67896,1700.0,279.745591
C14105,1030.503395,25.26,25.26,0.0,0.0,3000.0,1135.363289
C14106,1420.113689,393.63,393.63,0.0,0.0,1500.0,473.832445
C14107,6.109243,73.64,73.64,0.0,0.0,4000.0,71.926635
C14108,1968.876429,0.0,0.0,0.0,1803.871026,10500.0,596.425723
C14109,488.340514,4908.93,2290.36,2618.57,0.0,7500.0,4589.621491
C14111,944.851251,449.49,0.0,449.49,0.0,1000.0,642.845065
C14112,5561.390014,0.0,0.0,0.0,3041.330064,6000.0,2193.97427
C14113,4705.036885,887.87,810.7,77.17,766.181321,6000.0,1091.779354
C14114,4802.507595,0.0,0.0,0.0,286.576749,5000.0,986.609534
C14115,1724.945864,2075.18,1841.7,233.48,0.0,8500.0,3792.747568
C14116,3421.570645,0.0,0.0,0.0,287.27997,8500.0,1387.841466
C14117,99.029726,1496.87,429.27,1067.6,0.0,5000.0,1760.086698
C14119,4353.46553,0.0,0.0,0.0,301.200047,4650.0,984.37305
C14120,4506.159773,1948.25,546.35,1401.9,1870.142289,11500.0,2398.862474
C14121,231.089583,1547.92,1547.92,0.0,0.0,9000.0,1230.772375
C14122,5199.213536,271.4,204.0,67.4,1013.616077,10000.0,1328.030861
C14123,460.644885,805.42,805.42,0.0,1916.483068,7000.0,708.479385
C14124,421.796337,2748.74,1623.74,1125.0,0.0,4500.0,2684.86037
C14125,137.864267,237.24,0.0,237.24,1113.534935,1200.0,1232.901419
C14126,5376.338384,5899.35,3732.48,2166.87,0.0,6000.0,2816.619335
C14127,2557.241228,2131.06,749.47,1381.59,0.0,5000.0,0.0
C14128,3971.701463,721.51,175.0,546.51,0.0,13500.0,1169.633242
C14129,2454.552939,461.32,24.0,437.32,0.0,8000.0,1010.442597
C14130,8695.084351,0.0,0.0,0.0,2772.592928,17500.0,2353.936879
C14131,2682.407264,315.5,315.5,0.0,6629.320612,6000.0,1617.804094
C14132,3358.724054,328.0,328.0,0.0,8416.854736,5000.0,6698.912435
C14133,196.967268,1915.07,1808.25,106.82,0.0,7500.0,1776.394323
C14134,817.953789,0.0,0.0,0.0,1285.120888,1500.0,1213.585489
C14135,0.0,0.0,0.0,0.0,181.64979,2500.0,1140.957855
C14136,3702.768802,0.0,0.0,0.0,3097.33974,6000.0,2617.067343
C14137,73.876478,600.0,0.0,600.0,0.0,3000.0,574.321262
C14138,241.032979,0.0,0.0,0.0,642.862505,1500.0,915.454305
C14139,187.204739,2816.01,2565.97,250.04,0.0,6000.0,2078.813618
C14140,379.542951,0.0,0.0,0.0,925.399531,1500.0,2651.530544
C14141,647.166042,369.49,0.0,369.49,0.0,12500.0,738.346676
C14142,78.114579,0.0,0.0,0.0,7155.612737,15000.0,11241.39128
C14143,136.839366,1133.54,1133.54,0.0,0.0,16500.0,4802.004681
C14144,4858.92532,9282.12,1578.86,7703.26,4446.461559,9000.0,16822.58645
C14145,952.419564,283.8,0.0,283.8,0.0,1000.0,611.487872
C14146,70.392491,1008.56,180.0,828.56,0.0,6000.0,1321.09625
C14147,4252.504676,2172.77,1491.73,681.04,0.0,11000.0,1425.671686
C14148,1282.087245,0.0,0.0,0.0,200.865502,1500.0,246.329361
C14149,26.547229,224.56,0.0,224.56,0.0,3000.0,264.390903
C14150,285.645503,1265.24,893.54,371.7,0.0,7000.0,1791.285108
C14151,2033.538173,929.25,297.51,631.74,1567.042271,3500.0,1291.31841
C14152,2525.425787,0.0,0.0,0.0,2892.511237,3000.0,683.769908
C14153,18.354425,256.5,0.0,256.5,0.0,2000.0,306.969886
C14154,2571.311375,0.0,0.0,0.0,6537.278532,3000.0,4513.686142
C14155,3252.763399,230.0,74.0,156.0,4497.284924,4500.0,567.149683
C14156,817.439653,1091.0,1091.0,0.0,0.0,2600.0,766.573245
C14157,426.442669,0.0,0.0,0.0,1619.692655,9000.0,6270.973592
C14158,212.282538,1698.9,1698.9,0.0,0.0,3000.0,2865.759368
C14159,3298.236901,385.0,385.0,0.0,0.0,7100.0,911.237387
C14161,2759.801583,0.0,0.0,0.0,1063.852745,3000.0,665.168762
C14162,44.192011,356.0,356.0,0.0,0.0,16500.0,836.690499
C14163,405.234722,916.04,916.04,0.0,0.0,500.0,628.237735
C14164,4663.032241,1325.31,1325.31,0.0,0.0,4500.0,2064.110786
C14165,209.490297,1956.6,0.0,1956.6,0.0,4000.0,1800.384664
C14166,70.963378,759.73,432.37,327.36,0.0,7800.0,691.394748
C14167,1024.990375,0.0,0.0,0.0,58.443227,1200.0,291.517362
C14168,134.581135,2300.42,2093.42,207.0,0.0,6000.0,3251.065775
C14169,16.179446,80.0,0.0,80.0,0.0,5000.0,140.010501
C14170,2791.930619,231.52,0.0,231.52,0.0,3000.0,1828.411354
C14171,293.614532,839.61,839.61,0.0,2018.794348,3000.0,2585.110269
C14172,1.470582,0.0,0.0,0.0,18.149946,9000.0,81.65922
C14173,1.816814,21.05,0.0,21.05,0.0,2900.0,243.137299
C14174,1674.490411,421.71,334.94,86.77,0.0,1700.0,790.338065
C14175,1539.375352,100.0,100.0,0.0,0.0,3000.0,420.283303
C14177,1676.218891,0.0,0.0,0.0,774.229185,1800.0,477.308046
C14178,6981.281961,0.0,0.0,0.0,5795.971155,18000.0,6002.538777
C14179,2255.261218,0.0,0.0,0.0,550.830512,2500.0,582.88501
C14180,1325.445684,0.0,0.0,0.0,1895.470431,4500.0,187.108587
C14181,2361.237383,0.0,0.0,0.0,4233.413107,3000.0,3284.30732
C14182,1049.603233,0.0,0.0,0.0,438.384856,1500.0,221.394099
C14183,313.360445,1031.91,1031.91,0.0,0.0,3000.0,2534.336507
C14184,382.159579,287.68,165.0,122.68,0.0,2500.0,1879.689693
C14185,7347.355967,0.0,0.0,0.0,3726.752857,11500.0,2367.28451
C14186,58.281306,0.0,0.0,0.0,470.095785,1000.0,150.567116
C14187,882.423211,288.75,270.0,18.75,0.0,1000.0,450.107573
C14188,788.618659,2053.78,1094.91,958.87,0.0,2500.0,1875.180759
C14189,21.849058,256.11,0.0,256.11,0.0,2500.0,282.902137
C14190,6978.185657,1051.43,174.48,876.95,5146.349321,7500.0,3756.694846
C14191,1204.187686,674.85,226.96,447.89,0.0,7500.0,741.851507
C14192,1711.589245,1659.26,1152.26,507.0,0.0,6500.0,774.909705
C14193,869.947607,0.0,0.0,0.0,875.275758,3000.0,284.200413
C14194,1409.206763,143.5,143.5,0.0,0.0,3000.0,432.361276
C14195,1034.243518,0.0,0.0,0.0,1534.856631,1500.0,1716.353133
C14196,603.62806,60.0,60.0,0.0,54.866583,1200.0,1543.263552
C14197,438.429112,5044.36,3015.56,2028.8,0.0,5500.0,4591.418823
C14198,0.859447,23.0,23.0,0.0,0.0,3000.0,0.0
C14199,1163.614769,0.0,0.0,0.0,79.975453,1200.0,282.300835
C14200,2683.935652,0.0,0.0,0.0,2780.106659,4500.0,424.014365
C14201,552.464447,1866.81,1075.17,791.64,0.0,3000.0,3158.4173
C14202,6832.111113,6508.08,0.0,6508.08,0.0,6000.0,8210.115891
C14203,1155.692527,981.2,326.2,655.0,0.0,1200.0,1279.911936
C14204,375.583779,1567.4,1567.4,0.0,830.455855,2500.0,2695.75854
C14205,13968.47957,281.71,8.9,272.81,2710.679764,18500.0,3464.441992
C14206,1847.255047,186.33,117.58,68.75,0.0,2000.0,494.841702
C14207,6629.045062,0.0,0.0,0.0,12178.96258,8000.0,10117.7115
C14208,1495.080484,2323.5,2082.52,240.98,0.0,8500.0,2326.318039
C14209,2255.408224,0.0,0.0,0.0,2705.839993,3000.0,504.262605
C14210,1539.42247,0.0,0.0,0.0,1156.434609,3500.0,369.04434
C14211,3035.951276,0.0,0.0,0.0,711.169986,6000.0,710.84163
C14212,105.069311,1344.87,1344.87,0.0,0.0,1700.0,1461.200691
C14213,2446.709596,0.0,0.0,0.0,5281.049743,5000.0,5695.396335
C14214,295.374207,0.0,0.0,0.0,2032.983385,1200.0,2781.869782
C14215,822.755885,531.14,359.24,171.9,0.0,3000.0,267.707871
C14216,4433.582508,0.0,0.0,0.0,1434.153185,5500.0,6801.553821
C14217,2785.584338,0.0,0.0,0.0,144.330518,3000.0,446.776969
C14218,10116.70899,10166.69,3300.0,6866.69,0.0,14000.0,2190.466875
C14219,9440.796576,0.0,0.0,0.0,5831.378,13000.0,2031.387858
C14220,1435.975897,418.56,418.56,0.0,0.0,2150.0,950.209773
C14221,1160.514847,3726.79,664.0,3062.79,0.0,3000.0,3312.651656
C14222,634.759973,19.91,0.0,19.91,0.0,6000.0,610.491342
C14223,45.785125,12.0,0.0,12.0,166.160258,1200.0,39.556692
C14224,968.504914,257.71,45.65,212.06,0.0,1000.0,623.314494
C14225,200.806352,1957.45,1799.14,158.31,0.0,6000.0,1934.825977
C14226,1634.559235,1062.94,1006.18,56.76,0.0,1800.0,584.660133
C14227,1839.926709,487.75,0.0,487.75,266.614527,3500.0,791.115227
C14228,6743.313868,5591.26,1770.5,3820.76,1074.347669,9500.0,2314.208069
C14229,1267.054186,0.0,0.0,0.0,1253.614385,1500.0,209.297618
C14230,2778.737121,1973.0,1973.0,0.0,0.0,6500.0,630.766685
C14231,1138.592025,327.99,248.99,79.0,0.0,1200.0,559.386373
C14232,195.361788,0.0,0.0,0.0,368.716548,8500.0,153.610279
C14233,8.576818,80.0,80.0,0.0,0.0,7500.0,76.188977
C14234,117.439961,0.0,0.0,0.0,279.060127,750.0,657.048813
C14235,3803.111606,2025.96,541.39,1484.57,0.0,5600.0,1354.420552
C14236,841.744925,2481.55,2481.55,0.0,0.0,5000.0,524.564867
C14237,153.602336,0.0,0.0,0.0,962.466343,1800.0,19.342419
C14238,382.449723,4162.66,917.78,3244.88,0.0,5000.0,4103.998759
C14239,4375.13933,32.1,0.0,32.1,1830.046883,6000.0,2303.317555
C14240,194.818874,1902.47,1902.47,0.0,0.0,7000.0,1896.961677
C14241,2605.6002,0.0,0.0,0.0,4127.528187,12000.0,2077.205644
C14242,346.013906,3561.31,1542.67,2018.64,0.0,5500.0,3156.901501
C14243,404.582074,555.84,0.0,555.84,0.0,1500.0,229.068913
C14244,0.933462,0.0,0.0,0.0,39.348512,6000.0,109.244925
C14245,358.674215,411.3,411.3,0.0,4327.056723,2500.0,6981.148039
C14246,36.005918,463.36,0.0,463.36,0.0,7500.0,1070.3377
C14247,2197.935434,0.0,0.0,0.0,1183.00691,5000.0,5233.68971
C14248,2525.493672,490.0,0.0,490.0,1470.99071,6000.0,1130.147035
C14249,3039.972975,5988.29,4484.77,1503.52,0.0,7000.0,2458.531724
C14250,22.151355,134.87,64.98,69.89,0.0,3000.0,41.580849
C14251,1077.459774,4342.68,3109.98,1232.7,385.830526,6900.0,4105.36943
C14252,58.647973,528.65,108.32,420.33,0.0,2000.0,539.9677
C14253,1718.034412,422.68,422.68,0.0,3406.374587,3500.0,3752.094461
C14254,3907.641073,2001.35,147.84,1853.51,466.60762,4000.0,2111.180988
C14255,1189.030969,1122.3,1122.3,0.0,1425.965785,4000.0,3231.526204
C14256,18495.55855,5288.28,3657.3,1630.98,0.0,22000.0,4246.168346
C14257,494.045664,583.2,240.44,342.76,0.0,2000.0,370.803775
C14258,520.441499,2170.6,2170.6,0.0,0.0,1500.0,1943.742193
C14259,4592.041153,0.0,0.0,0.0,178.893987,5000.0,1009.612835
C14260,2955.777008,0.0,0.0,0.0,3604.51247,11000.0,4398.578094
C14261,2666.903576,0.0,0.0,0.0,779.396921,3000.0,661.437579
C14262,2015.554911,1446.48,493.88,952.6,0.0,13000.0,4537.716739
C14263,8.447806,85.12,0.0,85.12,0.0,7000.0,100.258283
C14264,3447.674222,205.0,205.0,0.0,4548.057776,10500.0,665.239171
C14265,655.712971,264.35,202.8,61.55,0.0,1500.0,180.129661
C14266,3063.422164,1646.48,555.73,1090.75,2934.748266,4500.0,6543.279871
C14267,478.787453,780.38,655.74,124.64,144.37846,1500.0,1842.23355
C14268,697.141393,1027.28,567.0,460.28,0.0,2000.0,1822.954828
C14269,48.933642,632.84,0.0,632.84,0.0,1500.0,626.111312
C14270,53.994628,257.0,257.0,0.0,0.0,6500.0,423.058905
C14271,3494.152843,2217.87,578.06,1639.81,2452.383654,6500.0,2125.932737
C14272,180.32895,810.6,0.0,810.6,0.0,2500.0,700.22051
C14273,63.930277,626.98,589.1,37.88,0.0,3000.0,450.633632
C14274,1089.696979,349.04,0.0,349.04,1477.68366,1500.0,231.019657
C14275,123.396703,0.0,0.0,0.0,1196.579583,7000.0,2591.841437
C14276,71.345309,1166.76,0.0,1166.76,0.0,3000.0,1137.865785
C14277,1044.704008,1142.6,346.0,796.6,0.0,5000.0,1881.871223
C14278,809.572784,691.66,691.66,0.0,992.321871,1500.0,1395.925667
C14279,2165.436389,0.0,0.0,0.0,1016.336335,2500.0,435.64194
C14280,123.632161,506.0,146.0,360.0,0.0,6000.0,662.272892
C14281,546.398561,0.0,0.0,0.0,2498.547619,3000.0,339.612072
C14282,1032.031399,0.0,0.0,0.0,1143.502627,1200.0,239.189487
C14283,316.812739,2393.89,801.1,1592.79,2145.718983,10000.0,4439.641308
C14284,715.64147,0.0,0.0,0.0,1349.479114,1500.0,1967.176481
C14285,24.976709,720.6,720.6,0.0,18.985087,9000.0,664.033022
C14286,826.018339,191.67,160.5,31.17,0.0,1200.0,443.248137
C14287,134.613205,0.0,0.0,0.0,447.255199,2500.0,414.896217
C14288,3749.634778,0.0,0.0,0.0,102.621184,8000.0,1377.52604
C14289,16.657046,186.32,65.0,121.32,0.0,600.0,28.317708
C14290,69.945524,41.4,0.0,41.4,0.0,1200.0,147.786034
C14291,2224.065672,81.84,81.84,0.0,1570.966236,2500.0,487.001643
C14292,563.587232,1232.59,500.75,731.84,450.908415,4000.0,857.740923
C14293,27.742435,303.24,0.0,303.24,0.0,3000.0,775.085467
C14294,1018.880453,0.0,0.0,0.0,2583.510846,13000.0,1703.232165
C14295,1221.439496,1045.76,959.22,86.54,1478.541555,2500.0,269.325785
C14297,56.541208,325.8,325.8,0.0,0.0,3200.0,1300.942779
C14298,1604.476717,2619.7,2619.7,0.0,3041.40624,6000.0,2045.152399
C14299,39.086623,374.63,91.63,283.0,0.0,1600.0,767.182519
C14300,378.001129,1884.04,1884.04,0.0,104.557174,5000.0,2249.919761
C14301,3290.750214,974.72,974.72,0.0,0.0,10000.0,1064.701886
C14302,66.723482,550.95,0.0,550.95,0.0,4000.0,521.433223
C14303,1987.232432,544.76,0.0,544.76,0.0,2000.0,1124.28278
C14304,869.702973,370.74,138.54,232.2,710.440728,1000.0,540.848608
C14305,53.989299,469.14,0.0,469.14,0.0,1500.0,446.737399
C14306,151.787402,1234.32,1234.32,0.0,0.0,10000.0,2837.676536
C14307,5.856011,827.4,0.0,827.4,0.0,6600.0,755.916603
C14308,5.1807,0.0,0.0,0.0,1283.543377,3000.0,1282.18451
C14309,190.324034,322.33,238.97,83.36,0.0,6500.0,524.430161
C14310,1645.780139,150.0,150.0,0.0,0.0,1800.0,550.522713
C14311,8043.733112,99.5,99.5,0.0,3215.576129,12500.0,1865.566177
C14312,2155.276706,66.0,66.0,0.0,5478.844017,5000.0,5100.05147
C14313,5619.654569,2457.53,1352.63,1104.9,6088.185478,8000.0,1140.70277
C14314,429.157725,170.0,170.0,0.0,0.0,6500.0,694.899932
C14315,1135.70375,92.07,0.0,92.07,81.509491,1200.0,355.798199
C14316,484.70724,960.0,960.0,0.0,531.964001,2000.0,199.836894
C14317,96.799285,537.36,537.36,0.0,625.807503,1500.0,1133.874141
C14318,18.558992,86.4,0.0,86.4,0.0,2000.0,265.768812
C14319,75.792862,1117.35,0.0,1117.35,0.0,5000.0,1060.951647
C14320,1354.161432,0.0,0.0,0.0,602.502862,1500.0,313.83656
C14322,1276.549447,3355.73,1916.68,1439.05,887.518919,4000.0,1254.550076
C14323,1119.157048,133.9,133.9,0.0,269.234406,1200.0,427.35515
C14324,889.090252,9751.9,5896.76,3855.14,0.0,4500.0,8418.403666
C14325,22.695131,201.18,201.18,0.0,0.0,3000.0,189.904819
C14326,55.321121,805.25,0.0,805.25,0.0,4000.0,797.688136
C14327,432.860083,128.32,128.32,0.0,0.0,4750.0,239.784988
C14328,3626.196814,475.36,0.0,475.36,1634.030482,8500.0,1927.992694
C14329,534.728906,976.98,251.05,725.93,0.0,7000.0,742.950103
C14330,3645.191927,2311.83,2311.83,0.0,0.0,4500.0,1778.093952
C14331,12.423203,2292.41,2003.99,288.42,96.310823,7500.0,2411.035394
C14332,391.508345,80.99,80.99,0.0,2867.104779,1500.0,3855.328673
C14333,5601.953934,0.0,0.0,0.0,3449.910317,6000.0,1307.896832
C14334,240.110414,3510.42,1732.87,1777.55,0.0,6500.0,3868.013636
C14335,1500.034488,274.45,239.45,35.0,889.383583,3000.0,500.083333
C14336,1089.219786,639.15,639.15,0.0,443.668004,3000.0,1095.752072
C14337,952.26088,0.0,0.0,0.0,1202.332312,1200.0,218.402942
C14338,1268.809031,17945.0,17945.0,0.0,0.0,18000.0,50721.48336
C14339,935.167278,1757.91,672.0,1085.91,1009.683036,1800.0,2279.094703
C14340,5.196923,68.02,0.0,68.02,0.0,4000.0,125.516216
C14341,5543.972323,0.0,0.0,0.0,2231.203315,6000.0,1265.31093
C14342,77.684147,431.28,0.0,431.28,0.0,1000.0,342.768161
C14343,226.78538,210.64,210.64,0.0,0.0,3500.0,295.155445
C14344,41.643083,212.0,212.0,0.0,0.0,1200.0,596.834019
C14345,291.663664,129.0,129.0,0.0,0.0,5500.0,284.596786
C14346,1437.977941,229.94,229.94,0.0,901.185629,1800.0,783.528158
C14347,213.205306,2536.27,370.5,2165.77,0.0,6000.0,2298.104409
C14348,2063.855487,220.4,220.4,0.0,2274.848149,2500.0,468.683047
C14349,13.649888,129.16,129.16,0.0,0.0,15000.0,375.36099
C14350,8477.970766,4837.88,2945.5,1892.38,289.117803,15500.0,3695.744108
C14351,1117.00354,240.0,240.0,0.0,0.0,1200.0,366.532467
C14352,198.815177,247.5,0.0,247.5,0.0,4000.0,283.50846
C14353,472.61828,4626.36,2974.0,1652.36,305.257038,3800.0,4549.881872
C14354,1534.16579,0.0,0.0,0.0,635.299075,1800.0,681.29005
C14355,2092.971853,0.0,0.0,0.0,135.256159,2500.0,275.676251
C14356,1116.944017,182.64,182.64,0.0,109.600359,1500.0,304.822958
C14357,2006.680789,121.93,78.81,43.12,3398.994695,4000.0,375.493789
C14358,251.715214,2722.34,1744.63,977.71,0.0,1200.0,2165.330989
C14359,3334.683766,0.0,0.0,0.0,3411.430841,6000.0,682.561453
C14360,1868.523786,27.89,27.89,0.0,47.998873,2000.0,440.707307
C14361,1000.235038,79.41,79.41,0.0,0.0,6500.0,868.377193
C14362,1046.952264,504.0,0.0,504.0,0.0,1000.0,759.461397
C14363,1832.539694,1311.8,1076.16,235.64,0.0,2500.0,384.218293
C14364,59.35799,608.8,608.8,0.0,0.0,6000.0,1531.142227
C14365,48.068313,788.08,448.0,340.08,0.0,13000.0,689.403349
C14366,570.657071,950.39,540.36,410.03,340.308868,4000.0,549.682725
C14367,8040.732429,0.0,0.0,0.0,3500.334072,12000.0,2709.478892
C14368,1121.44991,219.4,85.0,134.4,0.0,1200.0,591.736846
C14369,1168.844004,1310.31,1310.31,0.0,1502.01432,3500.0,272.821647
C14370,12596.42194,0.0,0.0,0.0,3252.260115,14000.0,3031.587665
C14371,1000.931473,0.0,0.0,0.0,374.200459,1200.0,304.037261
C14372,10.564262,240.25,240.25,0.0,0.0,2700.0,469.841016
C14373,13.07784,69.5,69.5,0.0,0.0,400.0,98.275388
C14374,2891.926512,561.25,561.25,0.0,1991.754101,7700.0,597.664886
C14375,1832.940008,1839.69,914.19,925.5,0.0,5000.0,477.773934
C14376,13.713339,504.08,137.9,366.18,0.0,4500.0,448.622511
C14377,128.25396,1105.0,0.0,1105.0,0.0,2500.0,1224.344711
C14378,589.682566,6398.73,6398.73,0.0,271.370767,10500.0,7443.80581
C14379,16.379412,178.15,0.0,178.15,0.0,5000.0,229.376368
C14380,492.265287,424.5,0.0,424.5,0.0,4000.0,142.123847
C14381,3458.708146,0.0,0.0,0.0,8886.28396,6000.0,6285.292115
C14382,3285.196786,2830.48,1182.2,1648.28,1703.103212,8500.0,7224.787261
C14383,1733.972492,147.96,0.0,147.96,0.0,1900.0,525.331558
C14384,577.30163,3702.79,2940.9,761.89,202.413978,5000.0,4168.726662
C14385,19.548437,266.56,84.0,182.56,0.0,4500.0,395.242487
C14386,75.11232,0.0,0.0,0.0,293.856915,7000.0,375.642608
C14387,420.215198,1681.1,834.8,846.3,0.0,2400.0,758.24314
C14388,1396.800164,210.62,210.62,0.0,0.0,1500.0,703.616107
C14389,31.944612,408.01,408.01,0.0,0.0,7500.0,1027.411988
C14390,5693.979714,1338.72,1338.72,0.0,0.0,9500.0,1753.988494
C14391,1983.111978,1119.56,1119.56,0.0,5582.881679,7000.0,6892.546158
C14392,490.157047,0.0,0.0,0.0,1289.130072,1200.0,342.973205
C14393,306.115129,0.0,0.0,0.0,991.835378,1200.0,2653.659381
C14394,2001.407378,4793.35,1131.42,3661.93,0.0,2700.0,647.406275
C14395,10.386311,171.6,0.0,171.6,0.0,4000.0,168.370514
C14396,434.02839,0.0,0.0,0.0,998.99144,1800.0,159.573297
C14397,1084.218952,0.0,0.0,0.0,1729.084515,2000.0,2193.419369
C14398,79.345909,906.5,0.0,906.5,0.0,6000.0,922.33766
C14399,2.872146,37.0,37.0,0.0,0.0,3000.0,213.066673
C14400,2004.816462,20747.34,13007.07,7740.27,0.0,10000.0,17005.40969
C14401,2339.037958,1823.56,0.0,1823.56,435.165222,1800.0,890.623152
C14402,4709.342642,1614.27,1193.06,421.21,588.059618,7500.0,1276.0373
C14403,531.615661,3196.22,2098.97,1097.25,0.0,4000.0,3556.432004
C14404,1017.086549,0.0,0.0,0.0,1046.611295,3500.0,2937.01018
C14405,2436.843864,2647.9,2495.0,152.9,0.0,9000.0,7657.885804
C14406,1430.209699,1123.59,361.0,762.59,0.0,5000.0,561.72022
C14407,237.393795,1294.97,0.0,1294.97,307.201386,2500.0,1098.051237
C14408,639.73038,951.05,785.05,166.0,0.0,2600.0,693.302893
C14409,674.119098,3146.25,449.1,2697.15,0.0,4000.0,2602.065596
C14410,1049.768556,171.65,55.0,116.65,0.0,1200.0,256.698968
C14411,876.839962,147.82,0.0,147.82,784.229265,1000.0,337.812755
C14412,31.870629,192.92,139.7,53.22,0.0,5500.0,834.627595
C14413,4931.203112,0.0,0.0,0.0,1387.850238,6500.0,1018.476355
C14414,5740.590335,8218.32,8218.32,0.0,0.0,12000.0,3318.260207
C14415,258.223705,2391.44,1203.18,1188.26,49.410478,5000.0,2536.830662
C14416,5686.466725,177.35,177.35,0.0,0.0,8000.0,1775.784106
C14417,4988.093733,8581.29,4640.84,3940.45,225.473003,10500.0,1571.883
C14418,84.377933,270.0,0.0,270.0,0.0,1200.0,308.698498
C14419,1234.235139,594.95,509.95,85.0,8287.780882,5000.0,9630.24637
C14421,931.866057,0.0,0.0,0.0,652.119509,3700.0,250.72198
C14422,1281.936062,43.0,43.0,0.0,0.0,1500.0,298.266234
C14423,1032.812458,995.07,806.07,189.0,555.033556,1400.0,363.992366
C14424,529.415371,0.0,0.0,0.0,1409.048702,1500.0,1417.666972
C14425,132.73446,2190.0,2190.0,0.0,0.0,2500.0,2.389583
C14426,5850.1729,393.87,0.0,393.87,0.0,6000.0,1536.774213
C14427,5.761614,75.0,75.0,0.0,0.0,3400.0,289.742219
C14428,34.017341,494.6,494.6,0.0,0.0,4000.0,456.293143
C14429,81.311082,851.38,851.38,0.0,0.0,8500.0,964.675607
C14430,152.758442,276.0,81.0,195.0,0.0,1200.0,1316.604491
C14431,7659.19151,0.0,0.0,0.0,1971.469655,8000.0,1897.854153
C14432,2947.426082,2257.28,1179.8,1077.48,281.877943,8500.0,3612.992662
C14433,1371.488874,0.0,0.0,0.0,3163.898453,3500.0,338.654717
C14434,57.937789,450.0,450.0,0.0,0.0,4000.0,395.680968
C14435,3376.946886,0.0,0.0,0.0,9670.775878,9500.0,2194.131117
C14436,5824.000984,1501.08,0.0,1501.08,4730.837305,8500.0,1647.245926
C14437,2286.673155,0.0,0.0,0.0,2617.930904,3000.0,602.563865
C14439,2608.512452,64.2,64.2,0.0,0.0,3000.0,647.437157
C14440,355.323994,284.11,284.11,0.0,855.147084,1500.0,1765.584677
C14441,907.680311,0.0,0.0,0.0,159.333467,1200.0,1368.734996
C14442,2493.134397,253.0,28.0,225.0,2622.759643,2900.0,445.652564
C14443,231.90824,711.8,497.8,214.0,0.0,8500.0,2007.282363
C14444,88.13353,1400.0,0.0,1400.0,0.0,7500.0,1307.099065
C14445,1068.985549,0.0,0.0,0.0,54.67143,1200.0,359.180202
C14447,722.689568,6493.25,6454.25,39.0,0.0,3200.0,5777.820302
C14448,62.759232,311.55,311.55,0.0,0.0,1200.0,525.904979
C14449,852.001697,372.36,0.0,372.36,1655.625508,4000.0,347.937039
C14450,473.599403,524.7,150.32,374.38,1168.556598,1200.0,1772.643444
C14451,567.055953,0.0,0.0,0.0,3254.66653,6000.0,4103.204766
C14452,597.416499,175.4,0.0,175.4,1816.49181,1200.0,2524.423875
C14453,3.005343,0.0,0.0,0.0,265.334594,1200.0,1233.178997
C14455,2224.000236,2276.41,1787.77,488.64,628.841571,4500.0,3755.786767
C14456,83.564804,616.0,0.0,616.0,0.0,1000.0,526.820014
C14457,19.589561,299.84,299.84,0.0,0.0,3000.0,577.023407
C14458,1193.682005,445.18,445.18,0.0,0.0,1200.0,673.563611
C14459,2701.880978,0.0,0.0,0.0,576.920984,10000.0,654.1843
C14460,8.820992,91.46,91.46,0.0,0.0,1500.0,77.334707
C14461,566.383268,1454.16,1043.25,410.91,0.0,3000.0,1828.965302
C14462,7369.794134,411.2,0.0,411.2,2943.158701,8000.0,1753.647095
C14463,31.856254,241.0,0.0,241.0,0.0,1200.0,401.109047
C14464,63.615822,970.57,970.57,0.0,0.0,7200.0,1113.617785
C14465,1172.183909,1700.0,900.0,800.0,0.0,8000.0,1271.291305
C14466,374.405467,1034.4,249.0,785.4,0.0,1200.0,1905.378315
C14467,4.054657,264.02,264.02,0.0,0.0,7000.0,274.692435
C14468,1739.13388,191.98,96.0,95.98,0.0,2000.0,978.453301
C14469,229.667169,0.0,0.0,0.0,985.337823,3000.0,1120.65839
C14470,5259.14039,2659.35,813.0,1846.35,4851.392018,6000.0,2249.612405
C14471,1975.349966,1749.72,1300.48,449.24,3738.635191,6000.0,6481.117394
C14472,4265.241202,1499.12,119.12,1380.0,2312.556328,4500.0,1844.394398
C14473,1488.113177,0.0,0.0,0.0,2599.489045,2500.0,2952.279108
C14474,136.323936,289.9,0.0,289.9,0.0,9500.0,714.619326
C14475,69.795639,1293.04,67.86,1225.18,0.0,7500.0,891.734089
C14476,28.59068,367.44,0.0,367.44,0.0,5700.0,360.925707
C14477,331.503219,332.74,0.0,332.74,0.0,2500.0,399.729843
C14478,4282.043906,1974.04,1326.0,648.04,4310.515986,7000.0,1920.094402
C14479,2083.900081,0.0,0.0,0.0,1116.430456,5500.0,465.698012
C14480,0.0,232.2,0.0,232.2,0.0,1500.0,415.603589
C14481,1052.799075,0.0,0.0,0.0,1523.162883,1500.0,1696.073522
C14482,2871.611936,2216.6,0.0,2216.6,1353.5452,3500.0,2268.296871
C14483,1096.994956,0.0,0.0,0.0,1148.512914,2500.0,160.482027
C14484,1087.574994,0.0,0.0,0.0,108.260087,1200.0,317.447893
C14485,3541.769505,0.0,0.0,0.0,2238.32876,15500.0,899.712442
C14486,339.566873,2956.2,1398.57,1557.63,0.0,5500.0,2845.336693
C14487,1992.650296,20.0,0.0,20.0,0.0,7500.0,2069.263442
C14488,1451.584485,1216.58,561.9,654.68,0.0,4000.0,603.722261
C14489,1107.099917,473.64,0.0,473.64,956.509038,1200.0,501.511019
C14490,9061.787692,0.0,0.0,0.0,5672.920976,14500.0,13893.86739
C14492,54.738397,1326.75,0.0,1326.75,0.0,1500.0,1132.512843
C14493,986.457953,1073.5,101.85,971.65,328.279184,4000.0,1009.068974
C14494,3277.092999,3936.51,3249.14,687.37,517.562968,10000.0,2183.769759
C14495,1496.580949,0.0,0.0,0.0,183.230915,1600.0,502.200633
C14496,30.350623,341.48,0.0,341.48,0.0,4000.0,381.231169
C14497,208.707195,2351.58,2351.58,0.0,0.0,4500.0,3711.189548
C14498,1639.513143,1225.0,651.0,574.0,0.0,1900.0,1467.532097
C14499,10571.41107,7739.48,0.0,7739.48,0.0,8000.0,2688.447014
C14500,1236.018537,0.0,0.0,0.0,2132.985725,3000.0,540.703321
C14501,640.394092,2476.9,2324.38,152.52,0.0,7000.0,2190.775297
C14502,339.956112,2199.65,815.15,1384.5,0.0,6000.0,2577.703016
C14503,506.470396,0.0,0.0,0.0,6897.966615,8500.0,7313.426958
C14504,42.075054,421.2,0.0,421.2,0.0,2000.0,410.786446
C14505,5118.492838,3848.92,3247.26,601.66,8383.293085,12000.0,1450.987082
C14506,2228.47847,979.11,197.05,782.06,809.443906,2900.0,1097.760409
C14507,2679.811246,0.0,0.0,0.0,154.629617,3000.0,713.179379
C14508,37.427412,31.23,0.0,31.23,1896.550326,2500.0,4045.49694
C14509,64.491497,855.99,0.0,855.99,0.0,3000.0,816.582936
C14510,2070.627593,2564.08,1165.0,1399.08,0.0,8500.0,1363.695769
C14511,1607.053725,451.9,335.0,116.9,0.0,2500.0,569.867313
C14512,5088.216894,4381.86,2825.56,1556.3,951.294749,7000.0,2410.061408
C14513,937.086541,79.0,79.0,0.0,0.0,1500.0,357.720268
C14514,48.926154,305.79,305.79,0.0,0.0,3000.0,566.857973
C14515,497.919885,1186.09,397.0,789.09,513.979897,500.0,1487.08197
C14516,1862.566976,1847.57,841.59,1005.98,0.0,3350.0,1652.359591
C14517,1893.053845,746.31,487.27,259.04,1535.853619,4200.0,3286.143282
C14518,10.05473,530.0,0.0,530.0,0.0,1000.0,538.553454
C14519,7677.565407,1240.04,1240.04,0.0,3681.231518,8000.0,2724.967965
C14520,1403.574083,1831.57,697.94,1133.63,1909.684135,8000.0,427.189102
C14521,1425.175936,49.89,49.89,0.0,59.673576,1500.0,348.530192
C14522,2019.768435,326.64,326.64,0.0,0.0,3000.0,3434.224242
C14523,1961.246269,0.0,0.0,0.0,233.246267,2000.0,422.017882
C14524,0.0,18.77,0.0,18.77,0.0,5000.0,0.0
C14525,1191.955492,0.0,0.0,0.0,275.762341,1500.0,266.59382
C14526,344.543487,2219.53,1432.86,786.67,0.0,5700.0,2073.117846
C14527,1080.852036,0.0,0.0,0.0,48.919105,1200.0,343.313124
C14528,12.597034,99.0,99.0,0.0,0.0,1500.0,96.255421
C14529,5019.019126,1517.85,1517.85,0.0,185.169509,6000.0,1157.021023
C14530,14.281926,245.85,0.0,245.85,0.0,1500.0,209.736381
C14531,1381.27484,71.8,71.8,0.0,0.0,3500.0,304.742004
C14532,229.461086,3669.72,3669.72,0.0,0.0,13000.0,3512.263933
C14533,1307.177673,0.0,0.0,0.0,435.240217,3000.0,857.062706
C14534,4408.242337,324.3,324.3,0.0,3965.922581,7000.0,7975.31466
C14535,785.429991,0.0,0.0,0.0,277.70324,1200.0,327.423796
C14536,1064.872909,0.0,0.0,0.0,3358.172644,10500.0,20740.15941
C14537,24.389998,0.0,0.0,0.0,1369.366015,3000.0,10893.77844
C14538,2739.711796,847.66,765.8,81.86,1201.188255,7500.0,3273.326636
C14539,4.908888,133.16,0.0,133.16,0.0,6500.0,210.448172
C14540,1471.640654,285.69,285.69,0.0,463.813261,3000.0,389.787483
C14541,1241.882057,94.0,94.0,0.0,234.639631,1400.0,539.459472
C14542,7496.171727,0.0,0.0,0.0,7107.137059,10500.0,2933.325551
C14543,49.074293,330.25,330.25,0.0,0.0,2500.0,509.309215
C14544,1494.221853,356.62,308.26,48.36,0.0,1600.0,641.34086
C14545,1317.547661,1987.76,1062.44,925.32,0.0,6000.0,753.735014
C14546,158.919439,0.0,0.0,0.0,787.758817,4400.0,554.846112
C14547,1908.403984,657.05,0.0,657.05,0.0,2000.0,894.424776
C14548,3632.344231,83.45,0.0,83.45,1136.000468,7000.0,837.430224
C14549,9699.252383,0.0,0.0,0.0,10630.32102,10000.0,13001.03715
C14550,66.066065,995.62,402.79,592.83,0.0,7500.0,767.241839
C14551,700.100691,7244.98,2457.47,4787.51,0.0,6200.0,6151.929937
C14553,1215.047947,0.0,0.0,0.0,204.182088,1500.0,315.553886
C14554,148.180803,1200.0,0.0,1200.0,0.0,8000.0,1654.263363
C14555,508.598624,0.0,0.0,0.0,950.084436,11500.0,974.764661
C14556,480.596706,757.8,0.0,757.8,0.0,8000.0,345.385827
C14557,1869.125099,158.2,158.2,0.0,1402.159983,6500.0,6585.792428
C14558,1654.369427,736.24,480.0,256.24,0.0,7000.0,2267.012612
C14559,1537.935236,68.0,68.0,0.0,0.0,3000.0,3845.144477
C14560,2543.005761,1900.63,1900.63,0.0,0.0,4000.0,674.748921
C14561,11206.78624,1257.77,540.65,717.12,8295.538786,15000.0,20873.22194
C14562,308.769481,489.24,0.0,489.24,1010.553199,1000.0,1660.010795
C14563,3014.625246,0.0,0.0,0.0,1143.763365,6500.0,1023.016247
C14564,1360.590356,2834.03,1972.22,861.81,0.0,6000.0,1333.71178
C14565,62.440728,709.01,709.01,0.0,0.0,2000.0,716.721864
C14566,2024.263677,56.0,56.0,0.0,4086.268496,2500.0,375.558603
C14567,2610.997575,328.7,328.7,0.0,0.0,8000.0,4256.385553
C14568,1592.354384,736.26,425.62,310.64,3120.093926,6000.0,3636.148663
C14569,1689.238956,261.89,139.19,122.7,0.0,1700.0,309.348573
C14570,203.499251,2115.76,530.0,1585.76,0.0,4000.0,1953.639143
C14571,1791.85654,71.38,0.0,71.38,0.0,3000.0,547.424357
C14572,5.626795,374.4,0.0,374.4,0.0,1000.0,419.512265
C14573,2305.006202,0.0,0.0,0.0,370.248624,2500.0,624.147899
C14574,1138.014732,1170.48,1170.48,0.0,920.050071,4500.0,1078.964657
C14575,80.762254,861.9,150.0,711.9,0.0,6000.0,1426.507994
C14576,814.085729,0.0,0.0,0.0,1087.144848,3000.0,382.425723
C14577,444.630038,0.0,0.0,0.0,145.557904,500.0,172.645901
C14578,5402.993017,0.01,0.01,0.0,5942.11917,12000.0,1071.665067
C14579,1237.510447,0.0,0.0,0.0,2914.767437,3000.0,578.821763
C14580,289.512368,4185.94,898.14,3287.8,0.0,6000.0,3836.06844
C14581,404.182321,3682.11,2473.8,1208.31,0.0,10000.0,3259.008834
C14582,1714.896284,2000.0,2000.0,0.0,0.0,2000.0,448.300443
C14583,388.132417,0.0,0.0,0.0,689.70174,1050.0,1601.295316
C14584,162.027905,1045.84,1045.84,0.0,0.0,1850.0,530.125935
C14585,1801.084627,0.0,0.0,0.0,3189.613873,10000.0,329.077571
C14586,4976.028578,900.87,0.0,900.87,0.0,5500.0,92.865469
C14587,24.831137,1909.13,30.0,1879.13,0.0,2000.0,1831.935279
C14588,3682.667737,2214.64,1250.3,964.34,0.0,9000.0,1428.539668
C14589,629.946336,1832.92,1832.92,0.0,0.0,6500.0,1425.425074
C14590,568.060722,1799.03,1799.03,0.0,0.0,10000.0,1770.472642
C14591,300.395286,394.95,277.95,117.0,0.0,6000.0,339.702306
C14592,898.253159,165.5,165.5,0.0,1157.345416,1200.0,375.839637
C14593,919.799915,320.01,69.0,251.01,1056.477112,1200.0,195.595593
C14594,368.367166,1121.86,169.2,952.66,1172.195497,3500.0,3312.219079
C14595,25.950664,231.25,0.0,231.25,0.0,4000.0,209.115604
C14596,1817.618232,623.19,0.0,623.19,408.434019,2800.0,719.914581
C14597,24.569042,532.93,0.0,532.93,0.0,3000.0,686.935875
C14598,5256.69533,188.6,188.6,0.0,1934.418697,9000.0,1421.954639
C14599,117.706441,718.44,0.0,718.44,0.0,3000.0,885.366764
C14600,2707.058356,2018.13,1545.23,472.9,0.0,7000.0,2575.541309
C14601,4917.162359,0.0,0.0,0.0,3179.132724,5000.0,865.821715
C14602,272.717108,227.44,227.44,0.0,0.0,4500.0,316.388557
C14603,4708.26338,0.0,0.0,0.0,1352.783037,10000.0,1325.649779
C14604,82.029477,1126.32,580.44,545.88,0.0,9000.0,1136.224986
C14606,9919.456275,740.75,0.0,740.75,2238.487012,14000.0,3281.898514
C14607,3258.237364,921.12,521.14,399.98,0.0,6200.0,1323.776141
C14608,61.115414,239.71,0.0,239.71,0.0,700.0,358.108438
C14609,1002.791997,0.0,0.0,0.0,234.105509,1200.0,239.80734
C14610,2951.220065,0.0,0.0,0.0,1477.737906,8500.0,710.854365
C14611,1248.903628,518.31,113.31,405.0,472.118676,1200.0,1141.190295
C14612,793.167009,433.31,200.0,233.31,766.872458,1000.0,363.064207
C14613,2368.338673,1307.18,762.5,544.68,0.0,9000.0,2167.293003
C14614,7287.084204,0.0,0.0,0.0,6605.075695,7500.0,4293.062891
C14615,3764.89205,898.43,479.0,419.43,2094.091371,4500.0,1067.435442
C14616,14.775035,80.44,0.0,80.44,0.0,3000.0,137.217255
C14617,306.460387,0.0,0.0,0.0,191.834575,7000.0,577.962789
C14618,1499.689937,159.96,0.0,159.96,601.616399,4000.0,356.317359
C14619,2778.220254,0.0,0.0,0.0,99.790116,3000.0,813.686705
C14620,56.149055,493.32,149.93,343.39,0.0,5000.0,471.382074
C14621,1924.657194,0.0,0.0,0.0,906.645286,2500.0,428.488182
C14622,72.425884,655.68,0.0,655.68,0.0,1000.0,718.537117
C14623,653.88103,0.0,0.0,0.0,1366.204137,1400.0,205.709969
C14624,579.243601,505.48,505.48,0.0,0.0,1950.0,188.304134
C14625,95.259372,43.3,0.0,43.3,0.0,7000.0,526.604881
C14626,551.580225,2955.91,952.51,2003.4,0.0,8000.0,2456.581737
C14627,1181.767566,153.95,153.95,0.0,0.0,6500.0,1908.258846
C14628,11.834127,272.9,69.9,203.0,0.0,6000.0,313.913093
C14629,1138.554361,831.89,831.89,0.0,495.002834,1200.0,381.967601
C14630,9962.070262,7465.91,6075.62,1390.29,0.0,18500.0,2403.16006
C14631,6416.448101,0.0,0.0,0.0,3580.392989,7500.0,1756.557983
C14632,2762.340044,2372.98,2372.98,0.0,1465.082446,4500.0,659.726225
C14633,926.458992,6200.71,5742.61,458.1,283.476295,7000.0,7932.430735
C14634,7474.408678,0.0,0.0,0.0,10187.5226,10000.0,2021.908233
C14635,287.884126,1545.03,124.72,1420.31,289.630816,6500.0,1182.107223
C14636,170.617046,350.0,350.0,0.0,0.0,3000.0,828.8943
C14637,86.661044,709.98,0.0,709.98,0.0,1000.0,727.104508
C14638,1541.743608,0.0,0.0,0.0,118.974129,1600.0,353.686721
C14639,7558.010921,365.26,188.56,176.7,4738.30754,8000.0,3311.192387
C14640,6956.37654,11500.94,3091.01,8409.93,15133.53213,14000.0,20122.00545
C14641,99.256215,1554.39,1174.39,380.0,0.0,6000.0,1006.702329
C14642,376.15858,2724.76,572.76,2152.0,0.0,8500.0,2600.70524
C14643,380.517893,2590.27,2102.46,487.81,0.0,2500.0,1825.405687
C14644,1311.952719,2092.0,1242.0,850.0,0.0,5181.818182,3476.019003
C14645,548.252892,208.41,208.41,0.0,1633.935089,3000.0,708.100631
C14646,3.691925,27.99,27.99,0.0,0.0,6500.0,187.172733
C14647,49.911409,178.4,0.0,178.4,0.0,2500.0,130.650758
C14648,18.549421,132.0,0.0,132.0,0.0,19500.0,3610.565153
C14649,4251.411617,0.0,0.0,0.0,2318.967259,5000.0,1428.511775
C14650,32.229139,145.85,0.0,145.85,0.0,1000.0,263.681773
C14651,1226.152097,0.0,0.0,0.0,275.602351,1200.0,797.029627
C14652,1238.140283,56.38,0.0,56.38,0.0,1600.0,398.98255
C14653,153.643158,0.0,0.0,0.0,254.910338,300.0,347.227774
C14654,200.580245,354.0,354.0,0.0,0.0,1200.0,1697.98971
C14655,2329.869472,1497.2,1301.26,195.94,0.0,7000.0,1453.119488
C14656,5090.523925,1689.09,0.0,1689.09,1088.523871,6000.0,2046.509543
C14657,2996.761878,3644.35,3610.6,33.75,0.0,3500.0,3879.940821
C14658,1103.834373,0.0,0.0,0.0,155.414239,7000.0,4021.956752
C14659,72.679836,800.55,586.55,214.0,0.0,7000.0,1584.89763
C14660,4995.229116,1580.34,1364.34,216.0,0.0,5500.0,1712.233039
C14661,300.427627,443.71,0.0,443.71,0.0,1000.0,372.548129
C14662,1521.763256,312.15,0.0,312.15,0.0,1500.0,671.70656
C14663,16.742181,320.0,0.0,320.0,0.0,2500.0,559.713369
C14664,757.964752,157.4,157.4,0.0,0.0,1200.0,1494.480376
C14665,8315.894044,8391.55,0.0,8391.55,0.0,8500.0,6322.388249
C14666,476.728349,462.75,462.75,0.0,0.0,5500.0,185.002877
C14667,776.919827,11522.9,11146.28,376.62,0.0,4500.0,11082.51429
C14668,245.336939,909.0,909.0,0.0,0.0,3000.0,340.201751
C14669,18.745682,872.7,872.7,0.0,0.0,2500.0,2411.060444
C14670,7.106669,27.98,27.98,0.0,0.0,2500.0,57.785065
C14672,1632.421395,993.96,245.59,748.37,0.0,6000.0,2752.623744
C14673,2439.976275,499.59,0.0,499.59,0.0,2700.0,555.286351
C14674,1315.478789,88.08,0.0,88.08,154.311694,1500.0,453.199092
C14675,1454.09973,0.0,0.0,0.0,49.602856,1500.0,274.985583
C14676,1695.40481,1641.48,1377.06,264.42,1105.875503,7000.0,3423.435143
C14677,19.991586,144.0,0.0,144.0,0.0,1500.0,173.881319
C14678,3219.604215,4126.75,4126.75,0.0,0.0,10500.0,6061.100911
C14679,337.178513,3809.71,3809.71,0.0,0.0,16500.0,2837.599645
C14680,217.10156,2953.03,2953.03,0.0,0.0,5000.0,3123.296573
C14681,2124.826298,967.61,397.61,570.0,581.6512,5000.0,1778.725826
C14682,313.13311,49.09,49.09,0.0,1306.110387,6500.0,1405.747523
C14683,154.271153,1498.28,667.0,831.28,0.0,12000.0,1343.450205
C14684,7934.946009,1792.15,1792.15,0.0,4169.060991,11500.0,2373.896899
C14685,4183.77248,511.12,278.6,232.52,1209.426365,4500.0,1378.838332
C14686,4187.550741,0.0,0.0,0.0,433.71918,4500.0,1216.465192
C14687,58.565355,386.0,0.0,386.0,0.0,1000.0,425.996964
C14688,8363.401152,1076.01,1076.01,0.0,3134.26615,9500.0,1828.936956
C14689,45.171225,160.0,160.0,0.0,0.0,500.0,197.019336
C14690,440.676765,0.0,0.0,0.0,1125.542162,1200.0,171.743821
C14691,7867.660015,507.0,507.0,0.0,8980.648498,8500.0,6802.892319
C14692,731.222335,0.0,0.0,0.0,2828.975383,1500.0,3208.182454
C14693,39.523885,592.88,451.18,141.7,0.0,12000.0,1111.148943
C14694,1996.785925,212.64,212.64,0.0,272.115509,2000.0,1121.381513
C14695,3114.988266,453.12,453.12,0.0,2115.036647,5000.0,1160.859524
C14696,2341.401664,0.0,0.0,0.0,1818.306309,3000.0,668.918811
C14697,2819.630553,0.0,0.0,0.0,230.543537,3000.0,810.389383
C14698,147.085066,1381.14,1027.14,354.0,0.0,2500.0,1457.406626
C14699,152.459665,1248.09,829.45,418.64,0.0,5000.0,1316.455236
C14700,1998.15597,348.0,348.0,0.0,1940.357907,9000.0,2893.195013
C14701,290.246277,2617.61,1342.69,1274.92,0.0,2500.0,2948.963493
C14702,2074.364799,1500.0,1500.0,0.0,0.0,2200.0,2200.280484
C14703,1773.323689,1423.71,1423.71,0.0,0.0,5000.0,1410.310559
C14704,12.540151,201.0,104.5,96.5,0.0,2500.0,479.948299
C14705,5796.622219,423.38,223.38,200.0,6739.693779,8000.0,813.94163
C14706,3261.241461,0.0,0.0,0.0,154.67204,6500.0,800.677168
C14707,4228.71103,923.99,0.0,923.99,3932.272703,8500.0,8805.280436
C14708,8033.907466,159.0,159.0,0.0,3983.763805,9000.0,1620.868564
C14709,11.902047,0.0,0.0,0.0,482.992567,3000.0,727.929858
C14710,7789.190958,1307.39,84.45,1222.94,1836.893684,8500.0,2072.817061
C14711,8465.740449,1345.81,226.0,1119.81,3429.450339,9500.0,2069.156797
C14712,151.194794,2634.7,2411.53,223.17,0.0,7500.0,2295.964836
C14713,3212.963003,0.0,0.0,0.0,185.532602,3500.0,766.728773
C14714,149.59894,2009.64,206.0,1803.64,0.0,16500.0,1886.871621
C14715,39.718404,525.17,525.17,0.0,0.0,8500.0,515.996856
C14716,99.523071,955.87,955.87,0.0,0.0,13500.0,1201.853087
C14717,1837.047378,0.0,0.0,0.0,73.157833,2000.0,412.848153
C14718,28.90195,169.24,169.24,0.0,0.0,1200.0,166.658504
C14719,133.68751,1139.2,0.0,1139.2,0.0,3000.0,957.152839
C14720,1922.943603,110.8,110.8,0.0,0.0,3000.0,551.431723
C14721,653.931902,0.0,0.0,0.0,1561.104542,1200.0,1535.018327
C14722,25.178303,283.15,0.0,283.15,0.0,5000.0,206.688202
C14723,3049.215189,390.0,390.0,0.0,5876.866242,3200.0,6537.913767
C14724,8073.983031,2153.11,1326.0,827.11,3037.443167,9500.0,3032.171255
C14725,1731.459785,288.47,0.0,288.47,37.454878,1700.0,673.92358
C14726,173.720757,345.29,345.29,0.0,887.279827,1200.0,0.0
C14727,1150.724569,797.27,482.31,314.96,180.115216,6000.0,1177.010626
C14728,5376.083101,0.0,0.0,0.0,2293.529361,5500.0,3202.100651
C14729,992.615052,162.28,0.0,162.28,0.0,1000.0,333.663574
C14730,1360.029064,75.87,75.87,0.0,1482.699821,1500.0,328.843583
C14731,167.244974,0.0,0.0,0.0,1275.337159,3000.0,7094.254317
C14732,24.382156,366.6,0.0,366.6,0.0,2000.0,335.625679
C14733,1001.129965,0.0,0.0,0.0,457.757366,1200.0,462.290269
C14734,108.766657,750.19,750.19,0.0,0.0,2500.0,498.643829
C14735,3106.853852,0.0,0.0,0.0,3043.478003,6000.0,702.156272
C14736,787.341687,2732.66,2548.47,184.19,0.0,16500.0,2548.494077
C14737,1075.768647,200.0,200.0,0.0,0.0,1200.0,550.95426
C14738,2270.22733,0.0,0.0,0.0,159.189426,2400.0,495.667079
C14739,38.994955,431.52,431.52,0.0,0.0,7000.0,417.892105
C14740,1154.381343,2421.85,468.65,1953.2,0.0,9000.0,1421.087219
C14741,126.098257,387.66,387.66,0.0,0.0,1200.0,211.00385
C14742,61.657184,338.4,0.0,338.4,0.0,1000.0,384.287358
C14743,6371.35328,0.0,0.0,0.0,3546.56566,7000.0,1914.79158
C14744,6057.280526,2235.12,1102.4,1132.72,0.0,10500.0,1489.016246
C14745,7005.310696,0.0,0.0,0.0,4273.427073,10500.0,1623.620841
C14746,4.598902,51.16,0.0,51.16,0.0,3000.0,160.554337
C14747,59.264067,203.08,0.0,203.08,956.776745,2000.0,1309.186831
C14748,953.772248,747.62,747.62,0.0,1411.613588,2500.0,306.649908
C14749,22.187914,0.0,0.0,0.0,147.48527,3000.0,182.533898
C14750,2118.77868,62.46,0.0,62.46,1361.312559,4000.0,1080.520104
C14751,21.345298,1019.0,119.0,900.0,0.0,4500.0,1274.379409
C14752,4817.148022,0.0,0.0,0.0,7625.978921,8000.0,3810.594316
C14753,452.951976,3649.83,3649.83,0.0,0.0,7500.0,209.217046
C14754,41.25567,297.4,297.4,0.0,0.0,6000.0,595.460601
C14755,0.0,19.25,0.0,19.25,0.0,4000.0,0.0
C14756,107.600851,1461.15,1034.03,427.12,0.0,7500.0,1334.893122
C14757,9.431309,80.44,0.0,80.44,0.0,2500.0,104.97817
C14758,4768.062736,374.81,333.2,41.61,9917.639168,7000.0,5283.297064
C14759,244.653051,1181.03,607.4,573.63,0.0,4500.0,1047.448996
C14760,268.966315,784.0,659.0,125.0,0.0,10500.0,514.650308
C14761,1411.914825,0.0,0.0,0.0,127.321884,1500.0,259.780798
C14762,183.992665,1402.4,1140.5,261.9,0.0,7200.0,1262.938606
C14763,19.491307,0.0,0.0,0.0,1161.514855,1200.0,3338.597271
C14764,3153.251957,3398.12,95.84,3302.28,5608.804955,3000.0,9000.706634
C14765,534.168335,3916.8,2170.37,1746.43,107.838419,3000.0,3291.567762
C14766,6313.362606,0.0,0.0,0.0,9687.179224,10000.0,6291.189848
C14767,531.269205,33.4,0.0,33.4,0.0,3700.0,2508.700414
C14768,3699.694691,0.0,0.0,0.0,1182.596884,4000.0,769.962086
C14769,451.23106,1293.7,725.6,568.1,0.0,1200.0,894.932094
C14770,591.103032,626.69,626.69,0.0,0.0,2500.0,786.571498
C14771,253.640197,2607.88,1142.96,1464.92,73.579253,4000.0,1954.784637
C14772,4222.928545,0.0,0.0,0.0,4745.047686,8000.0,1383.938805
C14773,884.230978,0.0,0.0,0.0,611.76416,1200.0,883.943797
C14774,237.344299,1266.03,170.0,1096.03,0.0,1800.0,729.118157
C14775,19.949534,0.0,0.0,0.0,326.731167,2500.0,0.0
C14776,398.726283,393.49,393.49,0.0,787.215403,600.0,795.860389
C14777,6991.964344,1384.92,0.0,1384.92,18.807602,13000.0,2814.59508
C14778,38.792757,1115.92,0.0,1115.92,54.562891,3500.0,1506.34522
C14779,200.988312,0.0,0.0,0.0,1864.566564,2500.0,9724.871142
C14780,2173.970603,0.0,0.0,0.0,1192.786167,2400.0,445.866028
C14781,158.878732,738.65,0.0,738.65,109.368455,7500.0,899.2372
C14783,1464.636143,0.0,0.0,0.0,2773.394382,1500.0,1751.449835
C14784,190.962339,2161.22,2161.22,0.0,0.0,5000.0,1663.048553
C14785,6983.408463,0.0,0.0,0.0,3354.686368,7700.0,1116.896212
C14786,58.83251,551.93,0.0,551.93,0.0,2500.0,437.19547
C14787,3046.937141,0.0,0.0,0.0,4021.457424,5000.0,809.451322
C14788,1396.279238,3380.44,1449.92,1930.52,0.0,3500.0,5451.794841
C14789,975.252077,1146.74,796.74,350.0,0.0,1000.0,1273.063087
C14790,1622.84216,248.74,0.0,248.74,1814.147021,2500.0,1082.286757
C14791,3899.763741,0.0,0.0,0.0,925.72976,6500.0,877.767833
C14792,2719.639153,715.81,715.81,0.0,0.0,10000.0,694.102974
C14793,347.226798,1535.49,1203.69,331.8,0.0,1000.0,778.913464
C14794,8.172299,114.0,0.0,114.0,0.0,2700.0,123.400772
C14795,8248.178009,1788.84,0.0,1788.84,90.031207,18000.0,40627.59524
C14796,289.353197,461.68,201.0,260.68,0.0,4500.0,282.328051
C14797,38.91624,358.49,0.0,358.49,188.234434,2500.0,479.607061
C14798,810.739995,86.9,86.9,0.0,0.0,7500.0,253.775702
C14799,438.337653,1867.9,1424.87,443.03,128.429272,6500.0,2080.403638
C14800,101.083401,553.36,140.0,413.36,1719.767683,3000.0,2515.38256
C14802,1300.793883,1282.2,0.0,1282.2,0.0,1200.0,1407.623536
C14803,1418.838078,0.0,0.0,0.0,272.782072,1500.0,619.975821
C14804,2042.585017,498.96,0.0,498.96,2364.540395,2500.0,414.718951
C14805,218.948323,1858.33,1380.0,478.33,0.0,4500.0,1934.821016
C14806,115.467669,354.0,354.0,0.0,0.0,16500.0,4555.965464
C14807,199.462047,1296.2,745.82,550.38,0.0,1800.0,18.125527
C14808,143.737177,1456.0,361.0,1095.0,0.0,2500.0,1416.600792
C14809,45.45702,175.0,175.0,0.0,0.0,1200.0,212.558928
C14810,1089.795044,0.0,0.0,20.0,38.249993,1200.0,284.731156
C14811,19.946102,450.0,0.0,450.0,0.0,1000.0,386.571651
C14812,626.213492,0.0,0.0,0.0,3393.427055,1200.0,3566.140224
C14813,1849.017387,0.0,0.0,0.0,838.008227,2500.0,433.218956
C14814,2992.591246,0.0,0.0,0.0,759.456509,3500.0,817.050377
C14815,2021.514867,1582.84,1554.89,27.95,0.0,2500.0,565.380786
C14816,2122.066396,0.0,0.0,0.0,1048.972729,3000.0,548.182704
C14817,4.417273,27.42,0.0,27.42,0.0,1800.0,228.417814
C14818,825.347767,0.0,0.0,0.0,105.877591,1200.0,426.206835
C14819,87.462633,0.0,0.0,0.0,1251.696029,2000.0,2678.249487
C14820,1223.909602,607.0,607.0,0.0,0.0,1200.0,466.149713
C14821,83.930127,1027.64,1027.64,0.0,0.0,6000.0,1007.971531
C14822,1241.025652,0.0,0.0,0.0,180.783929,1800.0,842.814061
C14823,268.797746,70.0,0.0,70.0,0.0,1000.0,105.954038
C14824,451.404363,2196.0,2154.34,41.66,0.0,1800.0,2142.056177
C14825,3.248979,91.26,0.0,91.26,0.0,3500.0,0.0
C14826,160.873814,480.0,480.0,0.0,0.0,1500.0,38.770699
C14827,982.566805,282.39,0.0,282.39,0.0,1000.0,722.645708
C14828,4070.500764,710.8,140.0,570.8,4620.069456,4900.0,364.205524
C14829,1048.892643,0.0,0.0,0.0,115.766104,1100.0,218.648513
C14830,507.076999,0.0,0.0,0.0,1391.140391,1500.0,2104.053736
C14831,158.634812,1765.38,84.8,1680.58,0.0,9500.0,1661.464986
C14832,976.370187,0.0,0.0,0.0,1622.255801,1600.0,3056.718074
C14833,5.336222,57.0,0.0,57.0,0.0,5000.0,164.041195
C14834,3363.288511,1123.42,865.78,257.64,1992.271699,4500.0,4772.462052
C14835,1475.396878,5055.77,2931.91,2123.86,0.0,1900.0,4826.844372
C14836,15155.53286,717.24,717.24,0.0,4718.274895,18000.0,4002.194556
C14837,782.392041,8168.9,3000.97,5167.93,0.0,16500.0,7455.296139
C14838,3157.715309,548.79,548.79,0.0,3075.115015,3500.0,3817.151157
C14839,872.07108,853.0,0.0,853.0,999.04114,4000.0,784.917897
C14841,1904.495561,4044.14,2961.8,1082.34,0.0,6700.0,6312.820074
C14842,1186.287841,115.5,115.5,0.0,0.0,1200.0,446.088328
C14843,3838.312836,0.0,0.0,0.0,1256.712548,9500.0,1419.130675
C14844,5975.063353,345.3,345.3,0.0,3599.222154,6500.0,2010.926039
C14845,2005.438728,956.05,818.73,137.32,0.0,2500.0,915.734963
C14846,6749.994904,0.0,0.0,0.0,4561.826799,11500.0,4930.710131
C14847,6.127959,82.85,0.0,82.85,0.0,3500.0,100.08381
C14848,1994.694769,248.75,248.75,0.0,1016.518185,6000.0,568.025868
C14849,7404.850748,0.0,0.0,0.0,12405.2945,11500.0,13956.71873
C14850,6950.583049,400.98,0.0,400.98,259.046858,12500.0,2008.360568
C14851,5976.796897,1194.52,0.0,1194.52,790.205561,6000.0,2722.095294
C14852,19.846569,0.0,0.0,0.0,133.049604,1200.0,48.739156
C14853,6456.515148,0.0,0.0,0.0,3802.386718,7500.0,2640.103648
C14854,2651.484926,908.15,0.0,908.15,1008.639756,3000.0,4361.679346
C14855,1091.437438,1237.37,447.6,789.77,0.0,4500.0,833.893431
C14856,28.588826,151.92,0.0,151.92,0.0,1000.0,111.631804
C14857,703.368382,64.0,0.0,64.0,0.0,2550.0,179.083715
C14858,1512.218864,1002.93,825.89,177.04,0.0,4000.0,328.446221
C14859,1608.052487,0.0,0.0,0.0,2496.721337,5000.0,9933.62261
C14860,233.961592,248.44,13.0,235.44,0.0,1200.0,219.96077
C14861,159.36681,1277.5,0.0,1277.5,0.0,2500.0,1315.820451
C14862,27.40855,290.6,290.6,0.0,0.0,2000.0,315.279531
C14863,1132.796058,519.79,519.79,0.0,0.0,1200.0,642.723631
C14864,101.874313,70.0,70.0,0.0,365.228157,2500.0,464.687342
C14865,862.753623,1282.38,0.0,1282.38,0.0,11500.0,930.179257
C14866,3753.102666,0.0,0.0,0.0,702.912179,11000.0,1029.476417
C14867,996.223227,0.0,0.0,0.0,1398.39554,8000.0,2369.167737
C14868,4035.138453,0.0,0.0,0.0,2399.437045,7000.0,1474.388466
C14870,1845.210833,0.0,0.0,0.0,1960.264859,4500.0,331.387568
C14871,46.56216,261.16,0.0,261.16,0.0,4000.0,230.605229
C14872,299.179091,1147.23,1071.7,75.53,0.0,4000.0,1460.796216
C14873,2917.079199,0.0,0.0,0.0,844.083928,3000.0,1360.117166
C14874,3062.16821,2253.98,920.54,1333.44,4161.09715,9000.0,1132.237548
C14876,320.33625,0.0,0.0,0.0,1258.982051,6500.0,1746.672526
C14877,24.176932,189.85,189.85,0.0,0.0,3000.0,184.60455
C14878,5496.421462,0.0,0.0,0.0,2338.977761,6000.0,1292.534876
C14879,0.074724,0.0,0.0,0.0,370.73048,1000.0,1628.657052
C14880,6063.976197,3987.01,3531.24,455.77,2791.263609,7500.0,1423.187576
C14881,2669.587009,0.0,0.0,0.0,967.482287,6500.0,666.186973
C14882,86.206262,626.28,210.7,415.58,0.0,3000.0,729.334233
C14884,958.26975,0.0,0.0,0.0,171.920223,1000.0,327.333462
C14885,10929.05958,675.89,500.39,175.5,1521.869211,12000.0,2639.956641
C14886,11581.9335,0.0,0.0,0.0,9236.092963,13000.0,2132.826323
C14887,207.209597,13.66,0.0,13.66,0.0,7000.0,1703.339459
C14888,3139.267322,5393.36,2094.44,3298.92,0.0,3000.0,4173.119357
C14889,2689.895528,0.0,0.0,0.0,270.201463,2900.0,639.484442
C14890,1406.627442,2315.86,1339.26,976.6,0.0,4000.0,3176.971719
C14892,1594.485356,2650.91,2123.9,527.01,0.0,7000.0,1416.618009
C14894,3755.184007,3211.86,1420.58,1791.28,0.0,11000.0,3198.261943
C14895,38.795708,229.48,229.48,0.0,0.0,3050.0,392.882251
C14896,37.911473,254.0,84.0,170.0,0.0,3000.0,248.076679
C14897,1723.804529,3145.79,997.29,2148.5,0.0,6000.0,995.065501
C14898,165.290723,971.2,971.2,0.0,446.94537,1000.0,1922.505496
C14899,683.391465,0.0,0.0,0.0,1786.070392,3000.0,346.494649
C14900,10.358325,98.83,98.83,0.0,0.0,7000.0,116.299635
C14901,1063.614099,0.0,0.0,0.0,196.616463,1200.0,206.505212
C14902,98.290292,4440.8,4440.8,0.0,0.0,1500.0,7150.995346
C14903,1540.879308,0.0,0.0,0.0,154.550357,4000.0,720.558343
C14904,3083.636304,250.0,0.0,250.0,0.0,10000.0,4669.193554
C14905,1098.457059,0.0,0.0,0.0,18.510103,1200.0,224.204359
C14906,4836.914446,305.6,305.6,0.0,0.0,16500.0,2547.923816
C14907,131.069154,1315.39,313.08,1002.31,0.0,3500.0,1123.656185
C14908,49.564532,433.5,273.94,159.56,0.0,9000.0,465.466079
C14909,1967.70274,744.9,669.9,75.0,956.424536,4000.0,449.758817
C14910,1669.128355,0.0,0.0,0.0,335.056814,1800.0,528.612762
C14911,56.116326,368.47,368.47,0.0,66.320495,2500.0,174.470592
C14912,227.184126,50.0,50.0,0.0,947.140065,5500.0,2074.177677
C14913,1417.157652,562.5,0.0,562.5,0.0,1500.0,987.794574
C14914,1406.483149,0.0,0.0,0.0,363.680545,1500.0,214.423727
C14915,0.0,581.0,0.0,581.0,0.0,1000.0,692.523718
C14916,1124.582725,0.0,0.0,0.0,219.933843,1200.0,446.251464
C14917,110.409387,992.88,992.88,0.0,0.0,4500.0,791.103098
C14918,4929.758948,4939.1,4939.1,0.0,2365.84349,6000.0,3952.187547
C14919,687.378139,74.42,0.0,74.42,0.0,700.0,353.250281
C14920,7.167028,99.0,99.0,0.0,0.0,6000.0,196.556706
C14921,49.433937,387.0,0.0,387.0,0.0,3000.0,335.472854
C14922,1427.949491,0.0,0.0,0.0,617.736537,1800.0,2163.873958
C14923,17.141376,182.1,33.6,148.5,113.918826,6000.0,255.074373
C14924,2285.655394,3648.73,2517.43,1131.3,2034.664095,7000.0,586.67656
C14925,341.149186,48.78,48.78,0.0,0.0,500.0,256.731955
C14926,91.705554,1468.1,1468.1,0.0,0.0,3000.0,1502.962138
C14927,2032.338405,158.24,0.0,158.24,2508.932178,2500.0,625.314406
C14928,4.12565,25.69,25.69,0.0,0.0,4500.0,163.352538
C14929,709.473364,548.85,385.29,163.56,153.665694,1200.0,381.15677
C14930,8048.03442,0.0,0.0,0.0,6163.107978,12000.0,2165.252987
C14931,2755.306896,2754.49,1974.0,780.49,3193.924548,13000.0,4843.691023
C14932,348.646985,230.0,230.0,0.0,1099.152158,1200.0,443.364076
C14933,472.663708,310.44,0.0,310.44,0.0,4000.0,2493.243567
C14934,387.585128,0.0,0.0,0.0,2494.497971,3000.0,0.0
C14935,120.658015,349.12,349.12,0.0,0.0,2700.0,383.414493
C14936,105.385636,1536.31,344.91,1191.4,0.0,3000.0,1639.344093
C14937,2843.942194,0.0,0.0,0.0,266.975744,3000.0,869.193769
C14938,28.315171,225.02,111.7,113.32,0.0,10000.0,315.246249
C14939,949.530268,45.65,45.65,0.0,47.786053,1000.0,303.450157
C14940,34.706824,242.9,242.9,0.0,0.0,1500.0,85.290895
C14941,3596.749572,0.0,0.0,0.0,1172.638871,6000.0,1499.401344
C14942,49.920897,400.19,400.19,0.0,0.0,8500.0,363.703322
C14943,120.945829,33.38,0.0,33.38,0.0,1000.0,514.002301
C14944,1118.479084,325.95,203.96,121.99,0.0,2400.0,290.888289
C14945,216.184011,0.0,0.0,0.0,948.380744,1200.0,243.64342
C14946,3997.572659,0.0,0.0,0.0,3516.5482,4500.0,1456.274689
C14947,1906.703614,780.0,0.0,780.0,0.0,3000.0,1338.303471
C14948,1747.359784,0.0,0.0,0.0,413.38083,1800.0,700.732344
C14949,2363.615492,1441.32,374.64,1066.68,0.0,6000.0,1055.392983
C14950,1247.196735,243.0,243.0,0.0,0.0,1200.0,529.091477
C14951,336.640397,589.59,165.0,424.59,0.0,5000.0,839.728514
C14952,135.493002,0.0,0.0,0.0,499.794103,1200.0,1844.110066
C14953,957.980588,424.76,0.0,424.76,0.0,5000.0,504.56116
C14954,965.236679,2786.08,763.82,2022.26,0.0,4500.0,1399.589495
C14955,260.409355,545.34,257.34,288.0,0.0,1500.0,384.809868
C14956,2772.790822,337.98,0.0,337.98,198.185224,3000.0,1043.396353
C14957,1305.266304,1078.89,844.99,233.9,2081.15215,5000.0,164.080259
C14958,1153.335938,886.56,0.0,886.56,0.0,1000.0,724.171914
C14959,633.388444,830.45,830.45,0.0,0.0,6000.0,497.263402
C14960,5830.700298,4079.01,507.0,3572.01,0.0,11500.0,2038.201869
C14961,4931.40051,540.0,540.0,0.0,527.008867,11500.0,1174.80652
C14962,344.532447,3603.0,1990.05,1612.95,0.0,6000.0,2912.826118
C14963,743.52397,962.78,278.48,684.3,360.154972,1000.0,402.895757
C14964,1161.901683,10903.22,7841.79,3061.43,0.0,12000.0,10799.00074
C14965,10.451064,405.93,405.93,0.0,0.0,6500.0,831.748202
C14966,256.028048,627.42,0.0,627.42,0.0,2500.0,288.225797
C14967,1109.172807,190.0,190.0,0.0,1496.441591,1500.0,795.189855
C14968,15.307062,71.52,0.0,71.52,0.0,1500.0,55.180487
C14969,1056.954525,0.0,0.0,0.0,744.221343,2500.0,498.592426
C14970,4797.567431,0.0,0.0,0.0,4824.425698,5000.0,5965.070573
C14971,42.363094,0.0,0.0,0.0,260.723304,1200.0,440.939379
C14972,608.422266,0.0,0.0,0.0,2338.86519,4000.0,600.277524
C14973,7.950803,92.2,0.0,92.2,0.0,3000.0,152.592178
C14974,927.983543,1321.52,1321.52,0.0,0.0,4500.0,527.949934
C14975,821.933113,987.26,872.64,114.62,0.0,6500.0,1605.098906
C14976,46.773238,2166.56,0.0,2166.56,0.0,3000.0,1969.308069
C14977,42.755706,350.94,284.29,66.65,0.0,5000.0,1191.823088
C14978,95.731707,632.3,200.0,432.3,0.0,2000.0,606.576346
C14979,889.767658,2997.02,1823.02,1174.0,0.0,7000.0,2199.48968
C14980,1456.399956,0.0,0.0,0.0,4116.968065,2500.0,2793.487295
C14981,72.372971,456.7,456.7,0.0,0.0,1200.0,312.287787
C14982,405.052353,515.14,69.0,446.14,0.0,4500.0,281.491353
C14983,855.811816,1960.18,306.18,1654.0,271.838738,3000.0,2043.814652
C14984,1074.258487,11.35,0.0,11.35,0.0,1200.0,421.348577
C14985,3024.642476,0.0,0.0,0.0,2381.716886,8000.0,578.458133
C14986,597.410794,344.75,289.3,55.45,1347.900815,2500.0,2026.647785
C14987,43.20377,308.22,0.0,308.22,0.0,2000.0,331.111373
C14988,79.517489,335.38,270.0,65.38,0.0,3000.0,413.920617
C14989,35.16925,272.34,0.0,272.34,0.0,1500.0,386.322209
C14990,5177.774511,1562.74,979.99,582.75,1443.200669,9000.0,3770.423728
C14991,80.298186,1090.0,0.0,1090.0,0.0,4500.0,1015.891727
C14992,1202.204204,435.04,435.04,0.0,0.0,1200.0,686.958695
C14993,31.161679,300.0,0.0,300.0,0.0,11500.0,619.179957
C14994,176.162762,1814.64,1614.64,200.0,0.0,4000.0,1847.959268
C14995,703.407676,637.84,0.0,637.84,0.0,4500.0,888.272466
C14996,445.921101,1580.56,701.61,878.95,2703.408056,2500.0,3992.8893
C14997,3083.784255,0.0,0.0,0.0,737.652849,5500.0,1033.581612
C14998,31.111548,110.0,110.0,0.0,0.0,8000.0,228.192095
C15000,503.732786,1730.3,1401.15,329.15,0.0,2500.0,2293.371099
C15001,176.837859,108.39,0.0,108.39,0.0,1500.0,56.561603
C15002,94.537529,1399.55,1399.55,0.0,0.0,7500.0,471.663042
C15003,661.940291,755.14,482.9,272.24,0.0,6500.0,2284.482833
C15004,8.799432,1591.48,218.8,1372.68,0.0,2000.0,1496.045221
C15005,3106.418215,0.0,0.0,0.0,2139.745589,10000.0,11508.41333
C15006,827.393597,693.89,0.0,693.89,0.0,1500.0,1954.590955
C15007,0.0,94.5,0.0,94.5,0.0,1500.0,0.0
C15008,4361.964176,0.0,0.0,0.0,288.451529,4500.0,1041.187421
C15009,73.10055,78.09,0.0,78.09,0.0,4000.0,93.718849
C15010,7.047482,321.07,321.07,0.0,0.0,3000.0,285.785253
C15011,353.895121,2073.54,2073.54,0.0,175.826711,700.0,1633.858307
C15012,5911.506531,0.0,0.0,0.0,7098.892954,8000.0,1156.310659
C15013,8.523984,130.32,0.0,130.32,0.0,1500.0,64.34569
C15014,3096.831684,4492.85,1076.95,3415.9,0.0,10000.0,3853.65899
C15015,2468.506177,0.0,0.0,0.0,648.808629,2500.0,601.740186
C15016,1341.000157,1355.77,1220.45,135.32,929.959753,4000.0,553.207757
C15017,169.343874,1553.8,1553.8,0.0,0.0,16500.0,1921.042991
C15018,18.112481,206.69,0.0,206.69,0.0,2000.0,259.021737
C15019,287.493279,1709.0,1709.0,0.0,0.0,2283.333333,5120.550705
C15020,38.013028,469.62,0.0,469.62,0.0,4000.0,744.854844
C15021,8.570991,149.55,149.55,0.0,0.0,5000.0,447.377119
C15022,7.20735,152.02,0.0,152.02,0.0,1000.0,219.445915
C15023,15.667283,147.48,0.0,147.48,0.0,3000.0,137.105608
C15025,955.159037,440.57,45.65,394.92,0.0,1000.0,684.090131
C15026,827.255067,281.97,0.0,281.97,0.0,1000.0,298.808637
C15027,2472.017517,2317.89,1716.02,601.87,0.0,5500.0,647.118596
C15028,22.322215,448.0,190.0,258.0,0.0,3000.0,1262.320878
C15029,1764.083164,329.47,0.0,329.47,58.536178,1800.0,789.269658
C15030,23.651198,250.0,0.0,250.0,0.0,1200.0,475.347623
C15031,1886.811282,146.73,146.73,0.0,3249.377014,3000.0,2817.269516
C15032,232.140345,552.66,76.0,476.66,76.633316,500.0,1123.972876
C15033,17.092052,1160.0,0.0,1160.0,0.0,7000.0,1587.607855
C15034,4746.953711,0.0,0.0,0.0,939.38774,11000.0,1257.708437
C15035,30.969957,319.67,319.67,0.0,0.0,7500.0,103.198108
C15036,201.463595,2148.34,638.34,1510.0,0.0,5000.0,1951.521978
C15037,322.411152,1506.92,813.02,693.9,0.0,2500.0,1567.278435
C15038,1129.185643,0.0,0.0,0.0,1385.126221,1500.0,1275.071841
C15039,99.643727,677.68,655.68,22.0,0.0,3000.0,809.678399
C15040,651.394216,2529.64,1014.32,1515.32,0.0,7500.0,2334.314811
C15041,1409.256223,4569.65,1748.94,2820.71,3883.517967,30000.0,5772.813158
C15042,194.927,2061.48,1613.06,448.42,0.0,8500.0,1937.914753
C15043,6758.987905,198.96,26.6,172.36,7019.083751,11000.0,2337.875284
C15044,2332.496766,0.0,0.0,0.0,1848.691278,9700.0,803.519921
C15045,1860.469601,0.0,0.0,0.0,303.822585,4000.0,560.883507
C15046,920.529926,462.33,462.33,0.0,1065.754951,1200.0,514.839542
C15047,3347.700395,5967.42,5016.08,951.34,0.0,11500.0,3012.483841
C15048,947.70851,483.4,483.4,0.0,1288.83283,2000.0,394.907752
C15049,574.032791,1606.51,0.0,1606.51,0.0,1000.0,1844.561564
C15050,3067.274152,0.0,0.0,0.0,591.246114,3500.0,692.136868
C15051,768.881695,408.59,408.59,0.0,0.0,2500.0,2095.952073
C15052,1190.884428,0.0,0.0,0.0,1817.843113,2000.0,290.690807
C15054,1710.119356,1697.15,122.9,1574.25,0.0,7500.0,1161.146904
C15055,229.878735,0.0,0.0,0.0,928.309409,3000.0,101.7826
C15056,4766.360515,2894.04,2583.82,310.22,1386.851165,20000.0,1302.79339
C15057,3007.664861,534.26,365.51,168.75,0.0,16000.0,3007.94197
C15058,1871.597836,3220.25,208.49,3011.76,2367.006699,5500.0,448.564207
C15059,1455.745146,266.0,266.0,0.0,168.514165,1500.0,284.966485
C15060,1986.558317,0.0,0.0,0.0,872.861808,6500.0,653.211583
C15061,36.174755,315.0,0.0,315.0,0.0,1000.0,294.181491
C15062,129.836526,1433.99,743.99,690.0,0.0,4000.0,1363.134203
C15063,206.978089,0.0,0.0,0.0,500.665069,3000.0,936.856845
C15064,1192.594159,1324.82,1000.12,324.7,914.684674,6000.0,610.477936
C15065,50.564486,84.0,84.0,0.0,259.105418,2000.0,474.054081
C15067,62.104602,377.62,0.0,377.62,0.0,2500.0,548.900318
C15068,56.945201,328.1,328.1,0.0,0.0,6500.0,437.845434
C15069,8.421315,60.0,60.0,0.0,0.0,6000.0,250.155585
C15070,15.810927,246.29,246.29,0.0,0.0,500.0,149.886496
C15071,44.613002,281.7,281.7,0.0,0.0,7500.0,401.455848
C15073,2342.724406,0.0,0.0,0.0,4697.170219,8000.0,6049.990217
C15074,3164.714813,839.65,815.65,24.0,96.764357,4000.0,740.325412
C15075,2068.865586,0.0,0.0,0.0,1285.834671,2500.0,607.215424
C15076,0.0,265.76,0.0,265.76,0.0,1500.0,288.141157
C15077,14.891908,59.8,59.8,0.0,0.0,500.0,98.211239
C15078,1367.301373,231.41,0.0,231.41,0.0,2500.0,107.242408
C15079,299.82542,480.0,130.0,350.0,416.566286,1000.0,113.970639
C15080,0.0,0.0,0.0,0.0,253.887233,500.0,2437.932505
C15081,1176.088299,0.0,0.0,0.0,1106.360593,1200.0,27.832777
C15082,1164.125671,0.0,0.0,0.0,3087.004701,3500.0,244.853194
C15083,25.499945,62.53,62.53,0.0,0.0,1700.0,1637.518241
C15084,3646.30636,594.88,133.9,460.98,3281.891728,9000.0,732.79341
C15085,164.583178,1489.28,918.48,570.8,0.0,3500.0,1858.087268
C15086,2980.628942,1352.52,1352.52,0.0,0.0,10000.0,782.875155
C15087,3350.186138,0.0,0.0,0.0,2887.013513,4500.0,1161.817205
C15088,1101.8547,0.0,0.0,0.0,38.930597,2100.0,292.271318
C15089,468.294595,4164.14,3215.54,948.6,0.0,4000.0,3958.926162
C15090,63.928065,183.6,0.0,183.6,0.0,1500.0,141.055898
C15091,906.613422,0.0,0.0,0.0,2222.768202,3000.0,1450.04403
C15092,798.693995,0.0,0.0,0.0,1865.808018,3000.0,180.865117
C15093,3.750633,159.6,0.0,159.6,879.373487,4500.0,966.963956
C15094,1281.842665,0.0,0.0,0.0,371.667107,1500.0,576.243687
C15095,863.130387,37.3,37.3,0.0,0.0,1000.0,164.343581
C15096,50.302615,0.0,0.0,0.0,575.797773,500.0,511.341658
C15097,33.817964,232.45,0.0,232.45,0.0,1800.0,243.407128
C15098,559.917793,4760.11,2907.18,1852.93,19.930337,4000.0,3632.719723
C15099,2671.979402,1469.66,1427.43,42.23,2150.272488,3000.0,4047.049777
C15100,814.781581,832.7,832.7,0.0,757.375098,4000.0,265.237605
C15101,1184.434511,99.8,99.8,0.0,3445.51955,3000.0,3497.925485
C15102,3.198999,45.87,0.0,45.87,0.0,3000.0,89.700598
C15103,33.267171,341.45,0.0,341.45,0.0,5000.0,361.47312
C15104,261.462528,2893.57,1690.63,1202.94,0.0,10000.0,2567.609796
C15105,2659.411879,177.62,177.62,0.0,1831.115496,4000.0,577.131439
C15106,8.077527,125.0,0.0,125.0,0.0,1500.0,155.940858
C15107,115.937936,0.0,0.0,0.0,1529.395551,1800.0,109.424145
C15108,69.37782,588.02,71.3,516.72,0.0,7000.0,1596.674994
C15109,61.588389,250.0,39.0,211.0,0.0,1000.0,282.556704
C15110,2.081357,26.49,26.49,0.0,0.0,7500.0,78.573329
C15111,3092.189629,60.82,0.0,60.82,2361.473149,3500.0,856.196277
C15112,564.325877,0.0,0.0,0.0,36.998782,600.0,239.847051
C15113,10.684577,300.0,0.0,300.0,0.0,4000.0,368.807294
C15114,2067.148279,792.68,441.9,350.78,446.493825,3500.0,697.332323
C15115,966.732798,1093.0,1093.0,0.0,247.199642,7500.0,1226.547045
C15116,4099.755913,0.0,0.0,0.0,4933.666708,12000.0,3005.016513
C15117,1507.001995,209.1,209.1,0.0,0.0,1800.0,443.628394
C15118,2220.864979,2884.42,1327.83,1556.59,0.0,4500.0,1355.527973
C15121,92.325796,371.16,0.0,371.16,0.0,2000.0,205.804949
C15122,3583.515054,5683.71,219.98,5463.73,0.0,3000.0,4752.379612
C15123,3343.299372,790.8,0.0,790.8,5001.962631,5000.0,1325.639966
C15124,2133.901379,303.03,9.03,294.0,0.0,3000.0,1512.770602
C15125,217.993205,2435.21,1681.89,753.32,0.0,7500.0,2024.009974
C15126,50.803778,0.0,0.0,0.0,892.941422,1500.0,1272.269385
C15127,319.037744,1262.28,1262.28,0.0,0.0,10500.0,1350.541585
C15128,100.208311,0.0,0.0,0.0,182.143966,3000.0,175.911508
C15129,7.168805,88.04,88.04,0.0,0.0,1500.0,553.411253
C15130,1747.876077,0.0,0.0,0.0,2774.385866,3000.0,495.398338
C15131,519.444307,525.0,0.0,525.0,0.0,1000.0,1500.456687
C15132,4320.267209,117.23,117.23,0.0,2746.430467,8000.0,1200.321938
C15133,2811.486863,692.52,692.52,0.0,637.084199,3000.0,1848.537683
C15134,125.793836,630.0,0.0,630.0,0.0,1000.0,373.891965
C15135,3798.323722,0.0,0.0,0.0,182.513182,4000.0,916.384302
C15136,4274.488095,0.0,0.0,0.0,12527.49129,10500.0,9836.835644
C15137,900.557796,1865.55,1865.55,0.0,583.31815,3000.0,676.956491
C15138,858.857651,1013.61,631.13,382.48,0.0,2500.0,739.761292
C15139,6537.852206,2598.51,2422.55,175.96,0.0,16000.0,2209.410409
C15140,1793.970596,1004.9,1004.9,0.0,0.0,2500.0,2697.139893
C15141,3215.903805,745.48,0.0,745.48,0.0,2500.0,0.0
C15142,1893.704851,4124.81,3035.9,1088.91,0.0,6500.0,3235.222635
C15143,7.50839,95.0,95.0,0.0,0.0,4000.0,547.880399
C15144,1180.178744,233.35,233.35,0.0,0.0,14000.0,599.388563
C15145,3232.101217,495.0,495.0,0.0,4815.406969,5500.0,5434.899642
C15146,6963.435383,2951.93,2951.93,0.0,0.0,8000.0,1069.094662
C15147,368.330629,1029.29,1029.29,0.0,0.0,6500.0,1393.630631
C15148,0.0,66.75,0.0,66.75,0.0,4000.0,0.0
C15149,4.421403,95.59,22.03,73.56,0.0,4500.0,186.546816
C15150,41.049799,413.31,133.31,280.0,0.0,6000.0,475.939508
C15151,3611.316106,2400.71,1479.24,921.47,1815.313783,11500.0,3911.840079
C15152,3214.579198,0.0,0.0,0.0,2322.566457,4000.0,2232.66712
C15153,339.183041,139.5,139.5,0.0,0.0,1200.0,877.494612
C15154,477.16584,1342.51,1072.51,270.0,0.0,8500.0,1089.226019
C15155,3711.955487,1241.4,626.4,615.0,0.0,11000.0,848.624102
C15156,390.008261,0.0,0.0,0.0,463.287959,2500.0,250.588485
C15157,2251.896834,1331.0,1321.1,9.9,0.0,12500.0,4571.887377
C15158,2461.015559,0.0,0.0,0.0,308.497698,6500.0,8328.730628
C15159,9309.635579,9007.67,8775.37,232.3,0.0,15000.0,5528.180381
C15160,4355.982388,0.0,0.0,0.0,305.985578,7500.0,1188.602797
C15161,62.996845,779.7,290.0,489.7,0.0,9000.0,775.601851
C15162,22.879526,171.0,0.0,171.0,0.0,1500.0,152.51735
C15163,4719.819043,2143.73,1292.78,850.95,146.547709,12500.0,1031.151095
C15164,1241.565972,3637.75,3396.25,241.5,6419.421654,7000.0,8754.779769
C15165,49.198038,699.0,699.0,0.0,0.0,1800.0,69.941439
C15166,662.691336,0.0,0.0,0.0,967.59402,1200.0,107.916464
C15167,4587.062248,333.28,0.0,333.28,77.956377,5000.0,1234.809537
C15168,169.639713,1970.49,1009.85,960.64,0.0,12000.0,1643.812227
C15169,2823.212665,2814.23,2814.23,0.0,0.0,7500.0,1150.696529
C15170,2.880247,250.0,250.0,0.0,0.0,2000.0,1401.222628
C15171,47.193664,132.0,0.0,132.0,0.0,2500.0,267.057792
C15172,597.628578,1430.0,1200.0,230.0,2091.07342,1500.0,4032.106936
C15173,2872.798614,27.16,0.0,27.16,2692.777044,5000.0,507.240956
C15174,3350.116932,39.8,39.8,0.0,3907.706693,8000.0,1809.711855
C15175,13.221335,108.84,0.0,108.84,0.0,1500.0,69.973565
C15177,1083.120149,0.0,0.0,0.0,2426.830138,1200.0,1481.809323
C15178,777.616173,0.0,0.0,0.0,1894.377727,9000.0,2245.358858
C15179,122.684019,1267.0,247.88,1019.12,0.0,2500.0,1263.464175
C15180,1615.968515,270.0,0.0,270.0,2592.263468,6000.0,3434.362444
C15181,434.099616,4392.05,3817.98,574.07,0.0,6000.0,4076.914448
C15182,820.700166,0.0,0.0,0.0,857.720875,1500.0,1892.507498
C15183,7.625765,110.68,0.0,110.68,0.0,4000.0,0.0
C15184,1428.118364,119.34,0.0,119.34,2563.324769,1200.0,2545.222796
C15185,1324.038811,1862.96,1862.96,0.0,0.0,4400.0,954.962296
C15186,1190.800122,1864.79,1002.22,862.57,0.0,3000.0,1617.884909
C15187,2580.169522,0.0,0.0,0.0,3912.041656,3000.0,1809.765794
C15188,371.866448,2825.85,2506.84,319.01,0.0,10000.0,2137.437449
C15189,1280.732187,0.0,0.0,0.0,395.725602,1500.0,397.461163
C15190,975.416023,9586.1,7916.74,1669.36,0.0,12000.0,8906.373361
C15191,122.113869,1105.92,0.0,1105.92,0.0,2500.0,1105.854643
C15192,1262.631995,405.0,405.0,0.0,0.0,7000.0,586.551078
C15193,143.553904,1778.76,726.88,1051.88,0.0,7000.0,1303.254323
C15194,1037.797184,103.27,103.27,0.0,475.467016,2500.0,326.649398
C15195,1938.576334,333.54,310.19,23.35,2738.946605,2000.0,867.233681
C15196,6257.390416,9228.97,9081.24,147.73,0.0,9400.0,2139.278062
C15197,14.570032,89.58,0.0,89.58,0.0,1500.0,71.641741
C15198,39.241601,199.56,0.0,199.56,0.0,3000.0,1558.673423
C15199,871.499977,20.0,20.0,0.0,197.024597,2000.0,278.265172
C15200,180.750232,266.64,0.0,266.64,95.285453,3500.0,1172.975952
C15201,4107.157763,279.71,279.71,0.0,9337.271222,5000.0,8627.985927
C15202,58.313733,499.0,0.0,499.0,0.0,1500.0,526.368079
C15203,5665.802895,0.0,0.0,0.0,10507.87257,10500.0,1290.753615
C15204,1340.671346,0.0,0.0,0.0,244.036318,1500.0,514.124193
C15206,43.762299,422.24,347.24,75.0,0.0,3000.0,280.83786
C15207,111.449845,1389.94,0.0,1389.94,0.0,1300.0,1356.270465
C15208,138.489138,1455.68,1237.92,217.76,0.0,500.0,1330.92776
C15209,70.976464,0.0,0.0,0.0,1880.659305,1000.0,1860.536797
C15210,49.378783,542.34,542.34,0.0,0.0,2700.0,387.944071
C15211,4295.964134,0.0,0.0,0.0,4505.063338,7500.0,934.137744
C15212,1017.071792,0.0,0.0,0.0,4310.221199,4500.0,4992.302341
C15213,138.459191,327.94,0.0,327.94,0.0,5000.0,188.683162
C15214,289.537597,1216.7,1216.7,0.0,0.0,5000.0,788.58998
C15215,74.755978,553.7,248.7,305.0,0.0,1000.0,467.131192
C15216,16.59641,220.48,220.48,0.0,0.0,5000.0,302.180025
C15217,51.004807,431.93,0.0,431.93,0.0,4000.0,1089.402716
C15218,1489.224372,1209.56,890.0,319.56,0.0,12500.0,6831.656434
C15219,57.70484,772.46,85.0,687.46,0.0,4000.0,770.916661
C15220,99.446029,0.0,0.0,0.0,1045.066588,1200.0,7142.732735
C15221,186.054174,2126.81,1529.8,597.01,0.0,7000.0,1998.999896
C15222,2948.447663,0.0,0.0,0.0,1539.285222,3000.0,207.448103
C15223,127.895284,1085.16,134.9,950.26,0.0,1000.0,469.114905
C15224,18.014226,130.5,0.0,130.5,0.0,1500.0,176.874316
C15225,6.86049,114.0,114.0,0.0,0.0,2000.0,1081.831337
C15226,1908.569743,0.0,0.0,0.0,4604.425401,5400.0,2118.553043
C15227,437.735369,483.65,483.65,0.0,0.0,6000.0,1497.949644
C15228,1245.976021,0.0,0.0,0.0,615.715834,1800.0,328.825762
C15229,1019.133646,9249.73,2326.09,6923.64,0.0,9000.0,8716.674684
C15230,1844.889665,1848.24,1848.24,0.0,0.0,3400.0,1239.278015
C15232,952.431767,3882.65,3527.65,355.0,2101.942774,3500.0,3823.141055
C15233,1848.758853,3588.13,399.76,3188.37,0.0,6700.0,4923.193295
C15234,1181.852384,750.78,0.0,750.78,18.531069,1200.0,1080.501526
C15235,382.870641,2972.92,2479.1,493.82,0.0,1200.0,3753.091608
C15236,1459.803597,0.0,0.0,0.0,218.234292,1500.0,436.226459
C15237,162.972111,1586.6,0.0,1586.6,110.671623,2500.0,1577.161232
C15239,1396.214811,3729.35,2489.35,1240.0,536.658419,2500.0,1550.474014
C15240,225.282024,545.68,0.0,545.68,0.0,6500.0,1097.963345
C15241,454.552808,0.0,0.0,0.0,1091.832836,1200.0,163.85665
C15242,1785.90226,0.0,0.0,0.0,129.421992,1800.0,287.777315
C15243,535.291589,824.61,438.57,386.04,0.0,4000.0,314.512747
C15244,6.697211,64.69,64.69,0.0,0.0,10500.0,372.572278
C15245,5.377296,69.0,69.0,0.0,0.0,2000.0,92.031894
C15246,4020.130769,79.62,79.62,0.0,5457.123658,9500.0,7058.832194
C15247,1117.33657,0.0,0.0,0.0,99.315429,1200.0,272.177301
C15248,15.848963,150.0,0.0,150.0,0.0,1600.0,119.468878
C15249,900.541751,15.8,0.0,15.8,0.0,7000.0,1542.583506
C15250,2544.378002,1108.54,1108.54,0.0,0.0,3000.0,524.24945
C15251,1852.646433,2600.0,2200.0,400.0,3481.132679,6000.0,1362.425769
C15252,0.0,0.0,0.0,0.0,465.571691,3000.0,6112.512276
C15253,581.24856,556.83,484.88,71.95,0.0,1500.0,328.462817
C15254,504.409631,338.9,199.0,139.9,0.0,2500.0,829.691401
C15255,142.430458,1488.84,0.0,1488.84,0.0,5000.0,1450.096836
C15256,7057.524237,2761.76,163.0,2598.76,2317.636143,7000.0,3083.16422
C15257,958.920206,66.7,0.0,66.7,0.0,1000.0,302.656395
C15258,15.257465,238.25,0.0,238.25,0.0,3000.0,4.841543
C15259,0.009684,79.24,0.0,79.24,0.0,6000.0,688.614293
C15260,385.763111,232.93,232.93,0.0,0.0,2500.0,989.738532
C15261,1780.188356,845.67,31.5,814.17,4137.170984,2500.0,3989.545295
C15262,1.841583,67.5,0.0,67.5,0.0,2500.0,110.266434
C15263,1839.122533,1055.32,0.0,1055.32,3780.152602,6500.0,2842.037627
C15264,15.008041,108.95,49.8,59.15,0.0,1500.0,149.853315
C15265,2106.417286,2151.93,1386.67,765.26,0.0,4200.0,2190.962493
C15266,2676.263845,0.0,0.0,0.0,2328.859489,3500.0,636.709165
C15267,500.219415,27.05,0.0,27.05,0.0,1200.0,104.687781
C15268,4128.31155,0.0,0.0,0.0,1674.401635,5000.0,1082.274035
C15269,1018.350846,0.0,0.0,0.0,716.818927,3000.0,263.238508
C15270,10.678354,50.0,50.0,0.0,0.0,3000.0,71.90595
C15271,1273.731635,0.0,0.0,0.0,534.228453,1500.0,755.520686
C15272,58.12945,576.0,0.0,576.0,0.0,1500.0,505.433563
C15273,153.637431,1495.41,941.41,554.0,0.0,4500.0,1345.989788
C15274,1667.146414,4343.82,3818.84,524.98,0.0,7500.0,3798.443473
C15275,1648.701838,740.7,650.9,89.8,0.0,2500.0,885.070007
C15276,15.330559,144.64,0.0,144.64,0.0,1000.0,198.970881
C15277,5772.250286,255.25,150.0,105.25,2969.93596,6500.0,1385.482263
C15278,73.704935,554.67,0.0,554.67,0.0,4000.0,578.565706
C15279,2933.068755,0.0,0.0,0.0,7542.177658,10000.0,2201.09767
C15280,1421.419262,1669.2,274.19,1395.01,0.0,8500.0,7684.307278
C15281,424.938385,4060.58,1696.94,2363.64,0.0,7500.0,4308.448155
C15282,1033.371763,2361.97,1591.05,770.92,365.689536,3000.0,2097.161809
C15283,0.0,120.0,0.0,120.0,0.0,4000.0,140.890144
C15284,5861.100691,64.71,64.71,0.0,9799.529884,9000.0,7371.459399
C15285,3987.467435,146.53,45.0,101.53,2665.355738,6000.0,1316.698331
C15286,1606.56766,0.0,0.0,0.0,1173.530445,4500.0,3883.138519
C15287,1630.991993,578.9,0.0,578.9,145.230653,2500.0,574.051951
C15288,95.887902,769.0,325.0,444.0,0.0,4000.0,958.996228
C15289,1804.401706,40.0,40.0,0.0,2392.281584,2500.0,2459.382382
C15290,1447.267049,0.0,0.0,0.0,77.866868,1500.0,315.87129
C15291,1268.250294,167.0,167.0,0.0,1141.77504,1800.0,467.080947
C15292,668.291862,248.77,0.0,248.77,0.0,1500.0,2482.201611
C15293,50.853021,428.75,0.0,428.75,0.0,8000.0,319.919021
C15294,241.001768,1888.88,1000.0,888.88,0.0,1000.0,3450.990535
C15295,157.763858,211.07,211.07,0.0,0.0,1400.0,994.915444
C15296,724.854858,185.63,185.63,0.0,321.127263,1300.0,1474.929946
C15297,147.527826,0.0,0.0,0.0,291.423252,1200.0,114.87215
C15298,581.916416,5723.9,3780.51,1943.39,0.0,7500.0,5666.333186
C15299,5292.264382,0.0,0.0,0.0,3383.299741,8000.0,994.210187
C15300,2762.536531,0.0,0.0,0.0,478.933445,3000.0,652.759069
C15301,273.429593,8534.58,7875.08,659.5,0.0,5000.0,7512.513474
C15302,12.039121,274.98,0.0,274.98,0.0,1500.0,310.575541
C15303,1451.993504,0.0,0.0,0.0,1739.998495,2000.0,251.384712
C15304,90.017392,1247.39,427.02,820.37,0.0,5000.0,762.863333
C15305,0.920339,343.4,0.0,343.4,0.0,3000.0,347.01723
C15306,1071.748626,0.0,0.0,0.0,567.817662,3500.0,513.503781
C15307,303.929544,0.0,0.0,0.0,1120.769857,1200.0,1471.642879
C15308,1938.648722,0.0,0.0,0.0,2548.837078,6000.0,1732.275197
C15309,79.432369,799.83,81.0,718.83,0.0,3000.0,786.407104
C15310,670.885072,341.9,215.18,126.72,294.185703,4000.0,409.29211
C15311,1494.69695,0.0,0.0,0.0,3020.521475,3000.0,582.828406
C15312,114.361988,2141.32,98.0,2043.32,0.0,6500.0,3361.500799
C15313,2002.429291,3500.03,1814.42,1685.61,0.0,6000.0,1619.62737
C15314,2135.646123,114.0,114.0,0.0,0.0,8000.0,577.415935
C15315,943.584041,103.0,103.0,0.0,0.0,1000.0,215.325023
C15316,4785.789559,0.0,0.0,0.0,8422.554694,9500.0,687.474829
C15317,1436.996287,0.0,0.0,0.0,73.568388,1500.0,292.521349
C15318,5.313086,71.75,0.0,71.75,0.0,3000.0,112.61746
C15319,365.48242,1618.31,1000.0,618.31,0.0,1000.0,1366.668756
C15320,322.383609,2903.17,935.82,1967.35,0.0,4000.0,2826.698853
C15321,3497.200665,1350.13,519.8,830.33,1938.008846,4000.0,1882.437447
C15322,3720.59375,345.0,0.0,345.0,2529.303126,4500.0,977.281878
C15323,5598.352813,0.0,0.0,0.0,2698.171001,6000.0,1421.321273
C15324,0.0,933.75,0.0,933.75,0.0,4000.0,0.0
C15325,2.777589,0.0,0.0,0.0,135.339466,3000.0,0.0
C15326,3362.979048,90.0,90.0,0.0,2093.951054,5000.0,1599.377333
C15327,563.459762,420.06,283.36,136.7,765.914966,1200.0,70.500843
C15328,31.980197,300.0,0.0,300.0,0.0,7500.0,214.796949
C15329,1964.369476,0.0,0.0,0.0,2706.493856,3000.0,636.224436
C15330,740.704213,1311.76,524.8,786.96,0.0,3500.0,5149.432038
C15331,991.949111,945.43,945.43,0.0,0.0,1500.0,1448.269927
C15332,37.615084,229.5,0.0,229.5,0.0,6000.0,229.256141
C15333,2266.220776,125.32,125.32,0.0,434.011893,3000.0,657.190307
C15334,262.25861,2269.74,614.5,1655.24,292.97442,3000.0,2239.223522
C15335,14.5923,200.4,0.0,200.4,0.0,4000.0,196.541494
C15336,833.541256,0.0,0.0,0.0,1422.637361,2500.0,180.104404
C15337,116.172752,0.0,0.0,0.0,1867.994674,3000.0,0.0
C15338,478.520473,768.96,368.96,400.0,2604.390666,5000.0,2465.151762
C15339,1018.811119,3137.2,1737.1,1400.1,0.0,6500.0,4106.558919
C15341,2827.367195,678.32,195.0,483.32,175.567183,3000.0,1223.23593
C15342,1529.318797,678.44,0.0,678.44,36.989392,1500.0,731.943501
C15343,2670.123456,3103.57,1587.68,1515.89,3780.101366,7500.0,1865.73836
C15344,481.961018,967.23,585.5,381.73,6718.127621,1400.0,9282.027007
C15345,72.087172,607.36,607.36,0.0,0.0,5500.0,554.770836
C15346,87.887472,1282.73,0.0,1282.73,0.0,3500.0,1347.51278
C15347,5194.184491,73.42,73.42,0.0,1101.178394,9500.0,1465.747485
C15348,216.705656,1442.9,424.6,1018.3,0.0,4000.0,1111.898226
C15349,18.400472,0.0,0.0,0.0,186.853063,,9.040017
C15350,5829.92767,0.0,0.0,0.0,306.064982,6500.0,1438.89528
C15351,830.51605,1059.04,799.04,260.0,0.0,3000.0,182.53903
C15352,88.012898,975.0,0.0,975.0,0.0,2725.0,1930.437135
C15353,77.523872,325.0,0.0,325.0,117.402685,6500.0,408.437645
C15354,8073.052656,2588.69,1592.99,995.7,1857.729049,11500.0,2435.285131
C15355,72.76697,0.0,0.0,0.0,952.855308,2500.0,945.465018
C15356,8.285344,72.52,72.52,0.0,0.0,3000.0,0.0
C15357,1207.768239,0.0,0.0,0.0,944.367262,1200.0,1106.479425
C15358,470.593325,6743.31,6182.78,560.53,0.0,3200.0,4369.008441
C15359,1915.675716,855.27,855.27,0.0,0.0,6200.0,519.064499
C15360,1283.81226,166.9,166.9,0.0,959.09202,1200.0,1363.547891
C15361,1322.579742,453.0,453.0,0.0,0.0,1800.0,616.31303
C15362,1753.27998,245.85,245.85,0.0,468.567126,1800.0,955.297792
C15364,1663.492233,3415.39,2355.11,1060.28,4152.202096,8500.0,4768.332744
C15365,528.651164,4978.23,2870.42,2107.81,0.0,6000.0,4465.155013
C15366,6.226972,54.0,0.0,54.0,0.0,3000.0,0.0
C15367,2517.38247,320.0,320.0,0.0,2357.815693,2500.0,552.896593
C15368,1453.608861,4656.79,3853.49,803.3,0.0,11500.0,1158.648328
C15369,1002.93543,1056.33,0.0,1056.33,0.0,2200.0,1108.476353
C15370,1344.982445,224.54,0.0,224.54,0.0,1500.0,619.063466
C15371,50.366106,507.57,507.57,0.0,0.0,6000.0,503.254349
C15372,3570.596193,150.46,0.0,150.46,3381.913668,6500.0,1233.301038
C15373,4364.016237,2711.9,2711.9,0.0,908.150316,9500.0,2428.395411
C15374,1207.320442,359.0,359.0,0.0,0.0,3000.0,239.704238
C15375,138.537976,987.45,987.45,0.0,0.0,3000.0,0.0
C15376,1155.338824,5744.03,4055.8,1688.23,0.0,6000.0,3684.789911
C15377,30.327329,284.34,0.0,284.34,0.0,1200.0,269.948292
C15378,30.692503,205.06,0.0,607.76,0.0,4500.0,163.982192
C15379,805.368458,0.0,0.0,0.0,1257.626787,1000.0,1515.789235
C15380,638.163467,1202.72,904.2,298.52,716.190021,3000.0,2857.881585
C15381,264.869295,940.0,940.0,0.0,0.0,6000.0,753.034035
C15382,576.890374,1081.0,1081.0,0.0,0.0,6000.0,513.64046
C15383,27.17079,275.0,0.0,275.0,0.0,3000.0,299.572759
C15384,2292.952733,0.0,0.0,0.0,523.015459,2500.0,976.79165
C15385,3830.603522,1257.16,841.0,416.16,2929.077889,7500.0,887.037084
C15386,690.625555,666.6,0.0,666.6,0.0,6000.0,1130.376548
C15387,566.477136,5370.39,1129.3,4241.09,0.0,5700.0,4124.004704
C15388,1158.01315,170.0,170.0,0.0,299.89919,1200.0,525.816276
C15389,145.320241,530.81,0.0,530.81,0.0,5500.0,143.114001
C15390,3619.986054,0.0,0.0,0.0,1483.6368,13000.0,942.812569
C15391,118.941982,1250.0,0.0,1250.0,0.0,3000.0,1130.438324
C15392,1793.954788,0.0,0.0,0.0,93.199729,2500.0,508.613001
C15393,186.020599,269.85,211.8,58.05,1115.885225,2000.0,174.556187
C15394,1414.47232,331.52,331.52,0.0,57.691122,7500.0,3321.020515
C15395,385.841997,24.63,0.0,24.63,0.0,4500.0,1349.938041
C15396,306.539753,2684.5,299.5,2385.0,0.0,6000.0,2855.153528
C15397,12.132712,244.18,0.0,244.18,0.0,2500.0,231.239325
C15398,330.068448,2441.21,0.0,2441.21,0.0,1500.0,2816.104753
C15399,1121.018433,0.0,0.0,0.0,410.041428,1500.0,858.248769
C15400,133.957441,128.5,0.0,128.5,357.492328,1500.0,507.934017
C15401,1057.699883,229.74,216.17,13.57,768.99315,1500.0,307.755667
C15402,7907.725211,1685.19,1552.31,132.88,8253.390661,18500.0,19841.25737
C15403,61.159113,981.49,381.49,600.0,0.0,7000.0,873.241146
C15404,1191.749595,0.0,0.0,0.0,1242.647518,2500.0,387.341388
C15405,15.577506,143.76,0.0,143.76,0.0,1000.0,124.753548
C15406,2.641101,9.68,0.0,9.68,0.0,8000.0,72.282497
C15407,4060.710208,22500.0,0.0,22500.0,0.0,23000.0,8760.860264
C15408,909.846336,590.0,590.0,0.0,1557.373205,2500.0,750.556869
C15409,894.357857,1164.0,0.0,1164.0,0.0,2000.0,907.603723
C15410,801.703734,387.77,0.0,387.77,0.0,2500.0,1480.676383
C15411,267.253822,2326.71,1333.71,993.0,457.383814,16000.0,2803.060431
C15412,291.598301,0.0,0.0,0.0,1118.361104,3000.0,1174.005094
C15413,660.468854,0.0,0.0,0.0,1334.235174,1700.0,205.396282
C15414,128.365782,1003.2,816.07,187.13,0.0,7000.0,1057.647019
C15415,3267.962664,1910.51,0.0,1910.51,0.0,3000.0,2553.372888
C15417,437.609832,0.0,0.0,0.0,1340.127945,1200.0,1569.501192
C15418,2701.540547,0.0,0.0,0.0,932.369762,3000.0,1065.255189
C15419,2427.756294,0.0,0.0,0.0,2995.177193,5000.0,477.894327
C15420,239.101942,750.0,0.0,750.0,1299.253842,6500.0,2021.846497
C15421,1500.810722,2340.87,1975.55,365.32,0.0,5500.0,348.740817
C15422,3425.949762,0.0,0.0,0.0,2601.134743,4000.0,1114.681017
C15423,103.792136,1607.84,168.27,1439.57,0.0,7000.0,1563.287264
C15424,1621.345326,5167.6,4246.5,921.1,0.0,5000.0,2721.870415
C15425,250.258381,486.94,486.94,0.0,1131.986387,4500.0,2837.08595
C15426,663.394569,1208.7,1025.94,182.76,0.0,1500.0,662.519566
C15427,96.820999,928.53,611.04,317.49,148.450478,3000.0,1827.504821
C15428,636.142309,4659.65,3377.15,1282.5,0.0,6000.0,4622.217377
C15429,16115.5964,684.74,105.3,579.44,4354.002428,18000.0,3546.06155
C15430,5238.915225,270.0,270.0,0.0,2706.554295,6000.0,1259.203988
C15431,2172.893325,416.74,0.0,416.74,0.0,3000.0,3905.486286
C15432,1143.333419,0.0,0.0,0.0,267.402242,2500.0,588.789066
C15433,1595.980444,0.0,0.0,0.0,138.761295,2400.0,351.305519
C15435,288.097302,2622.6,0.0,2622.6,0.0,450.0,2718.47954
C15436,7268.70638,306.91,306.91,0.0,12702.4277,12000.0,3512.633784
C15437,15.449607,574.75,0.0,574.75,0.0,1000.0,560.219458
C15438,1903.274531,1813.4,0.0,1813.4,3795.101004,4000.0,1959.916433
C15439,1102.63215,1409.31,1080.18,329.13,0.0,8500.0,874.024544
C15440,21.881383,123.48,0.0,123.48,0.0,1500.0,87.868362
C15441,2.585715,70.0,70.0,0.0,0.0,2000.0,396.435632
C15442,1182.28075,0.0,0.0,0.0,19.326352,1200.0,254.727472
C15443,66.842287,908.34,723.02,185.32,0.0,6500.0,788.60284
C15444,4476.634442,0.0,0.0,0.0,6118.973106,6000.0,3395.637883
C15445,6069.720873,0.0,0.0,0.0,3189.058341,12000.0,3357.944033
C15446,536.027158,0.0,0.0,0.0,1057.951828,1200.0,1326.002237
C15448,5044.179003,966.6,0.0,966.6,774.254505,4500.0,3332.360525
C15449,97.16839,1639.92,0.0,1639.92,0.0,2150.0,1620.285733
C15450,1339.008889,0.0,0.0,0.0,1982.368623,2500.0,1331.706743
C15451,2786.743524,231.63,86.63,145.0,0.0,3000.0,711.838166
C15452,28.413136,215.94,0.0,215.94,0.0,4000.0,331.529307
C15453,37.261373,498.65,51.05,447.6,0.0,7000.0,487.168856
C15454,11.116861,168.0,0.0,168.0,0.0,5500.0,154.705191
C15455,6.420394,136.72,0.0,136.72,0.0,2500.0,361.012758
C15456,135.856693,843.95,198.0,645.95,0.0,1200.0,862.494363
C15457,13.792103,600.0,600.0,0.0,0.0,4500.0,607.677726
C15459,2116.845833,898.34,0.0,898.34,256.376109,2500.0,1786.497369
C15460,135.794123,880.28,0.0,880.28,0.0,6000.0,1550.332412
C15461,243.182403,2687.48,398.67,2288.81,0.0,5500.0,2349.060843
C15462,7468.01201,1569.41,796.07,773.34,4500.288676,8700.0,2162.94335
C15463,7395.88757,0.0,0.0,0.0,4507.523293,8500.0,2902.821241
C15464,364.219107,142.52,142.52,0.0,654.345476,2500.0,621.956899
C15465,53.173349,60.0,60.0,0.0,277.129953,1200.0,2202.149777
C15466,1173.949821,785.69,785.69,0.0,0.0,1200.0,473.659122
C15467,1543.205532,1027.57,927.57,100.0,0.0,6000.0,319.878647
C15469,467.345479,46.74,0.0,46.74,0.0,2500.0,122.054178
C15470,303.054817,894.4,609.4,285.0,0.0,4000.0,183.620398
C15471,5481.738308,0.0,0.0,0.0,8896.92309,9000.0,13652.75432
C15472,1952.189994,297.59,99.59,198.0,55.219714,2500.0,634.780319
C15473,0.0,54.85,0.0,54.85,0.0,5000.0,75.750562
C15474,19.962737,287.4,0.0,287.4,0.0,3000.0,276.339695
C15475,1773.484195,0.0,0.0,0.0,1578.889669,3000.0,442.578729
C15476,1734.688041,0.0,0.0,0.0,158.851964,1800.0,363.842433
C15477,927.294609,364.74,151.42,213.32,0.0,1000.0,442.174198
C15478,1248.193121,40.13,0.0,40.13,0.0,1750.0,293.330975
C15479,467.287934,4327.92,78.0,4249.92,0.0,3000.0,4214.565847
C15480,1450.959629,0.0,0.0,0.0,3419.81768,4000.0,446.092673
C15481,34.195309,211.56,0.0,211.56,0.0,1000.0,188.66041
C15482,3028.512053,0.0,0.0,0.0,353.51025,3000.0,820.085077
C15483,886.65747,1440.48,1440.48,0.0,0.0,1800.0,309.644014
C15484,692.529504,404.0,404.0,0.0,0.0,6400.0,787.236366
C15485,952.952011,39.58,39.58,0.0,663.05871,1800.0,1665.457998
C15486,2056.866139,3373.7,3373.7,0.0,0.0,7000.0,2647.183713
C15487,566.928754,903.0,903.0,0.0,0.0,1500.0,751.551966
C15488,1395.907515,962.12,962.12,0.0,0.0,1600.0,1081.988109
C15489,18.606861,302.5,0.0,302.5,0.0,3000.0,705.81092
C15490,8419.737786,3050.48,1475.56,1574.92,2127.489462,12300.0,3298.741768
C15491,5.168354,69.0,29.0,40.0,0.0,5000.0,167.350713
C15492,7030.446043,3747.12,1053.08,2694.04,266.710051,14000.0,1968.080891
C15493,7091.028361,0.0,0.0,0.0,2137.809373,8500.0,1835.361842
C15494,1478.552756,479.1,311.1,168.0,901.677781,4500.0,4774.597215
C15495,985.457755,672.31,103.0,569.31,0.0,2500.0,1656.974517
C15496,767.708957,1730.6,661.45,1069.15,0.0,4000.0,341.459733
C15497,8670.048011,0.0,0.0,0.0,7738.744823,12500.0,10496.24166
C15498,26.767358,190.0,90.0,100.0,0.0,1200.0,270.6586
C15499,878.010252,4085.23,3705.15,380.08,0.0,20000.0,4036.028203
C15500,2409.236843,990.15,772.6,217.55,0.0,8000.0,707.712681
C15501,2891.678357,0.0,0.0,0.0,7981.152983,10000.0,1379.83404
C15502,21.409828,149.71,0.0,149.71,0.0,1500.0,141.974905
C15503,1268.584315,1835.93,255.32,1580.61,674.180105,1200.0,3021.605454
C15504,3509.710886,0.0,0.0,0.0,3448.87085,6000.0,811.884107
C15505,2.566385,0.0,0.0,0.0,294.434643,1300.0,379.556939
C15506,879.987974,1517.56,1507.56,10.0,0.0,1700.0,1812.402979
C15507,868.331112,1167.15,864.28,302.87,748.152104,3000.0,704.323375
C15508,3093.592745,47.69,82.41,0.0,1438.951061,4100.0,4591.237633
C15509,1879.694262,832.67,694.73,137.94,0.0,2000.0,873.931715
C15510,6372.182817,22101.78,22101.78,0.0,19513.47483,7500.0,39461.9658
C15511,1235.224095,637.28,10.0,627.28,0.0,1500.0,742.382146
C15512,4800.168978,0.0,0.0,0.0,4491.730795,9000.0,1134.482984
C15513,704.910363,500.5,225.5,275.0,851.158327,1200.0,1713.299924
C15514,1340.551352,427.96,331.96,96.0,618.344755,1500.0,326.956073
C15515,923.977036,0.0,0.0,0.0,6616.555691,2500.0,5155.088326
C15516,182.171771,270.65,45.65,225.0,0.0,1000.0,216.489485
C15517,22.689289,360.6,160.6,200.0,0.0,4500.0,415.618854
C15519,1184.971992,0.0,0.0,0.0,4743.715012,3000.0,2355.267462
C15520,4375.764064,1016.41,0.0,1016.41,252.583938,10000.0,1133.806322
C15521,444.519756,302.4,0.0,302.4,1955.504366,3000.0,2579.035502
C15522,1383.72609,0.0,0.0,0.0,148.185304,1500.0,298.943957
C15523,4738.804194,0.0,0.0,0.0,3814.313134,7000.0,1374.849589
C15524,389.835298,0.0,0.0,0.0,2101.740346,3000.0,2236.589562
C15525,455.452678,1301.25,1301.25,0.0,0.0,1500.0,472.453467
C15526,658.6552,629.99,629.99,0.0,0.0,6000.0,353.862252
C15527,5058.555256,0.0,0.0,0.0,2915.339463,7000.0,1689.268612
C15528,42.51225,523.15,75.2,447.95,0.0,2000.0,925.820102
C15529,21.187313,319.41,0.0,319.41,0.0,6000.0,135.546054
C15530,570.552082,3179.69,1258.99,1920.7,0.0,5000.0,3067.833591
C15531,3.319222,47.05,0.0,47.05,0.0,1900.0,511.105425
C15532,2899.781468,223.62,193.94,29.68,507.263645,3000.0,1059.352415
C15533,1278.829156,0.0,0.0,0.0,2425.727213,4000.0,445.436177
C15534,1368.906278,0.0,0.0,0.0,5809.802917,6000.0,322.580506
C15535,1859.165344,0.0,0.0,0.0,1543.160715,3500.0,310.775643
C15536,1413.865738,313.03,313.03,0.0,1405.693267,1800.0,1467.766461
C15537,205.409896,0.0,0.0,0.0,1903.840296,1500.0,779.245735
C15538,2527.531968,720.16,720.16,0.0,4783.105548,3000.0,3866.435107
C15539,1022.71734,120.09,120.09,0.0,0.0,2500.0,368.7253
C15540,3078.059784,0.0,0.0,0.0,4403.683518,6000.0,6043.227704
C15541,1064.308102,1067.32,242.38,824.94,3608.38187,6000.0,4770.998795
C15542,1204.686047,0.0,0.0,0.0,2212.929045,3500.0,1668.247356
C15543,40.247238,0.0,0.0,0.0,909.480894,1500.0,3578.648701
C15544,2722.600219,0.0,0.0,0.0,234.473649,3000.0,638.102089
C15545,90.953335,921.02,317.74,603.28,0.0,2500.0,782.67882
C15546,165.721899,231.51,115.0,116.51,0.0,4300.0,90.964048
C15547,738.656748,0.0,0.0,0.0,1417.01143,3000.0,170.645351
C15548,3182.968599,2502.46,2455.79,46.67,1837.023964,5500.0,2170.561697
C15549,44.586199,413.7,0.0,413.7,0.0,2500.0,2271.738188
C15550,3221.105151,3447.55,1450.0,1997.55,0.0,9500.0,5401.287094
C15551,45.869314,0.0,0.0,0.0,566.943998,4500.0,238.152441
C15552,2089.997028,2576.0,2576.0,0.0,0.0,5700.0,574.514857
C15553,2017.314401,4311.85,1259.88,3051.97,0.0,12000.0,5430.633936
C15554,1719.048074,2115.79,1395.05,720.74,0.0,9000.0,4450.197966
C15555,875.649126,0.0,0.0,0.0,748.125667,1200.0,860.788124
C15556,268.82613,0.0,0.0,0.0,2793.801452,6000.0,6801.790399
C15557,1906.283349,4016.42,1058.18,2958.24,0.0,8000.0,1344.622375
C15558,2686.595082,282.52,282.52,0.0,0.0,3000.0,3747.500925
C15559,99.508886,248.72,225.39,23.33,198.923306,1500.0,275.248686
C15560,1038.573059,1023.76,855.9,167.86,0.0,1600.0,811.701446
C15561,5678.479456,0.0,0.0,0.0,2677.463375,9500.0,1259.720956
C15562,788.5958,3858.06,3678.81,179.25,974.547645,7050.0,8123.060053
C15563,2933.387442,0.0,0.0,0.0,3317.250842,6500.0,9317.533927
C15564,1322.005771,0.0,0.0,0.0,159.292225,1500.0,404.269442
C15565,286.686616,0.0,0.0,0.0,3742.712482,4000.0,0.0
C15566,485.507827,0.0,0.0,0.0,455.227731,2000.0,794.426157
C15567,216.716507,0.0,0.0,0.0,810.792285,1800.0,1308.537026
C15568,239.446482,0.0,0.0,0.0,698.096182,2000.0,351.850485
C15569,91.861479,939.51,0.0,939.51,0.0,3000.0,874.020918
C15570,27.716642,0.0,0.0,0.0,480.104401,5000.0,0.0
C15571,1030.914048,1083.44,1083.44,0.0,1342.617687,1200.0,2574.978162
C15572,391.755763,575.72,400.72,175.0,0.0,10500.0,1631.594511
C15573,126.279615,1307.52,0.0,1307.52,0.0,6000.0,1491.690159
C15574,1193.708983,6643.71,4841.7,1802.01,0.0,12500.0,6446.627837
C15575,6958.239974,0.0,0.0,0.0,3482.699506,7500.0,3688.217452
C15576,5965.535557,0.0,0.0,0.0,419.177619,6000.0,1495.067426
C15577,1039.256129,618.75,0.0,618.75,0.0,1700.0,202.137436
C15578,94.110539,1090.19,0.0,1090.19,0.0,7000.0,1174.739824
C15579,293.118363,368.91,0.0,368.91,683.536421,1800.0,1309.489418
C15580,2206.463745,1945.82,521.5,1424.32,194.73579,9000.0,819.905846
C15581,39.554197,353.9,0.0,353.9,0.0,2500.0,374.472803
C15582,237.435762,1270.32,1270.32,0.0,438.420213,1800.0,1148.378687
C15583,38.160715,340.0,0.0,340.0,0.0,5000.0,888.221177
C15584,28.593511,258.32,0.0,258.32,0.0,4000.0,307.750161
C15585,1597.679284,272.4,0.0,272.4,0.0,1550.0,587.710246
C15586,1140.91813,0.0,0.0,0.0,1531.176754,1800.0,1336.452403
C15587,1458.775165,0.0,0.0,0.0,1759.295218,3500.0,856.740386
C15588,2.307336,0.0,0.0,0.0,28.443974,3000.0,0.0
C15589,1173.112709,823.05,573.05,250.0,1000.869648,1500.0,2049.345099
C15590,287.817221,360.0,360.0,0.0,0.0,3000.0,112.678222
C15591,3.894895,182.49,0.0,182.49,0.0,1500.0,201.08824
C15592,2377.537394,0.0,0.0,0.0,2420.59067,5000.0,533.940153
C15593,4694.671605,0.0,0.0,0.0,4174.716471,12000.0,8919.228234
C15594,30.072702,461.99,461.99,0.0,0.0,6000.0,945.998757
C15595,44.538702,916.67,0.0,916.67,0.0,1500.0,1075.578609
C15596,28.349518,235.0,0.0,235.0,0.0,6000.0,268.128456
C15597,557.277303,3739.78,3436.23,303.55,0.0,1500.0,3530.131795
C15598,1919.099019,240.27,102.26,138.01,2116.077457,3200.0,763.674122
C15599,4837.835705,1283.4,1140.9,142.5,6312.335558,4500.0,5190.696125
C15600,226.34624,2206.74,2206.74,0.0,0.0,10000.0,1891.000067
C15601,2269.073907,284.9,284.9,0.0,490.612381,6000.0,559.24901
C15602,588.618641,0.0,0.0,0.0,36.769821,1200.0,1386.88202
C15603,5825.38367,3426.12,2369.78,1056.34,570.064013,17000.0,2925.020526
C15604,2267.664008,0.0,0.0,0.0,76.590404,2500.0,597.046672
C15605,2514.170127,87.28,87.28,0.0,1863.759832,5000.0,4646.340788
C15606,2354.125834,5351.58,3824.94,1526.64,156.148653,10000.0,4452.753075
C15607,616.570241,5788.81,5788.81,0.0,0.0,7000.0,5891.252034
C15608,153.679036,181.81,0.0,181.81,0.0,1500.0,454.857585
C15609,417.898933,1735.17,1116.67,618.5,649.936157,2500.0,1892.675483
C15610,810.089776,1428.89,1428.89,0.0,0.0,2500.0,1576.842421
C15611,450.746858,194.1,194.1,0.0,345.734661,600.0,635.073163
C15612,21.441736,197.62,0.0,197.62,0.0,4000.0,398.382513
C15613,8978.156324,482.88,325.52,157.36,72.44379,9500.0,2112.619409
C15614,1669.992809,91.84,91.84,0.0,1680.871074,4400.0,348.40535
C15615,957.010021,604.8,0.0,604.8,901.754709,1000.0,811.45719
C15616,249.489629,0.0,0.0,0.0,3689.517625,6000.0,0.0
C15617,12.886661,1437.15,1399.8,37.35,0.0,2700.0,2372.012083
C15618,1502.517905,266.64,0.0,266.64,0.0,1500.0,318.73308
C15619,2287.486277,0.0,0.0,0.0,2705.094894,3000.0,341.751466
C15620,184.890347,1686.86,1686.86,0.0,0.0,6000.0,3873.506886
C15621,2122.821694,255.34,199.34,56.0,1331.769584,5000.0,1016.843526
C15622,1097.28593,0.0,0.0,0.0,37.643261,1200.0,236.375748
C15623,114.523682,83.0,83.0,0.0,69.22803,300.0,196.333324
C15624,298.779514,1205.85,310.97,894.88,0.0,3000.0,378.768909
C15625,2306.698723,12784.51,11246.07,1538.44,191.652876,6200.0,13705.00441
C15626,8.838114,1003.66,586.14,417.52,0.0,2500.0,1140.257668
C15627,1710.971649,2042.5,1000.0,1042.5,0.0,9500.0,1952.923432
C15628,742.730997,6236.64,4613.7,1622.94,0.0,3750.0,8529.330225
C15629,1625.118547,2908.35,956.83,1951.52,1029.560342,3500.0,763.750978
C15630,358.915537,0.0,0.0,0.0,709.485501,6400.0,331.996644
C15631,1060.420992,480.22,295.63,184.59,0.0,4200.0,2398.956105
C15632,1047.854274,384.0,0.0,384.0,0.0,1000.0,530.36208
C15633,842.600625,0.0,0.0,0.0,679.67338,1200.0,1901.27932
C15634,2344.19277,0.0,0.0,0.0,1517.268703,3000.0,681.433652
C15636,352.736999,1833.9,1833.9,0.0,0.0,2500.0,1779.977904
C15637,1643.215639,0.0,0.0,0.0,2493.498137,2500.0,414.951308
C15638,1638.42534,0.0,0.0,0.0,37.921481,1800.0,459.151425
C15639,855.571897,71.13,0.0,71.13,1343.021655,1500.0,220.436374
C15640,2893.897487,18.0,0.0,18.0,3904.514452,6000.0,483.729934
C15641,19.766484,197.48,0.0,197.48,0.0,16000.0,409.933465
C15642,16304.88925,1770.57,0.0,1770.57,7424.094447,19000.0,5337.961195
C15643,5825.2877,230.0,230.0,0.0,1909.594385,7000.0,1537.817125
C15644,753.518771,1737.87,249.12,1488.75,947.957969,2500.0,977.188809
C15645,40.074484,423.37,423.37,0.0,0.0,7000.0,430.466572
C15646,765.966137,1488.82,1402.35,86.47,0.0,4000.0,1111.593127
C15647,2594.878719,160.0,160.0,0.0,3095.18013,9500.0,851.52967
C15648,91.655431,1110.01,1110.01,0.0,0.0,6000.0,3304.443043
C15649,1127.643812,14454.98,10454.28,4000.7,0.0,9000.0,12996.64271
C15650,1.874969,433.32,0.0,433.32,0.0,2000.0,238.913827
C15651,4241.864828,225.08,225.08,0.0,2842.771908,5000.0,2011.126751
C15652,287.565501,472.32,375.0,97.32,1785.926136,1000.0,2022.302019
C15653,5604.357612,0.0,0.0,0.0,6067.586592,6500.0,1255.546074
C15654,345.75483,3125.03,492.71,2632.32,0.0,5500.0,3016.560969
C15655,56.872544,748.36,748.36,0.0,0.0,4000.0,698.817652
C15656,471.104779,0.0,0.0,0.0,58.192353,500.0,165.27161
C15657,11.944853,88.93,88.93,0.0,0.0,2750.0,430.507379
C15658,4276.929643,298.0,298.0,0.0,7635.621091,8000.0,969.689869
C15659,1768.589163,63.7,63.7,0.0,0.0,2000.0,750.927612
C15660,714.813335,1110.42,0.0,1110.42,0.0,2200.0,4296.908322
C15661,1222.745469,0.0,0.0,0.0,5396.550576,6000.0,15843.68136
C15662,70.794108,0.0,0.0,0.0,211.854586,150.0,699.292482
C15663,67.72881,869.48,685.79,183.69,0.0,3000.0,824.557797
C15664,1455.904478,149.0,149.0,0.0,1991.844526,2200.0,2326.985125
C15666,309.491763,0.0,0.0,0.0,3497.519958,4000.0,5364.680585
C15667,635.48213,1481.24,1160.26,320.98,0.0,6000.0,805.516282
C15668,2475.507619,569.85,233.04,336.81,1909.470528,5000.0,672.048823
C15669,6976.34614,2552.1,2080.01,472.09,377.85546,9000.0,1850.332531
C15670,3767.546906,3545.56,1653.36,1892.2,1841.555758,9000.0,4061.59893
C15671,182.854647,1978.87,765.85,1213.02,0.0,6000.0,1590.330808
C15672,14.571059,180.5,0.0,180.5,0.0,6000.0,178.584988
C15673,10.035492,0.0,0.0,0.0,139.113927,1000.0,154.970698
C15674,2584.617366,0.0,0.0,0.0,385.424519,3000.0,3206.865961
C15675,3857.278468,0.0,0.0,0.0,1238.047916,4000.0,666.97848
C15676,374.101774,1283.36,1253.36,30.0,0.0,1800.0,1482.140815
C15677,1696.302382,0.0,0.0,0.0,1578.159867,3000.0,650.716947
C15678,760.884589,2940.79,2644.17,296.62,103.179579,11500.0,426.798145
C15680,269.406382,2629.96,2006.57,623.39,0.0,2200.0,1936.724441
C15681,2948.966018,4129.97,1804.1,2325.87,451.62219,5000.0,2557.014611
C15682,130.142888,0.0,0.0,0.0,435.228353,3000.0,791.783333
C15683,449.026889,313.2,0.0,313.2,0.0,1000.0,136.096707
C15684,2556.292783,0.0,0.0,0.0,226.369362,6000.0,1311.010857
C15685,3031.933707,2000.6,2000.6,0.0,0.0,6500.0,811.109413
C15686,26.982025,237.6,0.0,237.6,0.0,2500.0,0.0
C15687,1866.428342,3306.06,549.0,2757.06,0.0,5000.0,2248.341145
C15688,2059.035678,0.0,0.0,0.0,387.757647,2500.0,460.005554
C15689,30.395073,512.47,512.47,0.0,0.0,7000.0,484.669932
C15690,91.266202,701.59,701.59,0.0,0.0,3200.0,812.383013
C15691,76.673877,410.9,0.0,410.9,0.0,1500.0,449.09003
C15692,200.574081,675.9,675.9,0.0,0.0,7500.0,753.502654
C15693,0.0,350.48,0.0,350.48,0.0,2700.0,681.924724
C15694,1078.3009,0.0,0.0,0.0,1537.88642,1500.0,199.01051
C15695,633.209696,1625.01,1165.36,459.65,0.0,2500.0,764.713719
C15696,26.296743,417.0,417.0,0.0,0.0,6500.0,960.737291
C15697,16.727614,128.0,0.0,128.0,0.0,5000.0,363.86862
C15698,882.715792,120.0,0.0,120.0,322.935862,1000.0,307.584827
C15699,1540.077454,0.0,0.0,0.0,3490.330397,4000.0,383.056837
C15700,10495.73934,5038.27,1940.88,3097.39,0.0,14500.0,2564.857063
C15701,2182.752161,3216.97,2360.3,856.67,5594.061996,10000.0,7573.546529
C15702,177.822533,0.0,0.0,0.0,212.597424,3000.0,141.272092
C15703,3127.073601,4468.44,4432.46,35.98,0.0,4500.0,665.046852
C15704,924.170798,1663.77,1663.77,0.0,3718.276337,3000.0,4201.694496
C15705,750.528885,1384.79,886.32,498.47,0.0,1800.0,759.916056
C15706,701.135691,1004.04,624.0,380.04,181.874234,3000.0,359.829195
C15707,21.960773,175.45,0.0,175.45,0.0,1500.0,143.609104
C15708,1175.922628,14.72,14.72,0.0,79.252166,1200.0,347.568201
C15709,4612.147149,0.0,0.0,0.0,2260.623056,6500.0,1210.9845
C15710,19.928467,310.64,0.0,310.64,0.0,9000.0,409.454228
C15711,26.157304,318.41,65.0,253.41,0.0,5000.0,240.474518
C15712,13.99841,94.86,0.0,94.86,0.0,1500.0,68.323361
C15713,1594.328636,0.0,0.0,0.0,2880.609563,3000.0,348.795318
C15714,37.050529,367.17,0.0,367.17,0.0,2000.0,326.624678
C15715,844.230511,615.0,336.0,279.0,0.0,1500.0,1028.163341
C15716,1228.170181,817.94,436.64,381.3,0.0,1500.0,708.383328
C15717,1727.699797,0.0,0.0,0.0,414.072507,2000.0,396.836709
C15718,1306.735189,0.0,0.0,0.0,256.361633,5500.0,536.065588
C15719,5182.092727,3183.43,1049.3,2134.13,445.337568,6000.0,2400.861889
C15720,756.573198,1056.64,683.89,372.75,548.067443,1800.0,1597.746211
C15721,1727.516892,624.46,624.46,0.0,0.0,1800.0,925.227009
C15722,1441.404242,0.0,0.0,0.0,7313.203925,8000.0,462.437204
C15723,1032.823341,1540.06,1395.13,144.93,0.0,4000.0,3846.028003
C15724,1623.176564,0.0,0.0,0.0,3478.643597,3000.0,1007.211689
C15725,1602.425383,0.0,0.0,0.0,1770.282273,2500.0,1434.566669
C15726,14.593148,158.7,0.0,158.7,0.0,5200.0,193.70608
C15727,20.700474,94.98,0.0,94.98,0.0,1000.0,86.16753
C15728,3467.619262,468.49,278.5,189.99,2493.180667,4000.0,1612.002883
C15729,212.84035,1944.48,864.38,1080.1,0.0,6000.0,1780.988408
C15730,387.449138,253.7,253.7,0.0,0.0,3000.0,198.133653
C15731,2901.999862,11250.65,10165.88,1084.77,0.0,9500.0,6443.381719
C15732,828.013302,126.48,0.0,126.48,0.0,3000.0,301.728915
C15733,884.16375,823.52,0.0,823.52,0.0,1500.0,416.870269
C15734,71.186651,1500.0,0.0,1500.0,0.0,3000.0,1330.781779
C15735,1167.254965,499.92,0.0,499.92,0.0,1200.0,897.514706
C15736,6090.22908,1583.23,1583.23,0.0,8983.561279,7000.0,8054.48508
C15737,2986.070256,178.9,74.9,104.0,1948.211838,10000.0,619.02881
C15738,74.277994,795.57,135.38,660.19,0.0,5000.0,899.310578
C15739,79.222393,994.96,463.2,531.76,0.0,3500.0,612.645199
C15740,997.98763,952.29,152.29,800.0,274.949525,1200.0,1273.253687
C15741,8737.860241,0.0,0.0,0.0,5424.78258,10500.0,2804.040289
C15742,2236.176309,1114.43,979.43,135.0,0.0,9000.0,615.627805
C15743,2932.136377,0.0,0.0,0.0,1866.470014,3500.0,809.813492
C15744,126.159165,144.9,144.9,0.0,0.0,450.0,1307.853194
C15745,963.467447,720.57,720.57,0.0,0.0,2600.0,2304.882707
C15746,641.02208,0.0,0.0,0.0,180.321494,1000.0,345.161002
C15747,2638.45383,0.0,0.0,0.0,262.082802,2900.0,642.830286
C15748,2800.848284,0.0,0.0,0.0,230.345891,3000.0,864.931529
C15749,921.334338,161.6,0.0,161.6,18.980421,1500.0,1757.687136
C15750,324.831712,0.0,0.0,0.0,1282.314634,3000.0,3585.134646
C15751,144.006679,45.65,45.65,0.0,0.0,1000.0,287.560084
C15752,1737.967907,249.0,249.0,0.0,1669.386699,2500.0,1543.486682
C15753,266.142747,2109.17,1384.31,724.86,0.0,7000.0,2003.273695
C15754,3956.072098,82.0,82.0,0.0,2113.060571,4500.0,811.119073
C15755,3128.61332,3875.71,2244.32,1631.39,0.0,6500.0,1628.411065
C15756,2731.319748,0.0,0.0,0.0,410.837121,3000.0,696.542192
C15757,1478.069308,0.0,0.0,0.0,37.483718,1500.0,287.13201
C15758,1357.969348,0.0,0.0,0.0,2903.355319,6000.0,12353.26546
C15759,59.32524,527.63,0.0,527.63,0.0,1000.0,435.994202
C15760,2.71921,0.0,0.0,0.0,365.729727,6000.0,3961.072777
C15761,145.379392,0.0,0.0,0.0,79.010936,1000.0,542.489358
C15762,730.058174,782.6,782.6,0.0,0.0,12000.0,278.865346
C15763,1916.067737,0.0,0.0,0.0,4690.22899,4000.0,7730.195068
C15764,204.041606,1173.34,1067.7,105.64,0.0,5000.0,871.245658
C15765,203.62963,0.0,0.0,0.0,589.991614,3000.0,314.842514
C15766,9166.016365,0.0,0.0,0.0,2911.322626,10500.0,2335.737316
C15767,1371.015868,180.0,180.0,0.0,0.0,3000.0,534.055194
C15768,218.35043,54.25,0.0,54.25,0.0,500.0,704.553221
C15769,89.579737,1174.59,1174.59,0.0,0.0,12500.0,711.52357
C15770,665.786437,5634.56,3335.15,2299.41,0.0,5200.0,5831.664538
C15771,0.298538,510.0,0.0,510.0,0.0,6500.0,557.480712
C15773,9.052765,172.0,172.0,0.0,0.0,6000.0,179.644191
C15774,1631.603874,0.0,0.0,0.0,831.780875,1800.0,357.259124
C15775,501.360034,107.27,107.27,0.0,0.0,7500.0,614.163281
C15776,672.84733,1969.47,1796.79,172.68,0.0,5500.0,1204.587035
C15777,1308.128024,623.03,0.0,623.03,0.0,1500.0,306.967651
C15778,29.929842,259.59,0.0,259.59,0.0,2500.0,682.334296
C15779,8894.553534,476.84,476.84,0.0,6098.490836,12000.0,2163.376448
C15780,40.778677,100.98,100.98,0.0,0.0,400.0,227.659466
C15781,46.816731,539.88,0.0,539.88,0.0,6000.0,457.377375
C15782,18.430156,342.5,342.5,0.0,0.0,6000.0,230.757968
C15783,1393.098681,353.43,0.0,353.43,1465.018056,1500.0,491.576263
C15784,64.03101,646.5,95.0,551.5,0.0,1500.0,564.329726
C15785,47.783061,0.0,0.0,0.0,545.183508,3000.0,0.0
C15786,425.549034,151.68,0.0,151.68,0.0,1000.0,72.454987
C15787,907.371097,55.65,0.0,55.65,0.0,1000.0,416.818116
C15789,2828.808139,199.0,0.0,199.0,0.0,8000.0,615.69756
C15790,1372.443049,0.0,0.0,0.0,3895.022384,2500.0,2697.2213
C15791,34.351126,45.65,45.65,0.0,0.0,1500.0,79.207316
C15792,2997.999455,288.4,0.0,288.4,931.971634,9000.0,1733.213844
C15793,2223.497527,132.28,0.0,132.28,1380.807166,3000.0,244.379096
C15794,4506.810924,0.0,0.0,0.0,312.118407,5000.0,1194.027733
C15795,32.290778,1185.34,1185.34,0.0,0.0,8000.0,428.89277
C15796,1394.245166,684.85,61.85,623.0,1574.545965,1500.0,2411.283485
C15797,433.979083,0.0,0.0,0.0,2779.963478,1500.0,1596.987626
C15798,294.280019,19.9,19.9,0.0,75.255164,1000.0,214.638861
C15799,356.669878,0.0,0.0,0.0,390.549563,1200.0,1936.324445
C15800,379.198083,40.0,0.0,40.0,0.0,2900.0,224.790156
C15801,264.051708,63.0,63.0,0.0,39.762754,5000.0,360.123912
C15802,218.894935,568.34,568.34,0.0,0.0,3000.0,279.74723
C15803,255.628716,2525.88,1640.96,884.92,0.0,6000.0,1936.907938
C15804,2584.317807,0.0,0.0,0.0,6036.492283,3000.0,6024.595066
C15805,1283.560983,0.0,0.0,0.0,871.427059,4000.0,4525.286325
C15806,7.634737,61.26,0.0,61.26,0.0,4000.0,247.778082
C15807,2091.627351,4361.04,2325.83,2035.21,4224.133411,2500.0,7608.515679
C15808,31.299159,185.13,0.0,185.13,0.0,3000.0,289.706891
C15809,520.521822,820.29,820.29,0.0,0.0,6000.0,2295.229351
C15810,95.162463,1000.0,0.0,1000.0,0.0,11500.0,824.871032
C15811,1930.738051,0.0,0.0,0.0,2396.848186,2500.0,364.208749
C15812,880.259646,831.52,609.37,222.15,0.0,1200.0,975.402992
C15813,1593.655423,358.7,111.3,247.4,618.455892,2000.0,467.499859
C15814,31.303174,322.41,0.0,322.41,0.0,1500.0,266.683039
C15815,4628.109931,912.54,0.0,912.54,0.0,5000.0,3746.305759
C15816,7.992356,196.66,0.0,196.66,0.0,7000.0,90.0711
C15817,16.646768,135.28,0.0,135.28,0.0,4000.0,212.020939
C15818,356.883731,929.29,929.29,0.0,0.0,1200.0,1587.56373
C15819,1706.846933,1000.0,1000.0,0.0,2022.36136,2500.0,862.833252
C15820,3842.454902,0.0,0.0,0.0,6381.534619,6500.0,3869.74895
C15821,66.296517,56.44,0.0,56.44,0.0,1500.0,110.099433
C15822,35.771638,443.04,0.0,443.04,0.0,1500.0,404.189925
C15823,2431.019916,729.82,729.82,0.0,2555.909872,3500.0,46.969049
C15824,5585.30457,515.28,0.0,515.28,656.485086,6000.0,1353.941998
C15825,897.877807,1758.75,0.0,1758.75,2557.126189,6000.0,3349.425019
C15826,0.734665,254.23,0.0,254.23,0.0,1500.0,0.0
C15827,1163.135011,0.0,0.0,0.0,884.506039,1200.0,222.485191
C15828,225.404563,2424.34,1963.74,460.6,0.0,7500.0,3023.04845
C15829,1298.539837,42.56,0.0,42.56,0.0,1500.0,278.050986
C15830,59.614155,438.0,0.0,438.0,0.0,1500.0,525.046566
C15831,2648.784405,6697.57,5281.17,1416.4,0.0,8200.0,2984.80545
C15832,391.673369,1944.64,1333.38,611.26,0.0,6000.0,2218.376164
C15833,1190.007646,0.0,0.0,0.0,1491.137439,1500.0,175.509452
C15834,152.255187,894.28,894.28,0.0,0.0,4000.0,304.061592
C15835,269.966481,0.0,0.0,0.0,1579.555134,3000.0,2097.898378
C15836,4539.839383,384.0,209.0,175.0,74.101229,5000.0,879.549573
C15837,25.383911,401.16,0.0,401.16,0.0,2500.0,419.168947
C15838,964.386954,0.0,0.0,0.0,1852.449594,3200.0,5586.40448
C15839,121.671833,540.0,540.0,0.0,0.0,1800.0,238.201855
C15840,337.269093,0.0,0.0,0.0,149.696598,1200.0,482.296401
C15841,92.902071,812.74,618.4,194.34,0.0,4000.0,708.651818
C15842,1422.3042,0.0,0.0,0.0,115.324837,3000.0,3489.163639
C15843,6.542818,178.0,0.0,178.0,0.0,1500.0,231.111728
C15844,80.198389,981.75,459.0,522.75,0.0,1000.0,1381.850719
C15845,153.377124,2048.5,846.79,1201.71,0.0,7000.0,1512.631142
C15846,445.179998,0.0,0.0,0.0,58.770943,500.0,197.851349
C15847,26.572803,277.33,0.0,277.33,0.0,6000.0,258.265698
C15848,1337.133737,0.0,0.0,0.0,73.354616,1500.0,349.862368
C15849,487.723632,0.0,0.0,0.0,978.210005,1500.0,1454.589519
C15850,2487.42306,113.25,0.0,113.25,512.570394,2500.0,600.106329
C15851,4.966985,59.34,0.0,59.34,0.0,2000.0,360.724808
C15852,171.267988,2062.67,1455.11,607.56,0.0,7500.0,1913.827405
C15853,845.930093,2384.15,1206.43,1177.72,1950.164327,2500.0,4029.993964
C15854,1380.729836,145.94,145.94,0.0,589.017161,1800.0,610.851898
C15856,97.064177,863.97,114.0,749.97,0.0,7000.0,1384.018459
C15857,930.322044,444.96,0.0,444.96,0.0,1000.0,630.302306
C15858,126.169985,1155.0,0.0,1155.0,0.0,3900.0,1375.353007
C15859,832.183808,0.0,0.0,0.0,1991.951203,2500.0,1497.093428
C15860,253.367476,626.69,0.0,626.69,0.0,1500.0,969.151872
C15861,2111.244939,147.12,147.12,0.0,1578.669085,6500.0,4014.564637
C15862,1450.649137,0.0,0.0,0.0,1782.155586,4000.0,843.588576
C15863,4593.098361,0.0,0.0,0.0,6944.484735,7000.0,1108.771839
C15864,3598.913061,53.13,53.13,0.0,2767.233925,6000.0,868.558084
C15865,106.390419,1038.38,1038.38,0.0,0.0,6000.0,918.029106
C15866,82.476563,637.44,0.0,637.44,0.0,4000.0,623.916338
C15867,117.324773,1101.0,0.0,1101.0,0.0,7500.0,1002.953582
C15868,16.34663,267.06,25.0,242.06,0.0,1000.0,318.011069
C15869,2447.62454,116.16,26.16,90.0,729.174169,7500.0,525.469962
C15870,1421.787032,0.0,0.0,0.0,2017.846783,1500.0,2180.007785
C15871,1219.143484,0.0,0.0,0.0,1893.219765,2000.0,204.789406
C15872,2456.499396,4791.33,2067.8,2723.53,0.0,6500.0,839.407521
C15873,59.064314,686.0,0.0,686.0,0.0,3000.0,840.254381
C15874,1042.614416,0.0,0.0,0.0,119.716756,1200.0,269.011259
C15875,6851.39075,4004.0,117.0,3887.0,10616.27014,7500.0,6746.5317
C15876,3871.433675,0.0,0.0,0.0,975.139233,9500.0,903.655941
C15877,646.398621,839.05,192.95,646.1,0.0,4500.0,1350.435597
C15878,802.086509,2008.98,1990.65,18.33,0.0,4500.0,468.463615
C15879,3881.679582,15.92,15.92,0.0,2183.782456,5500.0,1032.183632
C15880,7886.777059,0.0,0.0,0.0,12876.04361,12000.0,11080.9622
C15881,1466.852542,543.58,543.58,0.0,0.0,2500.0,518.150669
C15882,47.162463,1276.72,810.0,466.72,0.0,6000.0,602.244665
C15883,525.918697,522.2,0.0,522.2,1748.234165,2500.0,2609.937964
C15885,2466.452707,118.72,44.8,73.92,0.0,5000.0,732.01795
C15886,1184.120178,69.49,0.0,69.49,1719.993551,1400.0,712.25724
C15887,1084.649802,0.0,0.0,0.0,708.865975,1500.0,973.731202
C15888,1414.422361,90.03,0.0,90.03,0.0,1500.0,323.893824
C15889,79.470417,601.84,0.0,601.84,0.0,7500.0,799.1846
C15890,170.086639,1218.11,980.87,237.24,0.0,6000.0,1277.281619
C15891,585.537233,178.0,0.0,178.0,723.138529,1000.0,1198.443149
C15892,124.506347,1194.54,1194.54,0.0,0.0,7500.0,961.895302
C15893,7834.073316,239.58,0.0,239.58,5160.785017,12000.0,8848.955996
C15894,1079.097023,247.44,0.0,247.44,0.0,1200.0,503.445403
C15895,1761.69297,0.0,0.0,0.0,950.448895,2000.0,414.860394
C15896,1874.572121,0.0,0.0,0.0,1359.837109,2500.0,329.797397
C15897,10243.14763,0.0,0.0,66.95,4501.06755,13000.0,1882.490974
C15898,812.317275,404.91,0.0,404.91,0.0,1000.0,573.841447
C15899,511.825603,362.48,0.0,362.48,0.0,2000.0,2400.443969
C15900,1427.42297,61.0,0.0,61.0,4327.398235,9000.0,5907.105978
C15901,4932.396527,0.0,0.0,0.0,245.596578,6000.0,5403.894447
C15902,275.470825,2967.42,1903.72,1063.7,0.0,3500.0,2569.455026
C15903,55.539236,201.27,201.27,0.0,0.0,7500.0,467.319744
C15904,403.816601,3431.0,0.0,3431.0,0.0,10000.0,2370.440541
C15905,1799.320009,0.0,0.0,0.0,872.408101,2000.0,298.163408
C15906,1821.024103,0.0,0.0,0.0,323.218285,1800.0,954.718474
C15907,0.892901,492.0,0.0,492.0,0.0,7500.0,450.655804
C15908,1267.621753,107.05,64.55,42.5,0.0,4000.0,505.790714
C15909,1201.204437,117.89,117.89,0.0,0.0,1200.0,283.696314
C15910,1343.200147,848.53,0.0,848.53,0.0,5500.0,817.669027
C15912,626.359675,2102.13,1091.37,1010.76,1578.03608,1000.0,3537.414389
C15913,644.987222,0.0,0.0,0.0,1059.025424,1200.0,148.120171
C15914,1474.532261,106.0,106.0,0.0,36.308611,3000.0,349.349174
C15915,6241.937842,0.0,0.0,0.0,11071.93364,12000.0,12181.03139
C15916,11.566281,148.56,0.0,148.56,0.0,1500.0,128.994977
C15917,741.05358,0.0,0.0,0.0,37.527333,1200.0,1267.067064
C15918,48.660932,651.08,100.0,551.08,0.0,3500.0,706.145992
C15919,1139.691004,117.0,117.0,0.0,0.0,1200.0,492.089429
C15920,1207.465786,125.0,25.0,100.0,0.0,1800.0,1872.705924
C15921,3160.087236,0.0,0.0,0.0,757.003109,8000.0,744.90895
C15922,1184.723988,373.44,373.44,0.0,0.0,12000.0,6674.591055
C15923,561.346036,4430.12,2992.49,1437.63,80.614627,4500.0,3750.631255
C15924,0.0,1021.56,0.0,1021.56,0.0,3000.0,0.0
C15925,3200.184366,0.0,0.0,0.0,2139.707578,5000.0,780.190463
C15926,408.724408,89.39,89.39,0.0,108.912198,3000.0,166.426897
C15927,18.98265,327.37,0.0,327.37,0.0,6500.0,1430.996352
C15928,986.828539,417.25,394.76,22.49,778.725777,1200.0,1706.126097
C15929,3144.690403,865.94,865.94,0.0,0.0,3500.0,1018.210531
C15930,202.08047,190.96,0.0,190.96,0.0,1000.0,156.408373
C15931,371.896615,332.0,0.0,332.0,850.393519,2500.0,1756.127984
C15932,4450.957226,8445.96,1987.85,6458.11,0.0,6500.0,4792.662317
C15933,2754.041187,132.0,41.0,91.0,2959.646926,5000.0,635.462392
C15934,17.245539,19.5,0.0,19.5,0.0,1500.0,95.789433
C15935,4940.113918,814.66,814.66,0.0,908.434086,10000.0,1904.849069
C15936,1826.387864,0.0,0.0,0.0,89.176017,2000.0,367.804353
C15937,793.213204,1011.16,488.99,522.17,0.0,1000.0,842.847535
C15938,983.363407,275.06,0.0,275.06,0.0,1000.0,587.715737
C15939,473.807764,546.94,0.0,546.94,0.0,7000.0,1612.129418
C15940,4060.33426,1007.27,1007.27,0.0,2779.207967,9500.0,1348.99396
C15941,3007.035526,209.02,209.02,0.0,2484.069695,6000.0,1285.267277
C15943,51.640761,453.24,0.0,453.24,0.0,5000.0,507.364658
C15944,1.864427,0.0,0.0,0.0,93.468447,1800.0,0.0
C15945,57.657781,587.25,0.0,587.25,0.0,1000.0,779.274805
C15946,1876.872139,0.0,0.0,0.0,741.088191,2300.0,940.91574
C15947,1496.172117,0.0,0.0,0.0,1357.679075,6500.0,368.342402
C15948,3120.25648,339.96,0.0,339.96,3585.834892,8000.0,861.174315
C15949,0.0,102.72,0.0,102.72,0.0,1500.0,0.0
C15950,4646.574386,773.22,760.16,13.06,0.0,4900.0,1379.043262
C15951,6223.173969,0.0,0.0,0.0,3607.876623,7500.0,1373.795303
C15952,269.816561,1965.95,1965.95,0.0,0.0,5500.0,0.0
C15953,1851.622011,200.0,200.0,0.0,152.692363,2000.0,712.34021
C15954,10.334498,62.36,62.36,0.0,0.0,1800.0,232.96458
C15955,434.729411,1486.5,594.6,891.9,392.060381,3700.0,7228.69205
C15956,5938.788939,3394.94,1705.78,1689.16,0.0,12000.0,1367.537734
C15957,766.491179,799.92,0.0,799.92,0.0,5200.0,1351.417476
C15958,4735.107991,0.0,0.0,0.0,2934.049373,6000.0,1141.819186
C15959,1530.29332,256.69,256.69,0.0,3271.076793,4000.0,441.551162
C15960,261.946133,1215.64,145.0,1070.64,0.0,6500.0,573.280563
C15961,0.288293,0.0,0.0,0.0,606.18161,2000.0,3630.305137
C15962,1922.172543,0.0,0.0,0.0,1810.839188,2000.0,481.087934
C15963,1101.328772,0.0,0.0,0.0,3061.014837,3000.0,649.339928
C15965,1459.534846,0.0,0.0,0.0,1275.554446,5500.0,827.318305
C15966,2882.431664,0.0,0.0,0.0,130.714887,3000.0,608.839527
C15967,396.890847,3943.97,3159.53,784.44,0.0,7500.0,3578.14443
C15968,866.363389,4127.83,0.0,4127.83,0.0,7500.0,4774.49325
C15969,434.932876,933.8,0.0,933.8,0.0,2700.0,253.085801
C15970,3830.916541,4065.66,1681.51,2384.15,2411.584248,5000.0,3811.271434
C15971,36.412211,343.56,0.0,343.56,0.0,2000.0,349.484812
C15972,69.722927,947.72,0.0,947.72,0.0,1200.0,769.133717
C15973,45.160837,0.0,0.0,0.0,79.46115,6500.0,486.597254
C15974,1295.733461,705.84,620.0,85.84,0.0,1500.0,417.88231
C15975,2421.144942,2685.48,945.1,1740.38,92.6579,4500.0,2010.800224
C15976,212.306148,0.7,0.7,0.0,1922.5936,3500.0,0.0
C15977,2716.981814,0.0,0.0,0.0,1486.243293,8000.0,648.230914
C15978,2837.833628,5541.87,1630.6,3911.27,855.232779,6500.0,3909.7339
C15979,7.310526,70.0,0.0,70.0,0.0,5000.0,98.099008
C15980,4322.806448,220.5,0.0,220.5,3767.104707,11000.0,1170.484558
C15981,1105.969915,0.0,0.0,0.0,291.608512,1200.0,366.079307
C15982,994.231031,487.6,0.0,487.6,38.690552,1000.0,755.610568
C15983,11.896546,86.0,86.0,0.0,0.0,8000.0,488.720214
C15984,1114.38403,1956.43,1423.8,532.63,521.664369,1800.0,836.108453
C15985,860.268175,0.0,0.0,0.0,1974.202963,2500.0,749.789889
C15986,4389.759633,473.74,473.74,0.0,2462.100789,4500.0,999.619739
C15987,4672.628863,483.02,99.0,384.02,1168.493188,8500.0,1476.028461
C15988,1649.174527,0.0,0.0,0.0,364.489187,10000.0,1334.151756
C15989,179.765708,1628.62,1233.9,394.72,0.0,5000.0,1642.917096
C15990,406.707189,0.0,0.0,0.0,211.485981,5000.0,602.755235
C15991,323.801713,0.0,0.0,0.0,1430.485333,1500.0,0.0
C15992,170.49564,2581.01,2082.67,498.34,0.0,4000.0,1088.390376
C15993,8038.893195,0.0,0.0,0.0,197.915586,9000.0,3569.182969
C15994,649.896506,4919.76,4353.06,566.7,191.376535,6500.0,4854.34051
C15995,4081.115283,1133.98,298.59,835.39,495.425832,8500.0,1532.358832
C15996,2551.808695,179.9,179.9,0.0,196.095144,3000.0,586.174437
C15997,4.652161,398.64,0.0,398.64,0.0,2000.0,445.721684
C15998,2569.237357,0.0,0.0,0.0,498.667849,2500.0,188.855192
C15999,338.310239,2855.04,2488.95,366.09,0.0,6000.0,2801.205072
C16000,1541.047251,100.0,0.0,100.0,0.0,7000.0,325.179537
C16001,2886.330537,0.0,0.0,0.0,275.617952,3000.0,3628.742239
C16002,2659.823914,3384.83,812.11,2572.72,0.0,5700.0,2798.135325
C16003,428.532479,0.0,0.0,0.0,2039.234459,9000.0,1446.932048
C16004,579.57472,1337.5,0.0,1337.5,1059.31576,1500.0,2772.615528
C16005,7969.504857,0.0,0.0,0.0,4714.040663,11500.0,2184.446847
C16007,350.306089,0.0,0.0,0.0,1438.822819,1500.0,57.290411
C16008,1150.307564,1189.04,0.0,1189.04,0.0,15000.0,3016.935137
C16009,1613.502125,65.6,0.0,112.6,0.0,5000.0,390.916581
C16010,1906.67771,486.27,580.2,0.0,0.0,2000.0,712.776539
C16011,399.988157,5277.77,4004.96,1272.81,0.0,6000.0,4353.346961
C16012,1196.183155,166.8,166.8,0.0,0.0,7000.0,1910.836556
C16013,89.165814,724.0,0.0,724.0,0.0,1000.0,521.867766
C16014,4707.223656,896.46,600.01,296.45,5740.678318,6500.0,7332.868891
C16015,1111.811966,0.0,0.0,0.0,2028.487118,2000.0,1264.471544
C16016,517.574276,4235.28,465.58,3769.7,0.0,2800.0,3770.525556
C16017,1783.266003,129.05,129.05,0.0,1412.345077,2000.0,581.851472
C16018,5429.372649,493.1,0.0,493.1,0.0,12000.0,1415.589572
C16019,92.007959,1265.58,0.0,1265.58,0.0,5700.0,1341.967777
C16020,5172.929286,3030.33,715.29,2315.04,5573.357964,7500.0,10141.66717
C16021,33.04593,204.24,0.0,204.24,0.0,1500.0,163.744562
C16022,645.515371,756.0,756.0,0.0,0.0,600.0,1305.933063
C16023,23.249635,307.4,0.0,307.4,0.0,5500.0,784.765421
C16024,3967.453587,10148.7,3162.94,6985.76,0.0,9800.0,6722.566161
C16025,177.696201,2799.53,929.67,1869.86,0.0,3000.0,2687.141741
C16026,204.61438,1410.6,411.6,999.0,0.0,4000.0,1933.515816
C16028,312.928384,0.0,0.0,0.0,1800.188812,2800.0,28.380195
C16029,3.956222,480.01,480.01,0.0,0.0,19500.0,0.0
C16030,1984.636464,0.0,0.0,0.0,4436.713078,5000.0,849.560918
C16031,282.070933,1926.19,569.8,1356.39,500.865079,7000.0,2609.18811
C16032,18.306211,162.01,162.01,0.0,0.0,7000.0,266.822736
C16033,2092.156291,1372.81,1372.81,0.0,0.0,2250.0,1073.317848
C16034,239.055052,892.4,383.4,509.0,0.0,2100.0,1713.393928
C16035,478.530825,0.0,0.0,0.0,96.176909,500.0,175.481779
C16036,1585.763627,85.69,85.69,0.0,2649.776206,3000.0,316.55616
C16037,50.82451,456.0,0.0,456.0,0.0,1000.0,339.113852
C16038,113.36255,1160.35,853.35,307.0,0.0,5000.0,1223.179332
C16039,12.683677,31.68,0.0,31.68,0.0,4000.0,210.141652
C16040,1.632453,1985.62,0.0,1985.62,0.0,7500.0,1792.109113
C16041,26.96054,157.45,0.0,157.45,0.0,1000.0,238.253379
C16042,86.793633,387.41,387.41,0.0,0.0,2500.0,37.014298
C16043,13.230057,112.21,0.0,112.21,0.0,1500.0,229.90409
C16045,2389.347926,382.5,0.0,382.5,0.0,2500.0,1118.260439
C16046,2306.682105,280.0,280.0,0.0,1708.514116,3000.0,3344.167438
C16047,1817.71659,2490.07,2022.57,467.5,153.337299,3400.0,392.291143
C16048,21.494012,417.0,0.0,417.0,0.0,5000.0,394.135239
C16049,368.980661,1516.42,1516.42,0.0,0.0,10000.0,977.636615
C16050,2408.162021,0.0,0.0,0.0,615.181965,2500.0,516.675665
C16051,16.135672,50.0,50.0,0.0,0.0,7000.0,109.329805
C16052,20.447524,306.99,0.0,306.99,0.0,3000.0,336.09467
C16053,5589.888793,454.36,454.36,0.0,4441.706964,6600.0,1767.288568
C16054,817.059154,0.0,0.0,0.0,2135.75811,5500.0,8013.594413
C16055,94.02407,1099.5,849.0,250.5,0.0,6000.0,1442.251089
C16056,2755.195444,1640.29,847.95,792.34,809.102975,6200.0,2277.879418
C16057,540.691281,0.0,0.0,0.0,155.663715,2200.0,1561.37344
C16058,2713.833113,317.62,0.0,317.62,225.464718,4500.0,665.76969
C16059,2932.111796,346.32,346.32,0.0,2631.304016,6000.0,597.5143
C16060,2643.019532,554.38,191.13,363.25,0.0,8000.0,681.881907
C16061,1196.364009,0.0,0.0,0.0,1376.669494,1500.0,293.144474
C16062,2.463995,165.8,0.0,165.8,0.0,700.0,251.778786
C16063,535.278586,704.72,360.9,343.82,0.0,600.0,686.976557
C16064,5.404443,194.0,0.0,194.0,0.0,1500.0,269.175108
C16065,1113.954035,87.09,0.0,87.09,0.0,4500.0,276.653239
C16066,212.25194,0.0,0.0,0.0,310.679119,300.0,332.528057
C16067,2610.433432,512.5,0.0,512.5,2771.850961,3000.0,691.600531
C16068,424.809549,1130.0,1130.0,0.0,185.283125,1500.0,133.744014
C16069,1632.895642,0.0,0.0,0.0,16981.84677,11000.0,13069.75422
C16070,483.402486,2723.47,2723.47,0.0,0.0,2000.0,1203.702727
C16071,1448.6877,266.52,0.0,266.52,0.0,1500.0,250.102937
C16072,50.044687,658.96,658.96,0.0,0.0,2500.0,207.721495
C16073,80.513636,588.2,65.0,523.2,0.0,3000.0,601.778889
C16074,2963.381127,535.97,535.97,0.0,38.953008,5000.0,638.384571
C16075,3371.213454,75.0,0.0,75.0,3827.274455,5500.0,913.974282
C16076,56.060327,13.69,0.0,13.69,0.0,2900.0,2165.403988
C16077,636.20672,1514.8,1514.8,0.0,0.0,1500.0,1340.645745
C16078,854.166159,567.68,536.0,31.68,237.518629,3500.0,1697.132875
C16079,13777.37772,0.0,0.0,0.0,1675.249576,14500.0,3054.844697
C16080,912.912728,0.0,0.0,0.0,1563.920556,1500.0,212.084925
C16081,1694.655764,0.0,0.0,0.0,58.373936,1700.0,258.425485
C16082,1157.305572,0.0,0.0,0.0,1195.791823,1200.0,328.141952
C16083,1201.62361,55.4,55.4,0.0,109.3684,1200.0,188.413804
C16084,1832.521787,0.0,0.0,0.0,131.233151,2000.0,495.043669
C16085,2912.739062,860.0,0.0,860.0,8692.205817,7000.0,4062.824567
C16086,432.109743,334.48,281.98,52.5,473.763157,1200.0,634.297592
C16087,1827.688454,137.55,0.0,137.55,0.0,9500.0,384.774018
C16088,92.239093,1525.1,0.0,1525.1,0.0,4000.0,1682.312643
C16089,2.11508,50.0,50.0,0.0,0.0,1200.0,555.764209
C16090,1082.436807,0.0,0.0,0.0,1835.406271,1500.0,2094.304543
C16091,325.038037,512.16,105.0,407.16,0.0,2500.0,567.449456
C16092,1700.753811,0.0,0.0,0.0,624.480873,2000.0,418.596666
C16093,3136.079106,555.0,0.0,555.0,1728.321044,3500.0,1045.129438
C16094,0.0,9.28,0.0,9.28,0.0,5000.0,0.0
C16095,319.696908,3884.19,2265.9,1618.29,0.0,9000.0,3682.437155
C16096,116.418751,1176.0,0.0,1176.0,0.0,2150.0,1083.783994
C16097,170.019011,266.6,266.6,0.0,1199.729121,2500.0,293.055707
C16098,1679.952713,585.39,585.39,0.0,0.0,1700.0,523.910288
C16099,1476.16609,0.0,0.0,0.0,1429.734958,3000.0,2644.30567
C16100,4611.724712,0.0,0.0,0.0,2686.074313,6000.0,674.702724
C16101,1039.408368,3838.7,2753.75,1084.95,0.0,6500.0,3798.039094
C16102,2813.134224,8834.96,8269.36,565.6,0.0,7000.0,3788.138204
C16103,245.115749,2690.62,1217.04,1473.58,0.0,8000.0,2806.897275
C16104,2525.683344,0.0,0.0,0.0,285.193204,7000.0,1483.38461
C16105,112.01654,825.0,600.0,225.0,0.0,3000.0,218.826147
C16106,121.117428,968.64,0.0,968.64,0.0,3000.0,764.973252
C16107,299.030773,805.8,540.0,265.8,0.0,4000.0,845.966736
C16108,2968.476388,185.1,185.1,0.0,5874.584626,4000.0,5549.022185
C16109,3027.570865,0.0,0.0,0.0,2081.583331,4500.0,1074.265678
C16110,6245.256644,539.55,0.0,539.55,2804.63059,6500.0,1405.944742
C16111,394.643543,3770.05,2399.95,1370.1,1576.48503,6500.0,6372.619037
C16112,617.413726,0.0,0.0,0.0,1420.758241,2000.0,385.654237
C16113,765.109593,0.0,0.0,0.0,457.076354,1200.0,269.369459
C16114,2583.247881,1337.35,45.65,1291.7,2484.59465,3000.0,819.792196
C16115,1146.669364,439.08,108.45,330.63,0.0,1200.0,1476.257377
C16116,757.470201,118.7,0.0,118.7,1520.641388,2000.0,305.892501
C16117,1253.188317,320.34,0.0,320.34,0.0,1500.0,1229.226379
C16118,5058.299635,968.43,240.0,728.43,4968.817936,8000.0,1899.738286
C16119,296.905944,43.25,0.0,43.25,875.31071,1800.0,32.924384
C16120,1084.652647,0.0,0.0,0.0,37.460952,1200.0,272.517748
C16121,237.198442,1166.68,0.0,1166.68,0.0,3500.0,1014.549633
C16122,1636.518315,542.47,542.47,0.0,1869.646314,3000.0,209.392729
C16123,1213.551338,941.39,860.67,80.72,49.747079,7000.0,1679.00486
C16124,468.851415,0.0,0.0,0.0,147.205289,600.0,164.403739
C16125,252.717781,463.34,0.0,463.34,0.0,4000.0,162.949236
C16126,954.431507,1334.7,1334.7,0.0,90.168062,3000.0,904.68554
C16127,18.105265,244.92,0.0,244.92,0.0,2500.0,221.798291
C16128,53.583548,553.85,369.1,184.75,0.0,4200.0,846.787917
C16129,1275.142146,454.72,454.72,0.0,959.005156,1500.0,826.036748
C16130,151.912258,2216.21,2047.21,169.0,0.0,2500.0,2571.573214
C16131,192.942944,1963.25,1877.08,86.17,0.0,8000.0,1903.279643
C16132,64.152423,487.0,487.0,0.0,0.0,500.0,454.888506
C16133,954.060867,279.76,0.0,578.55,325.076569,1000.0,956.028747
C16134,6022.224462,0.0,0.0,0.0,4111.465632,7000.0,4560.77572
C16135,1631.385579,0.0,0.0,0.0,1755.575907,3500.0,398.316441
C16136,3803.969016,0.0,0.0,0.0,2459.259917,5000.0,1825.349955
C16137,1084.912729,661.49,661.49,0.0,107.477606,1800.0,2617.887354
C16138,4230.023512,5755.93,3854.62,1901.31,0.0,10000.0,3848.416129
C16139,2705.899439,0.0,0.0,0.0,547.055908,8500.0,1123.974128
C16140,1044.878512,0.0,0.0,0.0,168.888837,1200.0,348.658967
C16141,1944.394136,575.88,375.88,200.0,0.0,4500.0,406.891744
C16142,44.694228,788.99,235.9,553.09,0.0,5700.0,874.51882
C16143,538.468542,0.0,0.0,0.0,1766.880842,8000.0,6313.310688
C16144,394.423256,434.25,0.0,434.25,0.0,5450.0,4997.981363
C16145,64.180193,602.2,502.2,100.0,0.0,2500.0,590.403543
C16146,333.085021,980.0,980.0,0.0,0.0,1000.0,1485.205378
C16147,4663.039011,3908.26,3908.26,0.0,0.0,9000.0,2226.722088
C16148,2589.824766,0.0,0.0,0.0,4354.657224,3000.0,3410.296105
C16149,719.592571,124.13,45.65,78.48,0.0,3000.0,1486.14717
C16150,1473.542308,240.02,0.0,240.02,0.0,1500.0,613.733389
C16151,1359.527692,92.1,0.0,92.1,0.0,1500.0,487.05295
C16153,208.039434,684.2,518.87,165.33,0.0,4000.0,1194.108316
C16154,330.673765,33.44,0.0,33.44,0.0,2400.0,2989.04951
C16155,867.938337,0.0,0.0,0.0,7378.253685,8000.0,22889.17468
C16157,9376.987835,0.0,0.0,0.0,1073.873304,17500.0,2803.423946
C16158,1236.088709,0.0,0.0,0.0,2546.081531,2500.0,1612.24135
C16159,288.350729,296.16,0.0,296.16,1113.678595,1500.0,58.787935
C16160,1776.088454,117.0,117.0,0.0,139.117692,9000.0,1160.657884
C16161,4383.571529,0.0,0.0,0.0,1805.853456,5000.0,1161.700956
C16162,788.425212,94.38,32.08,62.3,1461.675329,2500.0,1593.278155
C16163,440.161534,365.0,116.0,249.0,0.0,800.0,230.655936
C16164,1994.005447,0.0,0.0,0.0,1512.2157,6000.0,689.917064
C16165,427.186194,3305.33,419.22,2886.11,0.0,5000.0,3312.414274
C16166,137.507638,0.0,0.0,0.0,94.989817,500.0,158.139197
C16167,1546.414616,0.0,0.0,0.0,4544.457479,3500.0,3440.235297
C16168,222.478614,2360.7,2360.7,0.0,0.0,5000.0,2313.605337
C16169,4420.564706,0.0,0.0,0.0,310.00809,5000.0,1096.636052
C16171,46.290578,553.18,0.0,553.18,0.0,8000.0,467.565103
C16172,1649.383354,2138.34,2025.0,113.34,289.350386,3000.0,1340.124452
C16173,5481.094936,249.75,0.0,249.75,755.925861,6000.0,1715.681945
C16174,292.176394,400.04,275.04,125.0,410.694889,3000.0,681.432786
C16175,701.345445,70.98,0.0,70.98,0.0,1000.0,379.261644
C16176,101.936878,888.96,0.0,888.96,0.0,2000.0,790.509043
C16177,2112.383095,0.0,0.0,0.0,1437.963388,2500.0,763.38027
C16178,2136.215769,1846.03,507.32,1338.71,187.819777,4500.0,1082.35936
C16179,1446.080403,0.0,0.0,0.0,75.50221,1700.0,361.533622
C16180,745.342323,49.25,49.25,0.0,0.0,1000.0,370.390221
C16181,3249.347926,438.12,59.2,378.92,2195.21579,5000.0,1021.827215
C16182,37.324758,0.0,0.0,0.0,720.142017,4000.0,0.0
C16184,1.956658,393.71,168.71,225.0,0.0,1700.0,178.707279
C16185,2859.393734,0.0,0.0,0.0,841.853868,3500.0,890.878231
C16186,1070.59508,0.0,0.0,0.0,54.379041,1200.0,1513.629514
C16187,969.583332,0.0,0.0,0.0,19.587825,2500.0,481.98
C16188,4.930929,189.72,0.0,189.72,0.0,1500.0,284.411628
C16189,493.557307,1653.34,559.83,1093.51,1949.228028,2500.0,3719.691848
C16190,214.592814,0.0,0.0,0.0,1306.528549,3000.0,28.36165
C16191,4348.546906,3198.15,1966.24,1231.91,0.0,6000.0,1068.304454
C16192,1986.566642,551.06,551.06,0.0,2147.863293,2500.0,583.355186
C16193,825.207867,0.0,0.0,0.0,1270.8469,2500.0,411.215805
C16194,18.906225,143.73,0.0,143.73,0.0,2500.0,0.0
C16195,525.3186,1604.97,0.0,1604.97,0.0,1000.0,1059.917432
C16196,26.969302,417.7,0.0,417.7,0.0,2000.0,447.030311
C16197,197.931794,1946.25,816.91,1129.34,0.0,1200.0,1957.052996
C16198,4507.000722,7394.18,2288.2,5105.98,5424.701791,11000.0,10460.87946
C16199,2481.696036,1326.09,1326.09,0.0,2033.191162,3500.0,1491.960053
C16200,1978.669021,1224.01,803.85,420.16,0.0,3500.0,429.743823
C16201,0.0,54.0,0.0,54.0,0.0,4000.0,0.0
C16202,481.807171,2331.4,842.9,1488.5,0.0,4500.0,1859.888094
C16203,1096.991698,1567.12,826.63,740.49,0.0,1200.0,993.247869
C16204,600.140869,3488.01,3488.01,0.0,0.0,5000.0,105.220502
C16205,214.699856,440.44,440.44,0.0,0.0,3000.0,541.027445
C16206,71.160989,317.1,0.0,317.1,0.0,1000.0,169.458993
C16207,1779.435899,0.0,0.0,0.0,2131.824562,2000.0,2563.051966
C16208,204.166295,2630.52,1769.34,861.18,0.0,4000.0,2534.005357
C16209,1120.057407,417.72,0.0,417.72,1176.894248,2000.0,1362.230146
C16210,5366.532372,5251.08,2875.1,2375.98,744.096753,11000.0,1429.348596
C16212,281.079293,4723.84,185.0,4538.84,0.0,7500.0,4319.450171
C16213,18.810493,0.0,0.0,0.0,189.012877,7500.0,714.958591
C16214,2526.089973,3074.81,1797.85,1276.96,911.367983,5500.0,2405.281559
C16215,0.0,240.1,0.0,240.1,0.0,2500.0,0.0
C16216,2660.23788,0.0,0.0,0.0,1646.928989,3000.0,499.241223
C16217,6495.510054,716.76,0.0,716.76,6771.644515,10000.0,1215.678547
C16218,1806.895078,223.6,223.6,0.0,855.065409,2000.0,1003.294384
C16219,7.314379,448.74,0.0,448.74,0.0,3500.0,556.071033
C16220,5005.774991,4837.22,3513.45,1323.77,0.0,12500.0,2400.932909
C16221,828.913072,2827.49,955.85,1871.64,0.0,3000.0,2188.042223
C16222,1363.93317,74.0,74.0,0.0,0.0,1500.0,330.099968
C16223,0.0,0.0,0.0,0.0,72.388903,3000.0,197.845282
C16224,463.071288,0.0,0.0,0.0,1381.989484,1000.0,5445.35687
C16225,1764.972148,95.44,0.0,95.44,0.0,5000.0,2686.89785
C16226,2490.340771,2197.28,2064.28,133.0,0.0,4200.0,775.676457
C16227,462.340941,125.0,0.0,125.0,0.0,500.0,250.788354
C16228,418.937604,1166.24,679.73,486.51,0.0,7000.0,846.60721
C16229,387.967458,944.49,0.0,944.49,0.0,1000.0,831.708548
C16230,87.217542,205.46,205.46,0.0,0.0,1600.0,335.650351
C16231,236.264094,1949.62,1430.92,518.7,0.0,1800.0,1679.271891
C16232,550.50988,194.03,194.03,0.0,0.0,4000.0,589.020267
C16233,951.309137,137.03,137.03,0.0,1171.933912,1200.0,312.729653
C16234,158.038938,1780.83,1697.47,83.36,0.0,4500.0,1892.999476
C16235,327.576438,2352.24,2352.24,0.0,0.0,6500.0,3931.602949
C16236,2677.340611,1443.89,1255.71,188.18,0.0,8000.0,707.157146
C16237,2444.389258,0.0,0.0,0.0,702.838293,2500.0,494.810805
C16238,1226.561937,360.0,360.0,0.0,7883.54172,2500.0,10132.43236
C16239,759.198024,1769.79,1359.89,409.9,0.0,2500.0,662.501323
C16240,1066.830615,509.94,0.0,509.94,0.0,1000.0,812.018361
C16241,179.29326,217.77,0.0,217.77,2508.079327,3000.0,211.406239
C16242,0.0,181.0,181.0,0.0,0.0,2500.0,165.763083
C16243,91.011429,1023.55,788.15,235.4,0.0,3000.0,853.805054
C16244,624.717922,0.0,0.0,0.0,1761.331946,1200.0,901.464465
C16245,5478.956337,0.0,0.0,0.0,2925.736794,6500.0,1109.464387
C16246,1363.414177,0.0,0.0,0.0,56.326164,1500.0,307.813989
C16247,5063.070919,2742.33,517.3,2225.03,367.915403,7500.0,11263.92185
C16248,98.46389,1206.38,1017.26,189.12,0.0,6500.0,1146.597649
C16249,9749.239122,1552.63,0.0,1552.63,5139.766338,11000.0,2999.648846
C16250,677.26162,0.0,0.0,0.0,1532.532738,1500.0,334.141296
C16251,1540.337706,551.62,360.0,191.62,0.0,1500.0,655.465567
C16252,528.095171,868.74,677.74,191.0,0.0,600.0,1013.601058
C16253,1095.420541,806.37,806.37,0.0,1042.684174,2500.0,249.737718
C16254,42.443032,0.0,0.0,0.0,433.039278,2400.0,655.942526
C16255,2244.345037,2969.3,1238.55,1730.75,0.0,9500.0,713.218297
C16256,11.567196,116.97,0.0,116.97,0.0,2500.0,387.714131
C16257,41.13959,235.0,0.0,235.0,0.0,3000.0,265.356425
C16258,83.442168,0.0,0.0,0.0,91.564073,750.0,36.205265
C16259,1096.228243,313.38,313.38,0.0,0.0,5000.0,502.501173
C16260,173.075416,0.0,0.0,0.0,1193.999651,1200.0,329.112626
C16261,250.758639,1274.55,771.58,502.97,0.0,7000.0,1282.879804
C16262,118.46707,1643.85,187.02,1456.83,0.0,7000.0,1624.984429
C16263,37.765185,158.64,0.0,158.64,0.0,1500.0,178.288853
C16264,4962.753828,618.4,618.4,0.0,2555.103715,7000.0,2412.673715
C16265,2006.793571,485.92,129.2,356.72,0.0,4500.0,461.233712
C16266,16.167257,171.9,0.0,171.9,0.0,1500.0,145.002943
C16267,1343.394224,2604.52,2406.12,198.4,0.0,6000.0,710.851447
C16268,481.20549,1520.98,1129.8,391.18,0.0,6000.0,1477.598975
C16269,1132.798883,411.24,242.45,168.79,0.0,3000.0,814.752576
C16270,398.65758,1331.25,349.47,981.78,647.982323,6000.0,343.581118
C16271,1103.861429,714.0,45.0,669.0,0.0,1200.0,615.631157
C16272,6.840439,74.4,0.0,74.4,0.0,2000.0,225.796349
C16273,857.712196,1224.0,564.0,660.0,2645.818049,2000.0,2494.59698
C16274,50.682705,434.6,64.0,370.6,0.0,4000.0,538.381397
C16275,415.27608,191.34,40.0,151.34,0.0,1500.0,3467.412046
C16276,2075.314278,588.67,277.63,311.04,0.0,2500.0,604.791592
C16277,2507.16412,0.0,0.0,0.0,9577.424422,7500.0,3331.674163
C16278,91.623484,179.8,179.8,0.0,1099.441745,1200.0,1374.794128
C16279,122.124272,1052.96,58.96,994.0,0.0,3000.0,1460.413198
C16280,746.9786,2341.08,1953.84,387.24,0.0,2000.0,736.002618
C16281,756.887956,178.0,0.0,178.0,0.0,1000.0,1390.256371
C16282,3176.980384,1079.25,1079.25,0.0,0.0,8500.0,2109.059693
C16283,3506.489102,0.0,0.0,0.0,4467.382055,5000.0,286.708354
C16284,411.172634,2355.24,0.0,2355.24,0.0,4500.0,2235.909626
C16285,1827.647786,596.64,0.0,596.64,449.505151,2000.0,911.09047
C16286,58.239998,556.93,556.93,0.0,453.660855,4700.0,0.0
C16287,2113.0036,0.0,0.0,0.0,3980.387049,7000.0,722.613809
C16288,2771.640602,0.0,0.0,0.0,2071.167874,4000.0,804.570403
C16289,1194.885664,365.5,365.5,0.0,0.0,1200.0,566.349364
C16290,2339.150068,502.63,502.63,0.0,2098.738085,6000.0,539.450103
C16291,2043.78838,0.0,0.0,0.0,5997.514998,6500.0,8075.826793
C16292,150.580574,2697.86,1867.0,830.86,0.0,1200.0,2541.202407
C16293,14.042241,92.16,0.0,92.16,0.0,500.0,91.672694
C16294,1420.727073,0.0,0.0,0.0,311.804499,1500.0,506.765033
C16295,2560.74396,110.25,40.0,70.25,3702.475695,10000.0,881.42058
C16296,540.020858,612.23,495.61,116.62,1708.923217,2000.0,1642.068707
C16297,1621.219401,98.4,98.4,0.0,2745.571593,4000.0,3592.092848
C16298,460.56625,864.61,864.61,0.0,0.0,3000.0,1880.266926
C16299,267.668693,2518.37,607.56,1910.81,18.561424,2500.0,2319.258937
C16300,2279.807594,0.0,0.0,0.0,4211.68237,5000.0,4714.063176
C16301,1420.065008,0.0,0.0,0.0,916.054835,3000.0,219.39817
C16302,41.011184,1314.75,125.19,1189.56,0.0,6000.0,1303.104693
C16303,5204.383263,0.0,0.0,0.0,6803.54894,7000.0,1161.616486
C16304,778.393346,1854.3,174.4,1679.9,0.0,1200.0,844.459124
C16305,638.772385,2093.15,1218.8,874.35,0.0,1200.0,1017.966877
C16306,1455.736956,1171.88,1171.88,0.0,19.619461,3700.0,350.750246
C16307,156.348232,2214.87,2214.87,0.0,376.456319,14500.0,7840.121433
C16308,7.331662,90.66,0.0,90.66,0.0,3000.0,0.0
C16309,1978.442957,35.94,35.94,0.0,922.67316,2000.0,1230.609516
C16310,605.203304,1279.5,543.0,736.5,203.148527,1000.0,661.341498
C16311,3855.225836,0.0,0.0,0.0,1837.620008,7500.0,977.203331
C16312,2503.438106,2001.69,1437.24,564.45,268.761003,3000.0,1199.370357
C16313,4028.03648,35.0,35.0,0.0,0.0,4000.0,328.496865
C16314,2368.013568,0.0,0.0,0.0,229.104451,2500.0,660.566074
C16315,1299.904896,0.0,0.0,0.0,4907.783225,2500.0,3710.009991
C16316,2369.29723,1020.53,0.0,1020.53,157.020714,2500.0,1080.870791
C16317,4417.192123,1149.52,1149.52,0.0,1944.558434,5000.0,1250.398004
C16318,1370.317105,1389.28,745.94,643.34,64.146816,1800.0,431.782845
C16319,53.284869,571.32,0.0,571.32,0.0,1000.0,546.617245
C16320,47.274973,639.0,0.0,639.0,0.0,3300.0,940.011994
C16321,9.910791,215.26,0.01,215.25,0.0,1200.0,474.643613
C16322,1729.618796,3533.46,2533.5,999.96,0.0,5000.0,4868.256038
C16323,21.542924,0.0,0.0,0.0,1087.758564,1200.0,1173.576762
C16324,881.358988,4681.26,2301.64,2379.62,0.0,7000.0,4675.820552
C16325,4.596178,554.16,0.0,554.16,0.0,1500.0,0.0
C16326,1258.165394,2821.76,779.26,2042.5,0.0,4500.0,1457.330184
C16327,547.484638,1225.96,1071.23,154.73,0.0,1500.0,400.154087
C16328,3215.080388,410.24,296.52,113.72,0.0,9500.0,772.194997
C16329,1328.483504,1507.26,1011.6,495.66,2554.86412,2000.0,2281.634116
C16330,1603.991792,0.0,0.0,0.0,73.24187,1700.0,437.134508
C16331,82.414018,219.24,0.0,219.24,0.0,1500.0,128.095464
C16332,6643.187445,202.69,202.69,0.0,5107.669643,11000.0,2856.272258
C16333,161.576879,194.0,59.0,135.0,0.0,5000.0,738.457844
C16334,17.820255,123.72,0.0,123.72,0.0,3000.0,270.589779
C16335,1060.022249,200.51,200.51,0.0,0.0,1200.0,407.022337
C16336,2446.41139,1915.65,1332.91,582.74,4201.060262,8500.0,4723.691364
C16337,2212.921154,52.9,52.9,0.0,2035.862807,3500.0,704.408044
C16338,1484.221941,52.83,52.83,0.0,3164.677567,3000.0,1871.16958
C16339,2161.715499,0.0,0.0,0.0,2651.876149,3000.0,662.354973
C16340,56.798467,93.1,0.0,93.1,0.0,2500.0,83.556361
C16341,4183.825982,490.61,45.65,444.96,178.950075,4500.0,1541.998312
C16342,37.890131,483.3,0.0,483.3,0.0,2500.0,541.618413
C16343,4198.61809,17.3,17.3,0.0,2845.86846,8954.545455,10226.60176
C16345,932.153207,572.64,0.0,572.64,0.0,1000.0,1794.686669
C16346,2905.496627,1390.48,713.08,677.4,238.324775,7000.0,1512.39601
C16347,82.706999,367.67,289.77,77.9,0.0,4700.0,610.349554
C16348,3504.329825,5313.2,3787.5,1525.7,0.0,13000.0,4357.719667
C16349,77.087831,311.81,311.81,0.0,261.469776,4000.0,109.704849
C16350,3.535385,53.95,0.0,53.95,0.0,1200.0,124.392554
C16351,933.072519,12.4,12.4,0.0,1085.487045,2500.0,481.589626
C16352,295.680572,0.0,0.0,0.0,497.548257,2200.0,1676.131231
C16353,5314.739322,0.0,0.0,0.0,3596.09665,8000.0,1582.770873
C16354,1531.486784,956.56,819.16,137.4,1548.653023,4000.0,424.033602
C16355,1196.869653,117.24,0.0,117.24,0.0,1200.0,380.06061
C16356,4755.943819,3785.85,3583.95,201.9,529.171674,10500.0,1212.369561
C16357,970.862162,563.82,563.82,0.0,0.0,2950.0,350.164857
C16358,2652.663225,331.81,331.81,0.0,1058.561786,3500.0,831.678305
C16359,1535.201834,0.0,0.0,0.0,232.041978,2450.0,358.002324
C16360,1672.711195,0.0,0.0,0.0,442.298324,1800.0,432.121759
C16361,595.870472,990.0,990.0,0.0,0.0,3000.0,764.86843
C16362,1035.549686,624.0,0.0,624.0,0.0,1000.0,883.088274
C16363,1043.114756,599.92,0.0,599.92,0.0,5000.0,687.999005
C16364,3155.155315,0.0,0.0,0.0,147.664311,3500.0,975.901669
C16365,1051.38615,416.6,0.0,416.6,0.0,1050.0,509.248904
C16366,8.95956,51.36,0.0,51.36,0.0,1200.0,167.260487
C16367,556.857438,21.9,21.9,0.0,0.0,600.0,162.272808
C16369,1276.819142,710.2,710.2,0.0,742.511085,3700.0,3144.534957
C16370,1607.609771,0.0,0.0,0.0,1007.849308,7000.0,523.481375
C16371,3006.295536,1430.24,50.0,1380.24,0.0,3000.0,2034.512438
C16372,502.236778,603.46,328.68,274.78,0.0,1200.0,233.768374
C16373,1610.282389,0.0,0.0,0.0,1296.078691,5000.0,576.468692
C16374,44.444599,374.81,0.0,374.81,0.0,4000.0,309.602823
C16375,1313.003662,810.27,810.27,0.0,759.000431,1500.0,256.967584
C16376,1433.699563,50.0,50.0,0.0,0.0,1500.0,275.687079
C16377,2522.93846,394.48,221.2,173.28,2904.343372,3000.0,3734.576574
C16378,4926.540711,226.63,164.79,61.84,1893.581202,5500.0,974.445304
C16379,987.853328,2599.42,1967.62,631.8,0.0,1800.0,2146.180788
C16380,344.288226,146.75,0.0,146.75,0.0,1500.0,135.87419
C16381,2336.510738,666.64,0.0,666.64,3230.62576,7000.0,822.387829
C16382,1132.661616,175.0,0.0,175.0,0.0,1200.0,254.27684
C16383,1969.414463,1322.06,301.52,1020.54,849.366964,5500.0,1764.32763
C16384,1142.909141,0.0,0.0,0.0,2264.495887,2500.0,165.549752
C16385,3269.961382,0.0,0.0,0.0,1722.645697,4000.0,949.187748
C16386,226.684073,672.48,0.0,672.48,235.063106,4500.0,869.632913
C16387,635.358243,250.0,250.0,0.0,0.0,8000.0,4995.053024
C16388,629.744788,354.5,354.5,0.0,3023.321998,5000.0,257.295601
C16389,683.357929,5105.17,2265.11,2840.06,0.0,3500.0,4650.299879
C16390,857.767403,639.56,0.0,639.56,0.0,2200.0,210.272469
C16391,71.480312,1178.64,0.0,1178.64,0.0,3200.0,1473.852143
C16392,5719.149672,1611.04,1447.64,163.4,5034.877748,9000.0,4997.375402
C16393,10.954457,0.0,0.0,0.0,389.594394,3000.0,0.0
C16394,1049.109012,200.02,0.0,200.02,0.0,1000.0,548.458069
C16395,94.106762,1063.22,789.22,274.0,0.0,7000.0,276.870232
C16396,7845.126724,396.0,0.0,396.0,11070.56623,12000.0,9676.278566
C16397,131.271213,147.26,0.0,147.26,0.0,1000.0,430.455738
C16398,38.316222,436.75,0.0,436.75,0.0,3000.0,1634.962881
C16399,857.313072,139.16,0.0,139.16,0.0,1200.0,1209.136709
C16400,4.256664,31.25,0.0,31.25,0.0,1000.0,0.0
C16401,1912.125318,518.04,449.71,68.33,6314.938401,3500.0,3837.547894
C16402,71.310815,0.0,0.0,0.0,1849.578078,6000.0,0.0
C16403,108.889031,1145.85,445.85,700.0,0.0,5000.0,874.238956
C16404,3.992758,0.0,0.0,0.0,126.723539,1200.0,157.919567
C16405,7.456966,4.8,0.0,4.8,0.0,2200.0,70.517745
C16406,51.293355,459.69,0.0,459.69,0.0,6000.0,279.902009
C16407,637.379659,37.62,0.0,37.62,0.0,1500.0,1691.81869
C16408,472.975295,0.0,0.0,0.0,1076.323483,1200.0,0.0
C16409,770.11922,0.0,0.0,0.0,1085.168416,2500.0,64.429192
C16410,1155.9765,0.0,0.0,0.0,1115.92003,1500.0,1298.142663
C16411,2664.926838,1229.62,661.6,568.02,0.0,8000.0,1692.635777
C16412,281.736996,1100.19,1100.19,0.0,974.050448,5700.0,1694.640984
C16414,400.462305,0.0,0.0,0.0,822.959124,5000.0,1034.178777
C16415,1785.562094,0.0,0.0,0.0,996.904425,1800.0,1164.081703
C16416,562.145229,1872.51,503.01,1369.5,0.0,4500.0,1480.089378
C16417,7.777595,66.25,0.0,66.25,0.0,2000.0,129.109877
C16418,5032.709807,0.0,0.0,0.0,2996.684234,7000.0,1065.648112
C16419,2462.416736,1207.3,1207.3,0.0,470.529824,2500.0,1609.295692
C16421,330.707721,56.4,56.4,0.0,1680.231932,4000.0,3613.150681
C16422,1472.378275,0.0,0.0,0.0,2297.002595,4000.0,602.231254
C16423,31.269893,224.81,224.81,0.0,0.0,1800.0,284.388927
C16424,279.225789,2800.12,0.0,2800.12,0.0,6000.0,2515.127273
C16425,347.997266,0.0,0.0,0.0,1224.607415,4500.0,3486.642342
C16426,3405.813447,0.0,0.0,0.0,634.085316,4000.0,912.842125
C16427,492.040223,17.0,17.0,0.0,171.814665,600.0,243.905711
C16428,127.992071,593.0,0.0,593.0,580.391722,2000.0,1158.659124
C16429,26.639906,251.19,0.0,251.19,0.0,1500.0,214.973026
C16430,4169.458982,0.0,0.0,0.0,2802.840866,5000.0,1261.781799
C16431,95.517105,1305.72,0.0,1305.72,0.0,1700.0,1127.40911
C16432,2261.132204,0.0,0.0,0.0,840.32256,2500.0,783.359871
C16433,1930.900813,5616.07,4960.73,655.34,4287.486377,5500.0,10894.444
C16434,2936.600083,0.0,0.0,0.0,3936.540697,5000.0,1861.424668
C16435,475.826042,950.0,950.0,0.0,0.0,4500.0,118.53066
C16436,145.085902,1284.74,1284.74,0.0,0.0,3000.0,2524.474539
C16437,2392.299552,0.0,0.0,0.0,118.3391,3200.0,602.769462
C16438,0.0,408.38,0.0,408.38,0.0,6000.0,535.013917
C16439,4652.51827,4042.41,2731.38,1311.03,3581.376823,5000.0,7633.554879
C16440,1089.351276,595.83,563.5,32.33,147.306438,2500.0,316.521528
C16441,2269.978054,0.0,0.0,0.0,3617.843539,3500.0,745.982616
C16442,75.401255,692.94,0.0,692.94,0.0,4000.0,806.703752
C16443,40.607669,479.0,80.0,399.0,0.0,2000.0,389.241521
C16444,27.498033,0.0,0.0,0.0,37.771996,1000.0,46.365579
C16445,1253.290131,138.0,55.0,83.0,0.0,9000.0,302.161387
C16446,0.0,140.04,0.0,140.04,0.0,1000.0,129.905883
C16447,2080.312991,25.0,0.0,25.0,2422.889589,2500.0,540.687217
C16448,965.514081,8945.67,8945.67,0.0,0.0,5500.0,7917.840874
C16449,1033.346718,0.0,0.0,0.0,142.123093,1500.0,1682.814334
C16450,2277.067891,7025.02,7025.02,0.0,0.0,3500.0,6063.45472
C16451,744.083484,1096.98,589.48,507.5,174.714236,5000.0,1873.388189
C16452,1305.883623,0.0,0.0,0.0,1015.334397,8000.0,1423.232277
C16453,751.22482,1000.0,0.0,1000.0,0.0,1700.0,2025.267591
C16454,2848.442843,2148.02,1634.44,513.58,385.68198,3500.0,922.603695
C16455,1765.263223,73.8,0.0,73.8,0.0,1800.0,356.324476
C16456,47.587585,414.8,53.0,361.8,0.0,4500.0,545.768039
C16457,3531.167073,797.5,577.83,219.67,5273.226918,4000.0,2979.5467
C16458,45.000015,540.0,0.0,540.0,0.0,7000.0,675.065652
C16459,398.403586,3658.71,2745.31,913.4,0.0,2500.0,3646.346596
C16460,1394.926414,0.0,0.0,0.0,4091.737498,5000.0,488.155542
C16461,2196.006333,666.89,550.79,116.1,0.0,7500.0,579.257195
C16462,43.656303,2122.98,1826.67,296.31,0.0,10500.0,2006.417008
C16463,8692.806679,1022.77,1022.77,0.0,2970.97936,9000.0,5960.192059
C16464,2276.666051,87.51,0.0,87.51,0.0,8000.0,605.029703
C16465,4217.472407,7311.99,7311.99,0.0,0.0,6700.0,2773.245445
C16466,2578.733343,0.0,0.0,0.0,2601.723396,3000.0,312.16358
C16467,170.569025,2368.84,1464.56,904.28,0.0,2500.0,2123.311356
C16468,6557.146926,354.27,354.27,0.0,2943.653759,7000.0,1606.554704
C16469,4892.213739,0.0,0.0,0.0,1086.316757,11000.0,1148.224685
C16470,3.562442,735.0,0.0,735.0,0.0,2000.0,1256.297676
C16471,4548.940782,2095.49,1349.33,746.16,826.710558,6500.0,1427.071161
C16472,157.364234,1778.92,1233.87,545.05,0.0,10500.0,1686.269252
C16473,1118.610853,293.26,0.0,293.26,0.0,1500.0,317.991447
C16474,7.146747,60.0,0.0,60.0,0.0,3000.0,231.681868
C16475,18.288834,0.0,0.0,0.0,149.6351,3000.0,307.559683
C16476,162.293507,0.0,0.0,0.0,428.185827,500.0,90.933457
C16477,45.095168,469.89,0.0,469.89,0.0,2000.0,363.258365
C16478,166.761294,1831.91,216.92,1614.99,0.0,7000.0,1298.605481
C16479,1818.964688,1436.41,1300.09,136.32,0.0,6500.0,594.214126
C16480,1998.319924,5400.64,4694.12,706.52,0.0,6850.0,3359.914173
C16481,1178.607275,1014.36,322.69,691.67,0.0,1200.0,1250.42369
C16482,333.175537,0.0,0.0,0.0,709.915658,1200.0,88.066511
C16483,1193.644707,850.15,850.15,0.0,3215.1424,2500.0,3536.855347
C16484,121.663829,488.52,0.0,488.52,0.0,7500.0,459.429985
C16485,1390.563775,0.0,0.0,0.0,154.241717,1500.0,506.958786
C16486,4.588899,249.96,0.0,249.96,0.0,4000.0,248.437485
C16487,3191.334524,219.44,177.8,41.64,433.90772,9000.0,810.671862
C16488,1600.510219,0.0,0.0,0.0,94.928008,1800.0,579.289913
C16489,448.539091,300.0,300.0,0.0,1105.396152,5400.0,3860.659948
C16490,1031.670316,1753.25,1164.04,589.21,0.0,4000.0,500.01493
C16491,135.25122,904.55,63.4,841.15,0.0,7500.0,990.722558
C16492,435.55396,1522.06,1372.34,149.72,0.0,3000.0,1878.606679
C16493,4709.860768,0.0,0.0,0.0,3832.366931,6000.0,1239.821726
C16494,2304.470294,1201.97,374.24,827.73,1009.853215,3000.0,1254.356926
C16495,2506.085855,1723.3,1520.32,202.98,561.814107,3000.0,1328.848053
C16496,54.055548,548.02,0.0,548.02,0.0,4000.0,695.091566
C16497,734.77748,33.37,0.0,33.37,921.54819,1500.0,1741.996361
C16498,533.512148,2243.99,1543.99,700.0,949.859862,7000.0,2522.034983
C16499,694.70767,0.0,0.0,0.0,1640.291172,4500.0,498.736792
C16500,305.72029,1125.8,430.88,694.92,0.0,3000.0,1863.122757
C16501,1428.265873,1490.63,1411.88,78.75,5411.208676,5250.0,4644.297034
C16502,0.0,609.21,0.0,609.21,0.0,1000.0,684.523752
C16503,834.789126,0.0,0.0,0.0,207.027078,13500.0,717.257211
C16504,4028.714266,3585.75,3488.42,97.33,478.678942,6500.0,6869.557475
C16505,2470.787327,0.0,0.0,0.0,1715.518342,4000.0,593.427752
C16506,829.410423,3884.68,2610.57,1274.11,0.0,8000.0,3517.817878
C16507,36.40909,1091.7,1091.7,0.0,226.784069,3000.0,2363.934071
C16508,5239.146869,57.91,57.91,0.0,2973.966812,6000.0,1218.114753
C16509,2369.851759,9934.93,8500.67,1434.26,0.0,10000.0,3670.569073
C16510,364.150125,0.0,0.0,0.0,1382.98498,3000.0,2050.337787
C16511,1671.76708,1346.44,890.9,455.54,0.0,6000.0,4397.366472
C16512,50.571196,499.98,0.0,499.98,0.0,2500.0,744.260461
C16513,564.36524,0.0,0.0,0.0,1003.670076,1200.0,1219.36304
C16514,282.588132,170.0,170.0,0.0,0.0,5500.0,1499.355812
C16515,42.504303,117.62,0.0,117.62,0.0,2500.0,1408.151874
C16516,1150.269979,600.0,600.0,0.0,1510.632782,4000.0,1622.256987
C16517,2415.67887,125.45,0.0,125.45,0.0,3000.0,619.883932
C16518,10.259525,119.8,119.8,0.0,0.0,5000.0,711.480411
C16519,1527.826042,3191.0,3191.0,0.0,2035.662918,4950.0,5393.198816
C16520,66.618088,544.0,0.0,544.0,0.0,3000.0,473.490702
C16521,6955.119532,0.0,0.0,0.0,4944.926593,10500.0,1734.23239
C16522,971.723256,1853.7,966.14,887.56,319.449176,3500.0,513.439153
C16523,447.563656,911.09,911.09,0.0,896.215958,1200.0,2160.154624
C16524,1346.777622,1798.15,357.8,1440.35,0.0,1500.0,1213.489835
C16525,1981.113728,0.0,0.0,0.0,199.183245,2000.0,442.171269
C16526,6398.233171,0.0,0.0,0.0,233.38167,9500.0,1693.270011
C16527,406.939907,2615.18,2615.18,0.0,0.0,4300.0,5296.640171
C16528,964.09998,1074.96,0.0,1074.96,0.0,1000.0,446.368432
C16529,108.386507,211.9,211.9,0.0,0.0,5100.0,131.85375
C16530,413.331088,0.0,0.0,0.0,708.62821,500.0,453.051033
C16531,6.395964,79.0,79.0,0.0,0.0,7500.0,107.281393
C16532,207.632783,45.65,45.65,0.0,0.0,1200.0,0.0
C16533,767.871111,1878.51,0.0,1878.51,929.9471,2500.0,1261.146488
C16534,1093.027318,0.0,0.0,0.0,92.01775,1200.0,330.592103
C16535,2714.36271,50.62,50.62,0.0,4424.09206,7000.0,1651.122391
C16536,2285.604784,75.0,0.0,75.0,2539.047806,2500.0,531.583507
C16537,46.000465,531.5,0.0,531.5,0.0,4000.0,544.460735
C16538,27.857993,352.23,0.0,352.23,0.0,2500.0,299.490096
C16539,1756.206467,0.0,0.0,0.0,1468.349502,3000.0,324.251074
C16540,4.686854,28.8,0.0,28.8,0.0,1500.0,34.401591
C16541,1462.921098,609.16,609.16,0.0,1054.286672,2000.0,506.068295
C16542,2786.817229,0.0,0.0,0.0,154.876604,7000.0,609.526586
C16543,1134.988498,935.04,540.81,394.23,996.543937,4000.0,298.878026
C16544,1316.179352,1278.04,0.0,1278.04,114.843243,1200.0,2069.375056
C16545,2300.825677,522.06,0.0,522.06,2809.026116,3000.0,469.928446
C16546,4529.895962,0.0,0.0,0.0,21943.84942,13000.0,33486.31044
C16547,1504.980887,322.81,184.71,138.1,0.0,1600.0,467.652307
C16548,46.981185,160.0,160.0,0.0,0.0,6500.0,204.116016
C16549,1552.687961,654.16,557.16,97.0,0.0,1500.0,1041.793202
C16550,2054.983361,1058.58,0.0,1058.58,0.0,6000.0,461.980524
C16551,1097.718192,0.0,0.0,0.0,77.325405,1200.0,278.781487
C16552,1150.280984,450.0,250.0,200.0,0.0,1200.0,839.754013
C16553,4117.751094,159.07,159.07,0.0,2940.082863,8000.0,876.63896
C16554,1631.573904,112.56,112.56,0.0,0.0,1700.0,439.132886
C16555,3060.945154,2478.38,1974.38,504.0,0.0,6500.0,1828.095269
C16556,625.144248,958.39,365.0,593.39,0.0,4000.0,881.159896
C16557,7803.071972,1000.55,0.0,1000.55,1490.239239,8000.0,3478.320794
C16558,75.46203,405.84,0.0,405.84,0.0,5000.0,340.762855
C16559,287.787967,0.0,0.0,0.0,19.464101,300.0,104.919187
C16560,1669.759168,200.0,0.0,200.0,0.0,11000.0,442.60799
C16561,113.723132,740.82,574.44,166.38,188.360044,5500.0,1335.466998
C16562,1475.485907,522.68,522.68,0.0,1635.215775,3000.0,265.318943
C16563,419.727505,1945.8,0.0,1945.8,0.0,3000.0,1348.704313
C16564,50.962159,803.45,803.45,0.0,0.0,5500.0,797.779992
C16565,946.059539,10915.37,9323.71,1591.66,0.0,5000.0,12612.66824
C16566,1286.787274,0.0,0.0,0.0,68.190923,1500.0,1602.22002
C16567,13.720529,1724.77,935.67,789.1,0.0,3500.0,1490.96569
C16568,3948.776884,0.0,0.0,0.0,5291.215227,4000.0,4576.56764
C16569,603.686346,397.5,88.0,309.5,63.384239,1500.0,279.038144
C16570,87.540559,885.13,0.0,885.13,0.0,6000.0,801.593051
C16571,14.179041,119.58,0.0,119.58,0.0,5000.0,157.838418
C16572,2333.99188,0.0,0.0,0.0,4480.430064,4500.0,725.315868
C16573,42.045574,90.0,90.0,0.0,0.0,4000.0,28.556632
C16574,1155.509859,564.0,564.0,0.0,0.0,4000.0,279.047416
C16575,1434.793889,467.88,467.88,0.0,0.0,4300.0,2538.815988
C16576,1406.504164,0.0,0.0,0.0,105.811869,1500.0,278.864694
C16577,1358.513908,0.0,0.0,0.0,73.870282,1500.0,353.105652
C16578,372.722601,819.7,0.0,819.7,0.0,1500.0,87.828439
C16579,3279.867381,6520.0,6520.0,0.0,0.0,3500.0,3524.512662
C16580,1963.698617,1582.88,1259.82,323.06,2601.802794,2500.0,4138.243604
C16581,1967.640068,264.8,230.0,34.8,4954.13788,5000.0,516.105446
C16583,157.907139,499.92,0.0,499.92,1093.855719,3000.0,788.375119
C16584,2184.965504,0.0,0.0,0.0,2893.023143,8000.0,1730.364781
C16585,46.103924,443.25,443.25,0.0,0.0,6500.0,417.350534
C16586,65.11995,898.64,470.2,428.44,0.0,2500.0,672.702547
C16587,889.955252,40.0,40.0,0.0,3124.247282,3000.0,977.156313
C16588,550.533381,0.0,0.0,0.0,2486.624696,1500.0,3762.550924
C16589,221.861874,0.0,0.0,0.0,250.779227,2500.0,209.265168
C16590,61.268046,491.11,171.11,320.0,0.0,5000.0,702.302424
C16591,1162.7795,757.37,0.0,757.37,131.28406,1000.0,512.315951
C16592,1338.934027,0.0,0.0,0.0,1297.777178,4000.0,423.092478
C16593,2273.555853,329.3,70.0,259.3,3360.63801,3000.0,3099.112794
C16594,1248.332959,478.32,198.0,280.32,157.20552,4000.0,1429.176523
C16595,6255.078201,195.29,124.17,71.12,2881.905049,7500.0,1797.863187
C16596,7.14111,288.0,0.0,288.0,0.0,3000.0,228.853499
C16597,1959.35945,0.0,0.0,0.0,2757.579869,4000.0,1542.366508
C16598,3169.141778,435.0,435.0,0.0,3049.497763,6500.0,795.908206
C16599,1208.300547,1855.71,1469.5,386.21,0.0,4500.0,3023.498427
C16600,3271.129597,4209.98,556.22,3653.76,1058.425793,10300.0,6965.162385
C16601,538.768762,226.95,129.58,97.37,452.00913,1200.0,946.649324
C16602,346.425872,3463.12,1046.72,2416.4,0.0,5000.0,2903.567692
C16603,23.120939,282.59,0.0,282.59,0.0,5000.0,128.885146
C16604,3746.919031,7468.37,1310.1,6158.27,0.0,10000.0,4793.23127
C16605,1460.749521,2318.21,1666.71,651.5,0.0,5900.0,1324.509712
C16606,3312.514107,0.0,0.0,0.0,830.921998,6500.0,962.359607
C16607,487.483429,1579.12,980.56,598.56,0.0,10000.0,606.20283
C16608,33.535261,319.98,0.0,319.98,0.0,1000.0,264.453806
C16609,6650.001408,275.38,235.71,39.67,494.997609,15500.0,1386.144517
C16610,710.811464,633.87,320.0,313.87,672.991175,1000.0,474.226839
C16611,453.347636,4164.8,159.4,4005.4,0.0,5500.0,4663.19128
C16612,61.463647,0.0,0.0,0.0,989.053104,1200.0,0.0
C16613,226.445662,0.0,0.0,0.0,291.685333,1500.0,138.84951
C16614,1540.478248,1494.11,171.51,1322.6,320.569363,1000.0,347.092355
C16615,88.905573,537.56,537.56,0.0,0.0,2500.0,563.972982
C16616,846.091011,2599.2,1212.28,1386.92,0.0,3000.0,1900.699307
C16617,326.551854,2950.77,2950.77,0.0,0.0,4000.0,2224.274686
C16618,31.870622,125.06,0.0,125.06,0.0,1000.0,264.43684
C16619,2504.312118,8631.0,6983.43,1647.57,704.155697,5000.0,5705.083777
C16620,4059.160304,256.63,0.0,256.63,1328.657944,4500.0,936.605314
C16621,8929.533392,0.0,0.0,0.0,7165.12654,13000.0,2119.667158
C16622,8.59137,125.0,0.0,125.0,0.0,3000.0,194.532194
C16623,4.924829,65.97,0.0,65.97,0.0,4000.0,178.11004
C16625,1906.104266,781.43,1.0,780.43,2097.271687,3400.0,495.427538
C16626,1174.088448,0.0,0.0,0.0,39.500445,1200.0,283.442187
C16627,218.280031,939.14,939.14,0.0,0.0,5000.0,969.130835
C16628,2990.370585,1368.0,208.0,1160.0,1436.238238,8000.0,1680.74827
C16629,159.210281,247.8,75.8,172.0,0.0,5000.0,607.575208
C16630,336.749543,3081.69,3081.69,0.0,0.0,2000.0,3631.007239
C16631,12.478094,217.91,0.0,217.91,0.0,1000.0,206.460572
C16632,9110.968989,1490.75,1490.75,0.0,20277.33112,11000.0,19740.74802
C16633,126.622651,1015.3,1015.3,0.0,0.0,4500.0,2583.278505
C16634,1614.278999,554.65,452.85,101.8,603.964591,2000.0,485.998474
C16635,3173.141048,895.92,0.0,895.92,0.0,4500.0,723.653473
C16636,5718.507585,4717.77,851.58,3866.19,3584.26549,6000.0,8880.955481
C16637,68.007411,488.66,0.0,488.66,0.0,1500.0,303.387025
C16638,1486.00963,757.6,702.0,55.6,374.404841,5000.0,932.414285
C16639,276.93292,0.0,0.0,0.0,936.59473,1000.0,247.914645
C16640,14.983682,280.0,280.0,0.0,0.0,300.0,304.243382
C16641,811.638687,0.0,0.0,0.0,783.165528,3000.0,608.913721
C16642,1081.672472,0.0,0.0,0.0,18.573429,1500.0,1713.311527
C16643,811.071722,208.92,0.0,208.92,206.635247,2500.0,282.414709
C16644,559.750373,622.44,400.0,222.44,0.0,700.0,893.494936
C16645,834.825957,0.0,0.0,0.0,1195.000251,1200.0,1392.439311
C16646,2663.506152,0.0,0.0,0.0,181.289985,3200.0,705.964088
C16647,1396.625608,1163.49,639.37,524.12,1131.376682,1900.0,607.122812
C16648,11.725408,178.0,178.0,0.0,0.0,1500.0,1024.466785
C16650,826.344973,108.4,0.0,108.4,950.872647,1000.0,2068.816672
C16651,593.785565,1150.0,1150.0,0.0,0.0,5300.0,2189.154807
C16652,7337.853622,0.0,0.0,0.0,3889.579805,9000.0,2526.186156
C16653,1160.451877,109.36,109.36,0.0,37.12951,1200.0,226.149461
C16654,2370.760037,94.47,0.0,94.47,0.0,4500.0,770.48848
C16655,1141.383705,79.87,0.0,79.87,822.309143,1200.0,457.956974
C16656,1928.254972,293.26,293.26,0.0,830.670122,2000.0,496.917889
C16657,11304.51755,105.83,105.83,0.0,3451.163531,11500.0,1987.223626
C16658,395.722912,1837.15,1534.65,302.5,0.0,2000.0,914.845569
C16659,54.250363,317.4,317.4,0.0,0.0,3000.0,234.894972
C16660,179.362453,839.09,0.0,839.09,331.493048,3000.0,555.713401
C16661,347.928329,832.37,427.96,404.41,0.0,1000.0,752.706706
C16662,3086.119532,1134.38,396.29,738.09,4323.275849,12000.0,1492.992521
C16663,1389.085585,0.0,0.0,0.0,2773.573526,2000.0,2100.404477
C16664,16.848358,103.08,0.0,103.08,0.0,2900.0,0.0
C16665,50.940247,426.47,0.0,426.47,0.0,3000.0,409.376563
C16666,3092.948987,1132.03,1038.75,93.28,3988.939447,7000.0,889.901799
C16667,33.114269,974.96,110.0,864.96,0.0,6000.0,1011.244454
C16668,136.268319,757.49,487.61,269.88,1360.553696,2000.0,4086.277963
C16669,470.91505,907.5,574.5,333.0,0.0,1500.0,1065.270854
C16670,4021.881912,300.1,0.0,300.1,955.742173,6000.0,1120.837531
C16671,13.718373,401.88,0.0,401.88,0.0,3000.0,421.927253
C16672,2732.813233,245.01,245.01,0.0,2721.303612,5000.0,1289.823661
C16673,55.907108,439.91,0.0,439.91,0.0,6000.0,449.043148
C16674,382.979758,3487.08,484.59,3002.49,0.0,6000.0,3652.818025
C16675,1267.081143,309.9,0.0,309.9,0.0,3000.0,697.223817
C16676,1530.51083,0.0,0.0,0.0,485.900288,5000.0,476.34769
C16677,3915.151082,2607.07,2155.66,451.41,0.0,8000.0,857.533676
C16678,68.607989,584.26,188.54,395.72,0.0,4000.0,298.014685
C16679,2141.675003,0.0,0.0,0.0,2314.315073,2500.0,444.710357
C16680,1699.100066,73.5,73.5,0.0,0.0,1700.0,429.500066
C16681,504.248851,472.09,0.0,472.09,0.0,1000.0,209.360972
C16682,545.819208,49.55,0.0,49.55,0.0,2500.0,397.410932
C16683,748.352082,1199.77,464.39,735.38,550.543385,1200.0,622.155263
C16684,3.647117,0.0,0.0,0.0,58.174402,1200.0,0.0
C16685,70.831061,531.0,300.0,231.0,0.0,1500.0,497.383598
C16686,403.08626,2351.25,0.0,2351.25,0.0,2500.0,2247.045797
C16687,1337.57386,0.0,0.0,0.0,36.473828,3000.0,395.385249
C16688,46.86925,420.0,0.0,420.0,0.0,1000.0,411.981882
C16689,1772.610312,1400.0,0.0,1400.0,0.0,1500.0,1810.218367
C16690,3759.848908,7472.37,6845.82,626.55,0.0,8500.0,5001.440215
C16691,779.701771,116.66,0.0,116.66,2422.015644,1500.0,3378.436972
C16692,0.187069,522.0,290.0,232.0,0.0,2900.0,760.989921
C16693,2.752576,30.9,0.0,30.9,0.0,3000.0,174.049821
C16694,4476.739146,1880.25,904.46,975.79,3267.879333,12000.0,11562.15615
C16695,644.933911,7.26,0.0,7.26,966.749372,1500.0,431.732367
C16697,3.690944,167.68,0.0,167.68,0.0,1500.0,614.893679
C16698,1695.52577,199.92,0.0,199.92,1995.609365,4000.0,578.152341
C16699,1374.431396,81.0,0.0,81.0,0.0,3000.0,356.933062
C16700,5636.389815,645.55,645.55,0.0,1190.251389,6500.0,1334.895124
C16701,19.516936,851.0,851.0,0.0,0.0,5000.0,9821.138115
C16702,1340.549378,591.0,0.0,591.0,0.0,1250.0,706.517216
C16703,38.086857,447.78,0.0,447.78,0.0,4000.0,757.855943
C16704,2724.685011,0.0,0.0,0.0,724.694411,3000.0,1351.895242
C16705,0.0,45.53,0.0,45.53,0.0,2500.0,0.0
C16706,8.362878,234.0,0.0,234.0,0.0,1200.0,234.802293
C16707,156.700478,1259.21,0.0,1259.21,0.0,6000.0,1178.012601
C16708,130.644698,338.79,0.0,338.79,0.0,1500.0,196.79846
C16709,617.597272,0.0,0.0,0.0,1080.735496,1200.0,111.579389
C16710,169.600016,36.79,0.0,36.79,2596.426866,1500.0,1086.495221
C16711,631.959341,0.0,0.0,0.0,19.388248,700.0,161.443162
C16712,98.937198,676.31,601.31,75.0,0.0,1050.0,668.102469
C16713,1222.050009,0.0,0.0,0.0,1143.669546,2500.0,291.446692
C16714,92.859389,468.96,0.0,498.96,0.0,1000.0,348.784045
C16715,84.3929,141.84,0.0,141.84,0.0,1200.0,371.759761
C16716,287.589522,33.35,0.0,33.35,0.0,6000.0,558.143294
C16717,5354.53794,0.0,0.0,0.0,8504.909507,7500.0,6438.405866
C16718,32.89402,271.68,0.0,271.68,0.0,2400.0,226.744914
C16719,1445.383522,0.0,0.0,0.0,342.162677,1700.0,430.833894
C16720,1907.779363,2074.08,0.0,2074.08,0.0,1500.0,1796.60533
C16721,738.992204,0.0,0.0,0.0,186.282849,2000.0,386.913089
C16722,4.822037,58.32,0.0,58.32,0.0,1000.0,65.76347
C16723,148.376249,600.0,600.0,0.0,0.0,2500.0,731.400261
C16724,927.375909,0.0,0.0,0.0,2215.257509,6000.0,2734.344075
C16725,151.704474,0.0,0.0,0.0,87.794993,150.0,316.324154
C16726,72.351933,245.84,0.0,245.84,0.0,1200.0,187.34317
C16727,2.907271,53.0,53.0,0.0,0.0,1000.0,239.669232
C16728,1347.883104,174.05,69.55,104.5,1714.06927,3000.0,1711.864665
C16729,676.627063,330.83,330.83,0.0,4474.025579,6000.0,2180.100761
C16730,871.35543,174.93,174.93,0.0,2621.431555,3000.0,4898.947715
C16731,1915.189848,0.0,0.0,0.0,1390.387875,2500.0,714.25653
C16732,851.880648,1476.7,934.59,542.11,903.935644,1200.0,2207.649199
C16733,460.169381,2703.95,10.0,2693.95,0.0,5000.0,2039.16951
C16734,177.371967,534.0,0.0,534.0,0.0,3500.0,453.357965
C16735,25.882538,430.02,0.02,430.0,0.0,7000.0,372.95804
C16736,2378.150526,0.0,0.0,0.0,4059.469587,5000.0,349.448115
C16737,44.539341,94.3,71.8,22.5,0.0,2500.0,940.026302
C16738,38.424273,442.04,0.0,442.04,0.0,2000.0,435.927928
C16739,894.99047,3184.54,2486.98,697.56,1578.893925,6500.0,3567.009988
C16740,1459.853158,1365.0,1365.0,0.0,363.867229,1800.0,1751.977457
C16741,1572.097459,0.0,0.0,0.0,1128.876546,2500.0,402.317895
C16742,1646.38453,1047.34,1047.34,0.0,146.650389,3000.0,462.848132
C16743,4218.956639,0.0,0.0,0.0,4734.304587,4500.0,5557.539676
C16744,45.22614,0.0,0.0,0.0,146.123548,150.0,298.10235
C16745,4661.423201,0.0,0.0,0.0,5263.831799,6500.0,2943.485063
C16746,1519.317855,0.0,0.0,0.0,548.289216,2000.0,456.098668
C16747,6306.826232,0.0,0.0,0.0,3090.205975,7500.0,1396.433544
C16748,32.916536,300.62,0.0,300.62,0.0,1200.0,301.102633
C16749,8.849404,220.99,0.0,220.99,0.0,1000.0,286.305162
C16750,5.663355,35.0,35.0,0.0,0.0,2500.0,394.761847
C16751,298.651615,0.0,0.0,0.0,470.488239,1000.0,309.69761
C16752,734.337883,55.68,0.0,55.68,0.0,1000.0,938.997556
C16753,56.68168,827.2,0.0,827.2,0.0,1000.0,798.681574
C16755,66.048562,696.78,0.0,696.78,0.0,2000.0,617.678129
C16757,4415.526081,0.0,0.0,0.0,1592.287186,4500.0,1357.018977
C16758,563.749251,5039.97,5039.97,0.0,0.0,4000.0,4714.741294
C16759,37.980086,450.0,0.0,450.0,0.0,2700.0,425.280332
C16760,291.654079,1528.77,1528.77,0.0,0.0,9000.0,930.081668
C16761,72.188087,117.9,117.9,0.0,0.0,3400.0,14.500688
C16762,370.489944,1723.61,947.92,775.69,0.0,5000.0,1570.70073
C16763,623.095349,1010.0,1010.0,0.0,0.0,5000.0,2063.173023
C16764,18.287569,777.0,0.0,777.0,0.0,1200.0,706.055693
C16765,1421.169324,0.0,0.0,0.0,37.440222,1500.0,224.088112
C16766,16.821079,121.2,0.0,121.2,0.0,7000.0,310.4036
C16767,1667.851788,0.0,0.0,0.0,5133.373227,3000.0,2822.457351
C16768,2933.577644,4562.57,3729.83,832.74,0.0,4000.0,4237.359587
C16769,42.286207,480.37,0.0,480.37,0.0,6000.0,326.059256
C16770,1125.697524,0.0,0.0,0.0,504.069794,1200.0,599.233796
C16771,25.998899,0.0,0.0,0.0,466.387778,4000.0,0.0
C16772,1794.531623,0.0,0.0,0.0,1050.199464,2500.0,2562.51109
C16773,207.099447,1764.0,0.0,1764.0,0.0,400.0,1667.797657
C16774,875.103005,0.0,0.0,0.0,2988.062451,2000.0,2168.617114
C16775,69.036727,760.79,760.79,0.0,0.0,7000.0,187.452384
C16776,917.531824,0.0,0.0,0.0,1273.778445,1600.0,1498.695114
C16777,1969.647597,0.0,0.0,0.0,1973.843982,2000.0,2209.452275
C16778,25.72535,150.48,0.0,150.48,0.0,2500.0,558.52387
C16779,5091.643375,0.0,0.0,0.0,2302.860148,6000.0,1315.48708
C16780,2433.487018,0.0,0.0,0.0,348.296735,2500.0,527.171985
C16781,8465.296023,1066.91,817.43,249.48,1870.467411,17150.0,1742.775616
C16782,4616.991666,0.0,0.0,0.0,2810.591083,5000.0,584.413797
C16784,1452.616145,522.29,45.65,476.64,0.0,1500.0,851.338405
C16785,3681.031744,1922.39,1376.54,545.85,0.0,10000.0,873.634965
C16786,1166.337059,0.0,0.0,0.0,182.229942,1200.0,381.331067
C16787,38.342505,134.28,134.28,0.0,0.0,6000.0,361.809474
C16789,765.66511,0.0,0.0,0.0,924.627991,3000.0,703.772856
C16790,905.771358,116.15,36.15,80.0,0.0,1000.0,267.661028
C16791,540.157857,181.5,0.0,181.5,0.0,500.0,246.839723
C16792,1356.050482,65.82,39.9,25.92,0.0,4000.0,493.729322
C16793,779.431874,721.78,223.53,498.25,152.51189,1500.0,796.646284
C16794,106.752843,865.27,637.89,227.38,0.0,2000.0,1229.490211
C16795,1029.85333,727.51,727.51,0.0,1287.04473,2500.0,86.723976
C16796,313.802253,1146.37,792.1,354.27,1429.340234,2000.0,2736.9303
C16797,2743.221459,0.0,0.0,0.0,776.01291,3000.0,668.207015
C16798,1100.505764,220.0,220.0,0.0,0.0,1200.0,344.856423
C16799,335.95482,2178.13,1215.01,963.12,0.0,6000.0,2320.553403
C16800,31.552295,190.26,0.0,190.26,0.0,1500.0,113.704149
C16801,1441.591027,222.44,0.0,222.44,0.0,1500.0,622.574342
C16802,1594.72697,0.0,0.0,0.0,266.997482,3000.0,662.208086
C16803,3771.944203,786.92,299.21,487.71,960.999868,4500.0,1857.229391
C16804,2382.49454,0.0,0.0,0.0,2795.907452,3000.0,434.164247
C16805,331.554753,146.22,146.22,0.0,2819.32368,3000.0,4647.909943
C16806,3345.311478,767.13,20.0,747.13,0.0,3000.0,976.91687
C16807,4338.558856,5677.76,1640.55,4037.21,0.0,5500.0,1897.437629
C16808,37.618883,952.8,0.0,952.8,0.0,2000.0,938.376189
C16809,1670.918981,1543.83,1406.33,137.5,899.326582,7000.0,757.409319
C16810,1465.996562,2498.92,222.99,2275.93,0.0,3500.0,676.452393
C16811,2079.82381,1021.9,1021.9,0.0,812.559357,3000.0,570.959953
C16812,16259.44857,5024.68,3582.45,1442.23,328.698275,18000.0,4987.235359
C16813,8.111284,122.58,0.0,122.58,0.0,3400.0,206.903715
C16814,2590.469749,459.12,422.0,37.12,0.0,2900.0,584.70712
C16815,57.491021,785.96,383.84,402.12,0.0,3500.0,684.853812
C16816,1209.613646,874.68,0.0,874.68,7663.906258,3500.0,8261.89726
C16817,173.331107,1301.44,916.8,384.64,0.0,4000.0,954.989463
C16818,4972.108843,2072.57,45.65,2026.92,0.0,4500.0,1497.318035
C16819,19.312066,334.8,0.0,334.8,0.0,5000.0,499.339328
C16820,23.852869,123.75,123.75,0.0,0.0,2500.0,339.525567
C16821,3043.796467,1410.95,1270.97,139.98,1345.522967,11500.0,834.226677
C16822,539.581502,0.0,0.0,0.0,2296.860678,1200.0,2443.777007
C16823,348.342172,11878.25,7958.96,3919.29,0.0,6000.0,11845.84124
C16824,1635.964498,0.0,0.0,0.0,158.919459,1700.0,464.891311
C16825,1083.379171,9.9,0.0,9.9,0.0,1900.0,186.923852
C16826,972.958145,100.0,100.0,0.0,37.470292,1000.0,318.226488
C16827,1121.15859,202.2,120.0,82.2,79.037888,1200.0,380.402296
C16828,1597.911395,0.0,0.0,0.0,162.919727,1800.0,548.420841
C16829,1695.994646,478.99,478.99,0.0,855.646549,2000.0,2546.457101
C16831,2521.094992,2326.16,875.37,1450.79,0.0,3000.0,3983.238602
C16832,109.697529,1530.37,1530.37,0.0,0.0,1200.0,1681.146226
C16833,631.858702,75.25,0.0,75.25,0.0,1200.0,1458.6444
C16834,98.252565,1021.24,0.0,1021.24,0.0,3000.0,1080.276225
C16835,3347.229846,480.0,0.0,480.0,1760.145824,3500.0,1265.606632
C16836,173.23165,1555.85,1555.85,0.0,0.0,1500.0,8494.566989
C16837,6280.767092,0.0,0.0,0.0,3385.339487,10500.0,1782.28106
C16838,1299.554504,0.0,0.0,0.0,3955.560549,2500.0,2084.109173
C16839,10.288205,324.0,0.0,324.0,0.0,1500.0,555.119249
C16840,23.083392,447.96,0.0,447.96,0.0,1500.0,287.049312
C16841,553.253321,0.0,0.0,0.0,975.662025,1800.0,1098.758855
C16842,52.511818,0.0,0.0,0.0,682.164088,3000.0,1011.119851
C16843,63.524092,145.7,145.7,0.0,493.123696,1500.0,607.546663
C16844,1608.163254,1130.6,1130.6,0.0,682.525873,2500.0,1152.859524
C16845,51.581189,384.89,120.0,264.89,0.0,6000.0,213.515669
C16847,160.492501,897.45,897.45,0.0,0.0,1200.0,606.996033
C16849,915.857804,275.41,275.41,0.0,0.0,1200.0,1268.395148
C16850,32.807257,304.0,0.0,304.0,0.0,3000.0,364.316697
C16851,2.322666,51.0,0.0,51.0,0.0,2900.0,0.0
C16852,2033.51327,2274.46,1350.45,924.01,0.0,6000.0,1080.054078
C16854,2325.373366,0.0,0.0,0.0,327.662218,2500.0,679.52543
C16855,20.502046,53.36,0.0,53.36,0.0,2500.0,88.897909
C16856,1991.277745,56.7,56.7,0.0,1159.173849,3000.0,534.718227
C16857,5487.071216,2435.09,518.05,1917.04,3052.71063,7500.0,1298.306155
C16858,1016.712614,0.0,0.0,0.0,128.829302,4000.0,430.136625
C16859,76.096025,71.22,0.0,71.22,0.0,1500.0,216.059115
C16860,44.350816,1144.35,1077.45,66.9,0.0,500.0,1618.479121
C16861,1690.244293,0.0,0.0,0.0,272.677146,3000.0,547.687792
C16862,1438.959962,242.01,122.01,120.0,36.887704,1500.0,318.521195
C16863,1508.132993,0.0,0.0,0.0,2418.319143,2500.0,379.847536
C16864,1655.668019,281.3,111.3,170.0,531.572063,2000.0,356.436938
C16865,1654.795346,2530.48,1219.22,1311.26,881.045538,2500.0,1294.563221
C16866,3381.942128,0.0,0.0,0.0,2018.855558,4500.0,963.106808
C16867,5.116471,50.2,50.2,0.0,0.0,1000.0,200.963332
C16868,5211.797605,169.67,169.67,0.0,5607.28304,6000.0,6080.457549
C16869,4487.993384,1654.94,464.5,1190.44,2132.805215,7500.0,1570.050378
C16870,300.81906,0.0,0.0,0.0,1983.897997,3000.0,319.716795
C16871,14.074548,39.0,0.0,39.0,0.0,1500.0,98.947093
C16872,544.314078,111.8,111.8,0.0,912.814627,1200.0,135.415952
C16873,2716.48667,3362.94,1560.0,1802.94,0.0,8500.0,2369.634112
C16874,1243.250958,1680.0,0.0,1680.0,0.0,4500.0,1105.142936
C16875,1452.221132,1500.0,0.0,1500.0,0.0,4500.0,3686.798285
C16876,512.011287,3837.1,1564.32,2272.78,0.0,6000.0,3827.939809
C16877,364.391307,0.0,0.0,0.0,1658.424947,1800.0,0.0
C16878,1088.936666,724.98,91.93,633.05,0.0,1000.0,902.612608
C16880,412.385505,0.0,0.0,0.0,125.631015,1500.0,1543.55933
C16881,1474.990634,4469.59,2836.63,1632.96,0.0,4000.0,4337.964147
C16882,28.486124,130.26,0.0,130.26,0.0,2500.0,325.966302
C16883,2182.907415,0.0,0.0,0.0,210.601451,2500.0,586.800064
C16884,812.839893,1160.09,932.09,228.0,3129.703318,2000.0,4900.523879
C16885,823.003516,432.0,0.0,432.0,0.0,1500.0,212.326548
C16886,40.640681,441.23,0.0,441.23,0.0,5000.0,379.012616
C16887,104.963063,35.74,0.0,35.74,0.0,1500.0,71.588986
C16888,605.744452,119.0,119.0,0.0,0.0,1800.0,253.057215
C16889,777.853474,0.0,0.0,0.0,1820.143378,2000.0,89.741508
C16890,1696.465412,219.07,219.07,0.0,1237.454039,1800.0,1251.496096
C16891,65.701893,528.06,128.06,400.0,0.0,1800.0,509.587601
C16892,4364.383487,3214.19,297.0,2917.19,1105.738809,4000.0,2611.595905
C16893,6.793588,2634.37,1773.4,860.97,0.0,4000.0,4144.707044
C16894,63.047104,766.56,175.0,591.56,0.0,2900.0,777.890206
C16895,3895.677052,144.77,79.99,64.78,6492.291188,10000.0,5709.895929
C16896,1477.960998,349.25,0.0,349.25,0.0,1500.0,528.615684
C16897,900.241238,1674.32,1200.7,473.62,0.0,1500.0,66.610309
C16898,234.16953,819.15,774.15,45.0,0.0,5000.0,1077.230161
C16899,31.744161,465.5,0.0,513.0,0.0,2500.0,767.462556
C16900,701.01727,19.96,19.96,0.0,153.597768,3500.0,218.851473
C16901,3560.977973,3129.67,2229.42,900.25,283.696848,5000.0,854.446327
C16902,292.888058,426.0,0.0,426.0,2047.303874,2500.0,2212.216039
C16903,37.759404,398.64,0.0,398.64,0.0,2500.0,429.594704
C16904,5699.475671,0.0,0.0,0.0,1423.440294,6000.0,1422.889138
C16905,61.080098,729.6,0.0,729.6,0.0,2500.0,733.044687
C16906,2989.558429,0.0,0.0,0.0,4172.785661,6000.0,894.936707
C16907,29.360369,520.3,424.5,95.8,0.0,4000.0,381.22527
C16908,1396.413738,312.66,204.0,108.66,280.925255,1800.0,594.159059
C16909,82.902896,430.43,0.0,430.43,0.0,2500.0,315.075002
C16910,736.736738,1171.5,1003.54,167.96,0.0,4000.0,2092.544158
C16911,179.357206,497.15,497.15,0.0,0.0,1200.0,291.121154
C16912,55.039565,571.52,0.0,571.52,0.0,3000.0,596.54897
C16913,2.611795,43.08,43.08,0.0,0.0,300.0,143.823981
C16914,2303.266119,740.73,324.88,415.85,3521.638805,5000.0,3241.098168
C16915,1778.035758,449.0,449.0,0.0,0.0,3500.0,429.538574
C16916,1806.557876,235.9,47.0,188.9,1292.92879,2000.0,746.986805
C16917,895.308285,0.0,0.0,0.0,59.226322,1000.0,304.93211
C16918,80.607988,1638.3,0.0,1638.3,0.0,6000.0,1589.707781
C16919,92.261256,666.68,0.0,666.68,0.0,900.0,2510.558599
C16920,1647.860393,1510.0,0.0,1510.0,2993.136369,3500.0,3927.022653
C16921,1188.651458,822.96,156.0,666.96,0.0,1200.0,801.255647
C16922,1060.274411,404.24,404.24,0.0,0.0,1500.0,1024.733353
C16923,92.876617,922.74,0.0,922.74,0.0,3000.0,897.050714
C16924,1586.128233,185.0,185.0,0.0,412.306268,2500.0,547.767021
C16925,974.130505,482.8,322.98,159.82,0.0,4500.0,567.680103
C16926,2465.684327,467.7,467.7,0.0,934.710802,3000.0,784.234756
C16927,1038.465061,264.8,0.0,264.8,0.0,1000.0,418.812352
C16928,98.039262,258.36,0.0,258.36,0.0,1500.0,146.073798
C16929,177.551278,66.25,0.0,66.25,0.0,2500.0,2283.641666
C16930,1728.948802,148.0,148.0,0.0,3521.786884,6100.0,2441.612338
C16931,947.223495,0.0,0.0,0.0,648.548716,6500.0,2415.827922
C16932,528.917839,647.69,483.59,164.1,0.0,1000.0,390.696467
C16933,156.72326,1776.76,0.0,1776.76,0.0,9600.0,1339.303085
C16934,1250.526799,2576.81,2576.81,0.0,599.535996,3750.0,3811.567017
C16935,3559.634883,7654.81,6984.29,670.52,0.0,7000.0,2785.055072
C16936,4.766639,32.22,0.0,32.22,0.0,6000.0,185.232035
C16937,1928.13296,2133.15,1272.55,860.6,887.278353,5900.0,971.9261
C16938,462.918623,3497.99,626.85,2871.14,0.0,3000.0,3581.048471
C16939,339.039307,345.66,45.65,300.01,0.0,1000.0,102.011016
C16940,1532.106106,1478.98,934.6,544.38,0.0,3000.0,1016.511227
C16941,65.652855,480.0,0.0,480.0,0.0,1400.0,444.504448
C16942,1386.949394,227.56,177.56,50.0,960.590608,3000.0,319.354
C16943,497.510544,569.94,141.4,428.54,1297.077512,2900.0,770.283123
C16944,1817.150299,596.5,0.0,596.5,1736.759805,3000.0,891.637597
C16945,57.077581,698.44,95.14,603.3,0.0,6000.0,525.904806
C16946,1821.040307,166.38,116.38,50.0,1682.602932,5000.0,3388.896555
C16947,988.749349,0.0,0.0,0.0,6085.7392,5000.0,4937.146727
C16948,1842.11833,83.31,0.0,83.31,0.0,2000.0,603.296946
C16949,1210.309338,182.28,182.28,0.0,216.289445,1300.0,512.657226
C16950,477.45278,71.48,71.48,0.0,0.0,700.0,322.357201
C16951,14.012088,165.09,0.0,165.09,0.0,5000.0,218.895476
C16952,1308.126179,102.75,0.0,102.75,0.0,3000.0,865.740388
C16953,1082.653038,343.22,343.22,0.0,0.0,1200.0,510.918269
C16954,1055.99498,1482.18,1482.18,0.0,0.0,1500.0,1418.618359
C16955,1060.391273,0.0,0.0,0.0,1475.858013,2000.0,407.36056
C16956,559.730777,0.0,0.0,0.0,299.524277,800.0,455.384879
C16957,150.351174,1039.92,0.0,1039.92,0.0,1000.0,984.158369
C16958,1347.505936,0.0,0.0,0.0,547.390756,1500.0,263.430572
C16959,856.619236,0.0,0.0,0.0,18.117967,900.0,220.18909
C16960,97.617137,736.0,736.0,0.0,0.0,1500.0,0.0
C16961,915.932014,45.65,45.65,0.0,0.0,1000.0,224.596651
C16962,1425.606151,103.0,103.0,0.0,0.0,1500.0,590.37153
C16963,12.423324,21.99,0.0,21.99,0.0,4000.0,0.0
C16964,7.315575,107.0,107.0,0.0,0.0,4000.0,588.015945
C16965,258.837282,831.6,0.0,831.6,0.0,2500.0,366.15467
C16966,114.806604,675.0,0.0,675.0,0.0,1000.0,671.28341
C16967,25.576426,225.0,0.0,225.0,0.0,2700.0,232.652483
C16968,1139.648949,0.0,0.0,0.0,73.875442,1200.0,298.183864
C16969,6767.138783,999.97,807.71,192.26,1960.373647,7500.0,4114.602852
C16970,1251.26572,494.04,0.0,494.04,0.0,1000.0,179.372971
C16971,155.676255,990.33,990.33,0.0,0.0,4000.0,1006.564682
C16972,28.178604,208.6,0.0,208.6,0.0,1000.0,186.560331
C16973,1118.724569,0.0,0.0,0.0,1963.807815,2000.0,193.30886
C16974,2347.486095,0.0,0.0,0.0,1957.749127,2950.0,3781.991205
C16975,900.292445,0.0,0.0,0.0,1103.829113,1400.0,190.33293
C16976,3447.523748,6341.55,3232.26,3109.29,2307.775197,5000.0,5575.894258
C16977,424.994385,1200.0,1200.0,0.0,0.0,1200.0,57.266292
C16978,30.957159,426.25,0.0,653.55,0.0,1200.0,460.814602
C16979,2284.316297,239.26,0.0,239.26,2794.719183,3000.0,1918.74596
C16980,3695.634133,0.0,0.0,0.0,2438.708269,4000.0,973.155092
C16981,14.480094,134.6,0.0,134.6,0.0,3000.0,155.845232
C16982,1722.475015,115.91,45.65,70.26,146.607859,1900.0,442.944623
C16983,202.326177,1800.0,0.0,1800.0,0.0,1000.0,1502.595015
C16984,7.166625,62.0,0.0,62.0,0.0,3000.0,132.643754
C16985,59.315679,145.58,0.0,145.58,0.0,1000.0,0.0
C16986,1575.794134,3181.47,1588.78,1592.69,448.17047,2100.0,2345.315745
C16987,489.343503,1446.44,1093.24,353.2,0.0,3500.0,1223.217883
C16988,665.285049,0.0,0.0,0.0,18.766426,700.0,45.650296
C16989,11.13998,200.0,0.0,200.0,0.0,3000.0,338.521478
C16990,1708.506241,0.0,0.0,0.0,236.443443,2000.0,702.214941
C16991,119.368715,339.11,611.65,12.41,87.547315,6500.0,107.203529
C16992,255.851136,311.8,0.0,311.8,0.0,2500.0,709.240603
C16993,499.751638,468.6,0.0,468.6,0.0,1200.0,1092.978851
C16994,7196.553011,0.0,0.0,0.0,8195.684678,9000.0,3335.3032
C16995,4619.500393,1870.8,1148.75,722.05,0.0,5000.0,2296.399555
C16996,77.653879,473.62,340.48,133.14,1260.284262,1800.0,1572.10707
C16997,1906.550855,1244.37,83.53,1160.84,0.0,1800.0,1182.12849
C16998,0.704307,963.9,607.28,356.62,0.0,3000.0,1502.662849
C16999,71.558308,650.0,650.0,0.0,0.0,2500.0,3804.775151
C17000,103.622401,351.5,0.0,351.5,0.0,3000.0,350.616751
C17001,3.76029,45.0,0.0,45.0,0.0,3000.0,1895.798955
C17002,847.349752,295.83,0.0,295.83,988.908614,1000.0,70.777666
C17003,711.922203,197.21,197.21,0.0,0.0,1500.0,1781.472773
C17004,11.64104,167.22,0.0,167.22,0.0,4000.0,167.751977
C17005,770.636646,0.0,0.0,0.0,1615.027379,1500.0,809.365677
C17006,300.11949,2811.86,2006.8,805.06,0.0,800.0,2501.680369
C17007,16.840922,30.57,0.0,30.57,0.0,4000.0,501.663366
C17008,43.633541,385.76,0.0,385.76,0.0,5000.0,391.229684
C17009,190.056883,501.88,25.0,476.88,0.0,2000.0,493.981832
C17010,1806.845374,0.0,0.0,0.0,3525.726761,6000.0,587.553145
C17011,1151.703776,541.75,541.75,0.0,0.0,1800.0,2140.934561
C17012,251.273637,1861.74,1861.74,0.0,0.0,3000.0,195.73661
C17013,599.116168,947.07,815.07,132.0,508.477816,3000.0,1654.58686
C17014,6342.561972,0.0,0.0,0.0,3444.929414,10500.0,1351.732415
C17015,230.337567,2219.39,287.0,1932.39,0.0,2000.0,1044.263246
C17016,126.945696,1086.26,0.0,1086.26,0.0,4500.0,981.005079
C17017,1456.530313,210.09,128.4,81.69,1785.86516,2000.0,423.100779
C17018,553.534453,1682.36,1440.14,242.22,0.0,1900.0,677.969663
C17019,128.982891,237.0,0.0,237.0,0.0,5000.0,192.681715
C17020,931.827906,0.0,0.0,0.0,2937.591809,3500.0,2995.213811
C17021,1091.74471,729.47,566.52,162.95,0.0,1500.0,2118.665123
C17022,694.409019,80.0,0.0,80.0,0.0,5000.0,767.024618
C17023,2007.955223,2542.75,1187.23,1355.52,0.0,7000.0,5044.600878
C17024,34.600595,359.5,0.0,359.5,0.0,5000.0,449.718054
C17025,315.125494,1890.09,1013.3,876.79,0.0,4000.0,1548.950633
C17026,9321.555794,334.9,0.0,334.9,9463.245088,10000.0,2029.431421
C17027,1458.115876,1050.6,1050.6,0.0,358.881155,1500.0,1232.660721
C17028,15.491884,84.0,0.0,84.0,0.0,5000.0,178.18272
C17029,1179.395773,0.0,0.0,0.0,1393.998578,1500.0,128.881941
C17030,1593.467543,0.0,0.0,0.0,1889.339793,2000.0,173.71666
C17031,58.557694,319.34,319.34,0.0,273.998025,1200.0,353.924067
C17032,1174.657795,1158.02,325.52,832.5,1635.172156,2000.0,499.788236
C17033,6.96194,80.43,0.0,80.43,0.0,1000.0,140.958283
C17034,162.046468,1768.05,0.0,1768.05,0.0,5000.0,1668.054457
C17035,1108.316745,480.7,0.0,480.7,2856.358168,2500.0,2884.208351
C17036,1343.938904,0.0,0.0,0.0,38.529264,1500.0,284.321607
C17037,1098.52228,285.24,0.0,285.24,0.0,1200.0,554.294411
C17038,23.436171,329.86,157.0,172.86,0.0,5000.0,187.258841
C17039,5899.427294,0.0,0.0,0.0,2845.745739,9000.0,2760.879055
C17040,25.25977,366.66,0.0,366.66,0.0,500.0,1073.058459
C17041,10.801231,70.0,0.0,70.0,0.0,1200.0,45.214284
C17042,72.575706,0.0,0.0,0.0,907.958603,1000.0,2988.425347
C17043,1259.179009,99.77,54.13,45.64,0.0,1500.0,643.17199
C17044,133.724675,1499.94,0.0,1499.94,0.0,5000.0,1353.4934
C17045,592.466798,5629.41,0.0,6229.41,0.0,6000.0,5723.333315
C17046,4338.877278,0.0,0.0,0.0,5705.426498,6000.0,217.059511
C17047,1337.107101,466.67,0.0,466.67,0.0,1500.0,555.683726
C17048,32.381593,445.7,0.0,445.7,0.0,2500.0,563.718775
C17049,340.014453,2619.2,2472.56,146.64,0.0,4000.0,2540.900415
C17050,14.04272,47.79,47.79,0.0,0.0,1200.0,62.177249
C17051,2972.091316,370.4,235.4,135.0,5078.251311,8500.0,3078.100417
C17052,1607.551793,0.0,0.0,0.0,4078.383904,2500.0,3636.677131
C17053,988.405365,637.97,45.65,592.32,38.322217,1000.0,864.471651
C17054,1154.241515,102.0,102.0,0.0,98.317922,1200.0,312.440002
C17055,2230.477487,0.0,0.0,0.0,2480.833949,2500.0,391.306121
C17056,826.688625,19.88,19.88,0.0,869.246203,900.0,1072.638864
C17057,650.667796,1059.26,924.26,135.0,0.0,1200.0,184.434921
C17058,1.310749,29.9,29.9,0.0,0.0,6000.0,38.718362
C17059,56.726412,268.68,0.0,268.68,0.0,3500.0,261.671184
C17060,676.588508,0.0,0.0,0.0,1830.79614,2000.0,1858.706202
C17062,92.119709,499.98,0.0,499.98,0.0,1500.0,471.641077
C17063,368.687038,0.0,0.0,0.0,1587.748905,2000.0,2115.925455
C17064,1592.221829,616.95,452.88,164.07,109.299409,2000.0,522.169095
C17065,9.153671,126.6,0.0,126.6,0.0,2900.0,134.386353
C17066,1296.646998,0.0,0.0,0.0,148.520664,1500.0,424.063067
C17067,0.0,0.0,0.0,0.0,100.51993,2000.0,0.0
C17068,1256.460026,1313.0,1313.0,0.0,0.0,1200.0,1440.244979
C17069,68.448626,51.7,0.0,51.7,0.0,2500.0,145.632497
C17070,82.784219,431.28,431.28,0.0,0.0,3000.0,734.818798
C17071,1362.522626,62.25,0.0,62.25,56.644654,1500.0,349.397408
C17072,3520.616355,1675.91,947.7,728.21,10213.65297,10000.0,3148.054919
C17073,1728.280785,0.0,0.0,0.0,2552.869584,2500.0,1028.314286
C17074,1413.236934,574.95,121.3,453.65,58.379957,1500.0,963.80147
C17075,4.334047,73.17,0.0,73.17,0.0,2900.0,160.363635
C17076,6.955591,630.42,342.53,287.89,0.0,4000.0,671.281725
C17077,93.977513,389.44,0.0,389.44,0.0,2500.0,455.962105
C17078,3457.722387,229.0,229.0,0.0,2102.258461,8000.0,3679.035805
C17079,31.475251,479.96,0.0,479.96,0.0,2500.0,431.591387
C17080,1676.457032,0.0,0.0,0.0,271.277923,1800.0,788.245672
C17081,8.76802,0.0,0.0,0.0,78.259015,1200.0,152.786639
C17082,2135.744209,1342.31,241.75,1100.56,1993.285912,8000.0,5720.735722
C17083,51.46642,0.0,0.0,0.0,469.836414,1000.0,2801.977685
C17084,1579.871382,3248.83,1933.93,1314.9,4232.135689,6500.0,3620.440772
C17085,37.022109,247.92,0.0,247.92,0.0,4000.0,227.869425
C17086,344.023581,1551.27,944.77,606.5,0.0,6500.0,1779.381962
C17087,3029.388362,71.99,0.0,71.99,4865.41145,7500.0,887.3365
C17088,212.620261,172.61,172.61,0.0,0.0,7000.0,5359.784024
C17089,1460.077343,79.8,79.8,0.0,3494.069968,2500.0,1967.368185
C17090,837.631184,0.0,0.0,0.0,867.928181,1000.0,47.1444
C17091,347.251558,210.8,0.0,210.8,0.0,2500.0,193.95584
C17092,720.995394,547.46,457.46,90.0,455.540479,900.0,315.918387
C17093,42.852743,381.2,0.0,381.2,0.0,2500.0,330.100638
C17094,5429.735607,1000.0,1000.0,0.0,3807.688019,6000.0,2686.360691
C17095,1807.764778,1666.2,0.0,1666.2,0.0,1500.0,1662.438437
C17096,776.585568,773.36,119.8,653.56,0.0,3000.0,1169.758034
C17097,1026.220651,0.0,0.0,0.0,452.176025,1500.0,263.839295
C17098,2702.523396,229.25,0.0,229.25,4214.846529,7500.0,1563.077507
C17099,2629.276828,0.0,0.0,0.0,3492.909117,3500.0,1478.753996
C17100,311.987575,684.24,0.0,684.24,0.0,1000.0,2154.534733
C17101,3270.441222,848.0,848.0,0.0,0.0,4500.0,1143.616386
C17102,832.774626,416.76,0.0,416.76,0.0,1000.0,169.674083
C17103,1157.005745,0.0,0.0,0.0,476.711979,1200.0,855.075968
C17104,350.819852,0.0,0.0,0.0,1056.46058,1200.0,119.701887
C17105,3558.14254,4689.03,4071.13,617.9,0.0,5000.0,1078.201925
C17106,942.555708,150.0,0.0,150.0,1066.604854,1200.0,1445.633559
C17107,51.469651,1169.0,0.0,1169.0,0.0,1900.0,915.66564
C17108,20.42609,114.0,114.0,0.0,0.0,4000.0,520.598144
C17109,4.045339,35.0,0.0,35.0,0.0,7500.0,122.129596
C17110,114.764518,1067.5,850.6,216.9,0.0,4000.0,577.184902
C17111,0.737154,427.5,0.0,427.5,0.0,1500.0,443.007864
C17112,98.935446,1002.0,0.0,1002.0,0.0,1500.0,1863.921412
C17113,2292.167319,468.36,249.0,219.36,472.378556,6000.0,1042.879923
C17114,242.450349,223.6,55.6,168.0,0.0,4500.0,1358.034176
C17115,1575.327024,0.0,0.0,0.0,1903.985872,3500.0,628.807815
C17116,990.45604,0.0,0.0,0.0,18.724916,1000.0,217.320342
C17117,574.416538,376.2,0.0,376.2,0.0,1500.0,1100.109444
C17118,2545.706139,2443.2,0.0,2443.2,0.0,6000.0,6540.889639
C17119,234.36305,668.27,0.0,668.27,0.0,4000.0,143.21216
C17120,14.002192,76.0,0.0,76.0,0.0,5000.0,186.022727
C17121,1062.485488,0.0,0.0,0.0,1356.070364,6500.0,3602.698387
C17122,379.74055,1348.41,546.21,802.2,0.0,1300.0,430.736402
C17123,1060.345397,0.0,0.0,0.0,119.746155,1200.0,263.793622
C17124,875.738933,595.86,284.5,311.36,290.519119,1000.0,667.966217
C17125,37.307085,363.38,0.0,363.38,36.363896,1200.0,284.093261
C17126,750.150798,1235.39,1235.39,0.0,887.597551,2000.0,2002.428473
C17127,65.45872,570.96,0.0,570.96,0.0,1000.0,445.823378
C17128,239.946118,0.0,0.0,0.0,719.007929,6000.0,1015.947851
C17129,100.123394,320.0,0.0,320.0,0.0,1000.0,161.356208
C17130,526.858793,0.0,0.0,0.0,2359.300912,2500.0,118.044156
C17131,209.506832,0.0,0.0,0.0,672.244034,700.0,212.752075
C17132,3767.229899,0.0,0.0,0.0,4871.925128,5500.0,2574.272358
C17133,1682.892726,2996.92,2282.59,714.33,0.0,5000.0,1222.419114
C17134,799.255519,0.0,0.0,0.0,1494.880019,1400.0,888.735185
C17135,673.982097,110.0,0.0,110.0,0.0,1000.0,789.587001
C17136,22.366132,502.54,502.54,0.0,0.0,450.0,907.540077
C17137,27.539766,578.0,0.0,578.0,0.0,5000.0,780.002496
C17138,1854.659145,151.69,151.69,0.0,443.392028,2000.0,496.543523
C17139,803.68596,1690.93,1690.93,0.0,0.0,1200.0,1783.396008
C17140,795.497557,0.0,0.0,0.0,5676.779668,50.0,7570.207782
C17141,89.22671,930.0,0.0,930.0,0.0,1000.0,1205.16186
C17142,37.683028,356.27,1.4,354.87,0.0,6500.0,96.582811
C17143,26.800912,163.2,0.0,163.2,0.0,3000.0,144.275838
C17144,561.157673,0.0,0.0,0.0,244.504364,1500.0,456.999782
C17145,670.120718,0.0,0.0,0.0,12281.83439,1200.0,12485.43289
C17146,1032.398861,924.34,538.06,386.28,1030.464188,1200.0,2011.28106
C17147,488.623392,0.0,0.0,0.0,328.292364,700.0,175.301978
C17148,2073.611538,0.0,0.0,0.0,108.209814,8500.0,3838.187983
C17149,621.901025,573.36,455.0,118.36,0.0,1100.0,875.900693
C17150,69.920933,680.0,0.0,680.0,0.0,3500.0,668.711777
C17151,293.979281,45.65,45.65,0.0,0.0,1800.0,486.063311
C17152,1608.490095,91.0,46.0,45.0,1756.688037,3000.0,492.928487
C17153,3099.551098,69.8,69.8,0.0,2317.754635,7000.0,4393.869532
C17154,2534.994214,569.2,315.87,253.33,2056.894621,5000.0,836.699278
C17156,649.566721,245.77,245.77,0.0,1511.89442,3000.0,432.966217
C17157,75.9863,986.0,0.0,986.0,0.0,1000.0,807.394469
C17158,452.907592,0.0,0.0,0.0,1584.255192,2500.0,230.076354
C17159,2616.764771,72.9,0.0,72.9,4308.339621,5000.0,332.345466
C17160,1618.393031,833.36,0.0,833.36,0.0,1500.0,962.749997
C17161,67.593395,619.59,619.59,0.0,0.0,4000.0,997.081601
C17162,0.0,393.29,45.65,347.64,0.0,1000.0,0.0
C17163,1725.664332,383.45,0.0,383.45,127.673881,1800.0,956.531234
C17164,185.924664,617.98,617.98,0.0,0.0,1200.0,58.469887
C17165,0.41367,1187.42,1187.42,0.0,0.0,6000.0,1214.034802
C17166,187.516986,0.0,0.0,0.0,823.171535,4500.0,899.369544
C17167,47.336863,464.95,134.9,330.05,0.0,1000.0,424.138187
C17168,4481.413948,1385.56,250.0,1135.56,1308.516411,4500.0,1517.623087
C17169,14.371243,294.28,0.0,294.28,0.0,2500.0,506.189083
C17170,48.578408,673.1,646.61,26.49,0.0,6000.0,665.773943
C17172,27.533451,187.5,0.0,187.5,0.0,2000.0,280.02494
C17173,18.527285,274.92,0.0,274.92,0.0,1000.0,253.155177
C17174,528.023703,770.05,109.4,660.65,286.123717,1500.0,748.204441
C17175,51.65143,398.98,0.0,398.98,0.0,2500.0,452.347581
C17176,2.484819,41.2,41.2,0.0,0.0,2000.0,91.092518
C17177,4761.19131,4085.81,3157.31,928.5,4023.466646,7500.0,1266.516033
C17178,50.848135,643.6,0.0,643.6,0.0,1400.0,440.20021
C17179,440.341344,1019.33,180.0,839.33,0.0,5000.0,1697.366202
C17180,6.104302,134.97,0.0,134.97,0.0,4000.0,202.780964
C17181,177.602057,2863.31,2407.53,455.78,832.203874,1500.0,3344.466066
C17182,10.805893,76.51,50.93,25.58,0.0,2500.0,0.0
C17183,2493.589343,4655.55,3299.43,1356.12,0.0,6500.0,1231.610235
C17184,2620.873322,450.0,0.0,450.0,1525.378257,3000.0,981.480493
C17185,916.627912,155.96,0.0,155.96,0.0,1200.0,717.21209
C17186,3300.735817,0.0,0.0,0.0,2115.782999,4000.0,674.711298
C17187,29.60298,144.94,0.0,144.94,0.0,5000.0,249.685121
C17188,1088.505102,84.99,84.99,0.0,1732.031229,2000.0,82.0748
C17189,1893.423054,650.04,0.0,650.04,390.362711,2000.0,775.769041
C17190,72.025683,891.28,0.0,891.28,0.0,10000.0,7220.399443
C17191,2684.333591,1958.59,1537.82,420.77,0.0,4000.0,1115.39686
C17192,46.795701,1.4,1.4,0.0,189.110391,4500.0,0.0
C17193,45.66329,77.0,77.0,0.0,0.0,300.0,569.468306
C17194,766.810346,0.0,0.0,0.0,1095.216749,4000.0,605.021251
C17195,1399.595729,1004.98,474.58,530.4,216.03202,1800.0,553.872653
C17196,89.567592,990.73,990.73,0.0,0.0,4000.0,2626.23328
C17197,255.4001,630.03,630.03,0.0,0.0,3000.0,294.185139
C17198,1004.262002,150.0,0.0,150.0,0.0,1000.0,390.113261
C17199,912.87668,4337.19,2910.63,1426.56,898.684405,2500.0,4100.813557
C17200,43.561434,391.32,0.0,391.32,0.0,1000.0,357.097464
C17201,920.095743,0.0,0.0,0.0,2926.134036,4500.0,989.548331
C17202,4931.589653,0.0,0.0,0.0,379.770302,5000.0,1026.639661
C17203,186.25802,0.0,0.0,0.0,463.742544,4000.0,763.120271
C17204,374.631961,2961.46,1961.46,1000.0,0.0,1600.0,3499.936377
C17205,84.366783,776.92,776.92,0.0,0.0,3000.0,752.509422
C17206,1088.056301,0.0,0.0,0.0,1572.596837,1200.0,1865.52686
C17207,82.227363,1108.36,869.16,239.2,0.0,3000.0,791.871856
C17208,49.401973,373.34,310.0,63.34,0.0,5000.0,584.836547
C17209,49.269195,213.75,0.0,213.75,0.0,2500.0,196.765989
C17210,1379.68959,1632.88,1508.9,123.98,0.0,6500.0,958.185395
C17211,2656.634533,450.45,323.8,126.65,886.135972,3000.0,929.632134
C17212,222.957451,0.0,0.0,0.0,1512.015822,1500.0,1856.738688
C17213,74.195316,796.56,0.0,796.56,0.0,2500.0,772.022619
C17214,314.495423,1503.26,1192.26,311.0,0.0,4000.0,1230.180271
C17215,1274.544399,0.0,0.0,0.0,1269.320949,2500.0,467.950231
C17216,63.738066,961.86,0.0,961.86,0.0,5000.0,905.343134
C17217,1779.796624,50.37,0.0,50.37,0.0,2000.0,578.775786
C17218,2705.026656,0.0,0.0,0.0,5760.383488,6500.0,1266.3564
C17219,119.237712,342.74,0.0,342.74,0.0,2000.0,327.166041
C17220,73.635031,1063.65,420.24,643.41,0.0,7000.0,1051.282851
C17221,1281.911087,3173.5,0.0,3173.5,651.192848,1000.0,2757.343301
C17222,275.8837,424.44,0.0,424.44,0.0,2500.0,159.715319
C17223,1458.219714,701.52,0.0,701.52,0.0,1500.0,612.91894
C17224,1522.680962,0.0,0.0,0.0,272.151183,6500.0,592.120457
C17225,1118.057185,0.0,0.0,0.0,73.140635,1200.0,335.79384
C17226,1369.512062,589.94,0.0,589.94,0.0,5000.0,482.481306
C17227,28.320092,332.5,0.0,332.5,0.0,3000.0,812.371249
C17228,16.11487,313.25,0.0,313.25,0.0,3000.0,456.429011
C17229,91.029575,1055.7,0.0,1055.7,0.0,5000.0,1083.300243
C17230,2.299436,1337.18,86.6,1250.58,181.491612,4500.0,1686.830156
C17231,3120.738718,0.0,0.0,0.0,6125.592369,4800.0,3040.97074
C17232,1806.731926,229.0,229.0,0.0,3766.751558,5000.0,4637.083029
C17233,1004.526608,0.0,0.0,0.0,1090.788584,1200.0,65.437308
C17234,45.746204,170.0,170.0,0.0,1042.121023,1200.0,1327.700776
C17235,99.700878,912.98,912.98,0.0,284.659738,1200.0,1652.011127
C17236,1378.988523,45.0,45.0,0.0,0.0,1500.0,326.716166
C17237,2980.054695,26784.62,26514.32,270.3,0.0,30000.0,30029.01496
C17239,0.064811,111.84,0.0,111.84,0.0,1500.0,115.525496
C17240,341.58222,1691.22,0.0,1691.22,0.0,3000.0,1378.090415
C17241,1300.20423,96.69,96.69,0.0,0.0,1500.0,297.195559
C17242,5890.807655,901.6,901.6,0.0,4589.501068,10750.0,1366.889828
C17243,55.28905,610.47,0.0,610.47,0.0,2000.0,616.052713
C17244,0.0,278.0,0.0,278.0,0.0,1000.0,429.55698
C17245,2508.071641,217.5,217.5,0.0,2468.218219,3000.0,536.833697
C17246,189.463475,0.0,0.0,0.0,662.790719,500.0,1082.344709
C17247,166.514439,503.92,370.3,133.62,0.0,2500.0,142.308045
C17248,1752.637427,0.0,0.0,0.0,1770.461427,3000.0,859.631936
C17249,1978.729646,0.0,0.0,0.0,111.235788,6500.0,407.327265
C17250,120.94715,1242.55,0.0,1242.55,0.0,2000.0,2202.224677
C17251,191.314058,860.95,860.95,0.0,0.0,800.0,1001.313048
C17252,1512.574159,622.03,0.0,622.03,1344.577203,1800.0,1064.435406
C17253,71.837385,0.0,0.0,0.0,189.391686,1500.0,57.999563
C17254,1212.237847,400.0,0.0,400.0,1141.617933,1200.0,424.376685
C17255,2099.38356,556.52,537.0,19.52,1008.781338,3000.0,1100.700834
C17256,3105.528894,0.0,0.0,0.0,3752.986964,4500.0,445.629714
C17257,780.382656,0.0,0.0,0.0,1372.812459,1500.0,201.628458
C17258,7.297351,0.0,0.0,0.0,275.471932,2500.0,1022.595043
C17259,46.89543,682.64,0.0,682.64,0.0,2000.0,864.625632
C17260,1717.662673,209.62,0.0,209.62,1425.661833,3000.0,559.604995
C17261,274.604824,341.37,0.0,341.37,0.0,2500.0,101.053841
C17262,332.678531,0.0,0.0,0.0,2463.531694,2500.0,7547.470632
C17263,276.213858,449.86,0.0,449.86,0.0,1000.0,1605.512753
C17264,125.039376,1118.91,1118.91,0.0,19.094068,1800.0,1376.390319
C17265,4204.42117,74.99,0.0,74.99,2826.208633,4500.0,872.642121
C17266,900.229315,250.72,250.72,0.0,0.0,6500.0,2362.786253
C17267,0.0,0.0,0.0,0.0,147.241855,500.0,667.921811
C17268,1106.815562,0.0,0.0,0.0,176.181983,1200.0,310.991074
C17269,2793.274214,46.65,46.65,0.0,1423.863661,3000.0,1424.667783
C17270,366.111566,3482.9,1350.8,2132.1,348.857163,7500.0,3044.978061
C17271,91.597667,947.97,0.0,947.97,0.0,5000.0,876.723841
C17272,1085.316705,0.0,0.0,0.0,2339.490308,2500.0,166.510521
C17273,870.882167,1976.5,1276.5,700.0,146.371963,1500.0,467.583907
C17274,0.0,207.0,0.0,207.0,0.0,2500.0,0.0
C17275,11.441738,93.6,0.0,93.6,0.0,1900.0,603.723258
C17276,23.583209,199.32,0.0,199.32,0.0,1500.0,160.013341
C17277,969.139152,269.34,78.0,191.34,78.31266,2000.0,641.186755
C17278,1714.895872,1259.93,1134.96,124.97,1113.090333,2500.0,1609.219696
C17279,16.629043,286.56,0.0,286.56,0.0,1500.0,1080.55703
C17280,126.467835,319.34,0.0,319.34,0.0,2700.0,512.790367
C17281,23.111629,237.66,0.0,237.66,0.0,3000.0,538.820587
C17282,1155.787246,142.0,12.0,130.0,178.259834,1200.0,429.827489
C17283,679.508597,380.1,0.0,380.1,0.0,2500.0,443.106331
C17284,2583.654027,667.39,214.53,452.86,389.261392,6000.0,572.759229
C17285,1.59198,166.63,0.0,166.63,0.0,6000.0,331.28441
C17286,208.127012,1659.13,1341.29,317.84,0.0,5000.0,1296.563214
C17287,164.51282,0.0,0.0,0.0,145.563558,1200.0,1055.203377
C17288,38.251194,368.84,0.0,368.84,0.0,3000.0,417.861072
C17289,5.310611,234.0,0.0,234.0,0.0,1500.0,303.704799
C17290,265.920698,3148.36,2415.75,732.61,0.0,4000.0,3140.255647
C17291,904.395249,158.0,90.0,68.0,0.0,900.0,358.518609
C17292,2.508768,302.91,302.91,0.0,0.0,3000.0,287.749893
C17293,15.797437,195.0,0.0,195.0,0.0,2000.0,283.424488
C17294,831.835714,750.02,588.02,162.0,477.128277,1200.0,215.867749
C17295,263.581756,1944.26,700.0,1244.26,819.47409,2700.0,2628.464774
C17296,2.053676,74.0,0.0,74.0,0.0,6000.0,68.147484
C17297,2666.147576,0.0,0.0,0.0,2704.302935,3000.0,592.958317
C17298,974.52764,952.02,445.08,506.94,0.0,4000.0,1452.017727
C17299,7.388588,84.05,0.0,84.05,0.0,4000.0,171.883336
C17300,54.567517,0.0,0.0,0.0,207.390596,3000.0,276.975673
C17302,1186.616403,0.0,0.0,0.0,1496.629534,1500.0,1779.274853
C17303,990.780585,844.45,844.45,0.0,0.0,3000.0,530.463101
C17304,1486.652099,3670.46,2603.58,1066.88,371.312458,4000.0,1098.980289
C17305,918.22723,0.0,0.0,0.0,869.988157,1200.0,881.16504
C17306,1380.30715,664.83,0.0,664.83,1106.333559,2500.0,401.138062
C17307,44.63179,582.6,0.0,582.6,0.0,3000.0,854.15178
C17308,825.952638,1024.75,0.0,1024.75,0.0,1200.0,746.172552
C17309,1664.334555,862.95,862.95,0.0,0.0,1900.0,987.668179
C17310,1470.825974,220.7,0.0,220.7,400.571728,3000.0,782.80657
C17311,887.090835,4349.38,4026.08,323.3,0.0,3000.0,4388.029841
C17312,581.583282,124.65,124.65,0.0,0.0,600.0,312.63967
C17313,23.261586,252.0,0.0,252.0,0.0,2500.0,430.487291
C17314,12.333825,182.16,0.0,182.16,0.0,5000.0,150.287189
C17315,5577.636715,5244.8,2089.74,3155.06,0.0,12500.0,2823.945882
C17316,241.384531,335.0,99.0,236.0,0.0,1000.0,661.587172
C17317,311.54,2783.03,2007.26,775.77,0.0,2000.0,2924.377302
C17318,55.176498,283.02,0.0,283.02,0.0,1000.0,213.493415
C17319,33.146065,218.76,0.0,218.76,0.0,5000.0,199.280071
C17320,1536.477562,4258.57,3121.93,1136.64,0.0,5000.0,2660.323704
C17321,15.232505,384.0,0.0,384.0,0.0,1500.0,568.982664
C17322,315.588502,0.0,0.0,0.0,2966.464163,3000.0,7842.362894
C17323,28.939455,88.89,88.89,0.0,0.0,1500.0,167.408848
C17324,613.259699,0.0,0.0,0.0,57.112427,700.0,241.173093
C17325,9024.812044,0.0,0.0,0.0,2750.442399,9000.0,302.484224
C17326,3740.785208,0.0,0.0,0.0,3010.940233,10000.0,6038.594309
C17327,152.557222,1410.35,695.45,714.9,0.0,2500.0,1202.218177
C17328,5.993508,0.0,0.0,0.0,18.751913,500.0,46.268562
C17329,93.427011,772.8,772.8,0.0,0.0,1200.0,850.9555
C17330,69.79641,1175.88,0.0,1175.88,0.0,2000.0,1410.334754
C17331,1432.654644,604.52,178.16,426.36,0.0,1400.0,611.086937
C17332,22.56964,248.1,110.8,137.3,0.0,1200.0,111.212325
C17334,172.70596,55.0,0.0,55.0,0.0,1500.0,190.74504
C17335,21.966399,109.16,35.0,74.16,0.0,4000.0,125.832337
C17336,11.250371,141.12,0.0,141.12,0.0,5000.0,94.386204
C17337,1277.423486,533.73,213.98,319.75,606.668879,1500.0,1403.721157
C17338,1232.345324,0.0,0.0,0.0,369.262743,1700.0,299.568227
C17339,78.379827,865.07,0.0,865.07,0.0,5000.0,1255.249234
C17340,37.021347,133.35,0.0,133.35,0.0,2500.0,936.840542
C17341,7.099375,81.12,0.0,81.12,0.0,4000.0,157.006258
C17342,27.625906,234.48,0.0,234.48,0.0,2500.0,109.281131
C17343,214.436679,1986.7,0.0,1986.7,0.0,700.0,2186.981284
C17344,228.025747,2159.68,598.02,1561.66,0.0,3000.0,2161.393568
C17345,21.844186,169.56,0.0,169.56,0.0,2500.0,181.438267
C17346,416.601199,4266.25,2214.05,2052.2,0.0,4000.0,3822.475208
C17347,9.522029,458.0,458.0,0.0,0.0,3000.0,641.866089
C17348,815.229732,2371.92,0.0,2371.92,0.0,2000.0,1741.315136
C17349,337.616152,64.12,0.0,64.12,0.0,2000.0,422.115624
C17350,2388.410501,0.0,0.0,0.0,7529.012056,7000.0,1593.23412
C17351,2224.891476,211.05,211.05,0.0,4014.66362,3000.0,3615.055541
C17352,1162.054399,265.18,154.9,110.28,1216.25491,1500.0,292.523356
C17353,42.170547,588.0,0.0,588.0,0.0,2500.0,611.475897
C17354,211.1622,0.0,0.0,0.0,892.182389,1000.0,546.738575
C17355,1653.400854,100.0,100.0,0.0,2031.677435,2000.0,575.557594
C17356,4408.966613,505.79,112.49,393.3,1601.520906,5000.0,1210.835102
C17357,158.641614,779.35,779.35,0.0,0.0,1200.0,812.070417
C17358,50.078433,339.69,0.0,339.69,0.0,1200.0,76.455028
C17359,621.553537,0.0,0.0,0.0,5018.474514,2000.0,3406.081412
C17360,7.605458,89.75,0.0,89.75,0.0,4000.0,132.580643
C17361,231.859622,190.0,190.0,0.0,108.768879,1200.0,119.940752
C17362,518.923941,264.0,264.0,0.0,0.0,5000.0,235.996925
C17363,1098.392083,0.0,0.0,0.0,1297.518366,1200.0,1490.988443
C17364,804.006538,0.0,0.0,0.0,266.561781,2500.0,226.212069
C17365,142.290756,540.0,520.0,20.0,0.0,4000.0,245.492892
C17366,162.068326,1290.24,1201.37,88.87,0.0,6000.0,963.846752
C17367,1443.146299,235.4,0.0,235.4,615.789083,1800.0,831.048408
C17368,366.084233,1167.39,1167.39,0.0,200.106907,2500.0,470.516409
C17369,910.821412,3726.65,2536.89,1189.76,0.0,3000.0,5125.340024
C17370,2.930211,285.39,0.0,285.39,0.0,1500.0,305.985621
C17371,88.577811,356.15,356.15,0.0,0.0,1600.0,349.838628
C17372,3805.493532,465.6,232.0,233.6,2406.661489,4500.0,949.278907
C17373,1466.99222,230.1,30.0,200.1,0.0,1500.0,415.795291
C17374,676.221211,125.0,0.0,125.0,0.0,1000.0,340.888872
C17376,1623.895229,0.0,0.0,0.0,352.784134,1700.0,729.695998
C17377,269.075434,4572.32,2727.37,1844.95,2935.973895,4000.0,6555.062784
C17378,34.40685,133.0,0.0,133.0,0.0,1500.0,153.124928
C17379,225.662097,2566.91,0.0,2566.91,0.0,5000.0,2649.088349
C17380,402.512336,150.0,0.0,150.0,0.0,450.0,228.715923
C17381,0.0,269.28,0.0,269.28,0.0,1500.0,208.949793
C17382,1520.501423,1405.22,828.4,576.82,0.0,10500.0,470.831678
C17383,3015.597547,586.77,101.4,485.37,1726.922555,3400.0,1472.730273
C17384,2530.378121,55.5,0.0,55.5,0.0,3500.0,1041.914403
C17385,395.93884,991.48,707.02,284.46,208.802882,1400.0,959.26132
C17386,7.097146,78.19,0.0,78.19,0.0,5000.0,63.770059
C17387,1640.837102,0.0,0.0,0.0,708.972588,1900.0,493.854051
C17388,2613.063331,0.0,0.0,0.0,1695.629234,3000.0,710.063755
C17389,950.716155,335.62,0.0,335.62,0.0,1000.0,762.737851
C17390,2283.366217,2734.77,1645.87,1088.9,4303.863961,9500.0,8122.574527
C17391,509.685823,457.68,0.0,457.68,0.0,4000.0,157.893758
C17392,147.571435,0.0,0.0,0.0,2200.173071,1200.0,2763.958077
C17393,2847.472954,0.0,0.0,0.0,3800.293424,4000.0,4869.842863
C17394,1094.632736,503.41,0.0,503.41,445.031842,1000.0,1108.862245
C17395,1258.725885,0.0,0.0,0.0,4353.620039,3000.0,4229.128226
C17396,88.173076,659.72,85.86,573.86,0.0,4000.0,1070.775031
C17397,3211.389574,0.0,0.0,0.0,4464.940638,6500.0,6925.733929
C17398,303.740542,0.0,0.0,0.0,869.489056,1000.0,359.36061
C17399,2981.811529,120.0,120.0,0.0,1085.441874,6500.0,870.661235
C17400,493.243274,1180.68,1180.68,0.0,0.0,1500.0,948.216919
C17401,41.414562,440.0,0.0,440.0,0.0,1000.0,445.575139
C17402,39.105741,220.0,220.0,0.0,0.0,3000.0,427.409497
C17403,1937.273513,658.87,79.67,579.2,0.0,2000.0,758.215724
C17404,781.279607,1370.19,1370.19,0.0,0.0,2500.0,1391.682252
C17405,1322.818587,0.0,0.0,0.0,762.301096,1500.0,1035.62732
C17406,1841.468929,0.0,0.0,0.0,513.751922,2000.0,573.083099
C17407,2371.89209,447.81,289.43,158.38,5515.157108,8500.0,458.534768
C17408,470.353862,105.0,105.0,0.0,391.351946,700.0,239.928287
C17409,308.542887,680.0,680.0,0.0,0.0,2500.0,1261.970352
C17410,1175.895992,154.38,154.38,0.0,37.197366,4000.0,1909.161919
C17411,1854.03323,1013.5,576.0,437.5,1243.093189,2000.0,654.473825
C17412,1256.612223,498.99,498.99,0.0,1353.14431,3000.0,685.344851
C17413,1767.719314,0.0,0.0,0.0,272.520678,2000.0,514.651337
C17414,4995.526188,0.0,0.0,0.0,5807.528817,6000.0,1083.891126
C17415,81.088359,554.7,316.0,238.7,0.0,1000.0,579.784969
C17416,1153.961386,295.0,295.0,0.0,0.0,1200.0,428.640942
C17417,6262.211034,1456.07,76.07,1380.0,5425.912807,10500.0,6933.817424
C17418,167.044456,1477.42,0.0,1477.42,1434.563127,2500.0,2860.74586
C17419,916.487817,633.71,316.82,316.89,0.0,4000.0,255.469805
C17420,5269.761999,0.0,0.0,0.0,663.355012,6500.0,1305.706821
C17421,189.434859,500.09,0.0,500.09,0.0,3000.0,521.673011
C17422,1457.381936,0.0,0.0,0.0,236.725014,1500.0,536.361045
C17423,1139.894588,0.0,0.0,0.0,1030.19301,1200.0,300.826793
C17424,231.593057,2123.43,0.0,2123.43,424.95317,7500.0,2812.54066
C17425,1625.249578,1814.65,854.65,960.0,1825.212313,3000.0,1281.171589
C17426,3840.50578,0.0,0.0,0.0,5558.961557,5500.0,4608.621771
C17427,279.501554,1365.5,336.0,1029.5,0.0,5000.0,1340.02971
C17428,674.838072,56.42,56.42,0.0,419.348768,800.0,429.961027
C17429,3215.344017,1149.92,729.86,420.06,5157.157638,6500.0,2171.419976
C17430,162.267397,907.99,907.99,0.0,339.493008,1120.0,1223.617997
C17431,2323.083307,0.0,0.0,0.0,4750.570325,6000.0,3537.546355
C17432,10.536718,385.4,0.0,385.4,0.0,2500.0,416.407817
C17433,443.339878,0.0,0.0,0.0,857.622301,1200.0,274.760566
C17434,2511.847024,109.0,109.0,0.0,317.452807,8000.0,456.810152
C17435,1054.417866,0.0,0.0,0.0,239.097147,1200.0,323.486669
C17436,876.008428,500.0,0.0,500.0,182.955711,1200.0,510.340741
C17437,150.071799,1800.0,0.0,1800.0,0.0,5000.0,2021.257541
C17438,1179.746682,30.0,30.0,0.0,39.323999,1200.0,264.032163
C17439,739.847303,329.25,0.0,329.25,1153.945828,1000.0,2406.97813
C17440,2341.530186,1791.11,1244.47,546.64,3091.496553,5500.0,1409.686401
C17441,290.079966,550.93,0.0,550.93,0.0,4000.0,579.825344
C17442,1174.352352,0.0,0.0,0.0,166.250847,2500.0,253.408681
C17443,18.957284,187.25,0.0,187.25,0.0,3000.0,296.967289
C17444,365.674097,1169.73,1169.73,0.0,0.0,1500.0,877.026023
C17445,364.726077,0.0,0.0,0.0,555.036998,500.0,218.664436
C17446,743.245283,1610.06,1211.9,398.16,0.0,3500.0,274.724354
C17448,16.967335,2767.85,495.59,2272.26,0.0,3000.0,1322.585206
C17449,8.35947,81.78,0.0,81.78,0.0,4000.0,896.300688
C17450,4530.205197,1750.66,643.18,1107.48,26268.69989,8500.0,25203.91336
C17451,240.439583,481.01,481.01,0.0,461.403602,1200.0,139.715889
C17452,745.774052,0.0,0.0,0.0,1221.85443,5000.0,1169.235129
C17453,0.0,226.07,0.0,226.07,0.0,2500.0,0.0
C17454,2347.383015,0.0,0.0,0.0,1480.171443,3000.0,571.934258
C17455,2271.102591,272.93,0.0,272.93,1120.44963,2500.0,764.791793
C17456,28.155795,324.17,0.0,324.17,0.0,1500.0,354.506682
C17457,26.143505,124.03,124.03,0.0,0.0,1000.0,309.366769
C17458,26.864424,373.77,0.0,373.77,0.0,7000.0,381.479704
C17459,322.222745,2522.03,2180.79,341.24,0.0,9000.0,1898.185428
C17460,1150.867752,108.0,0.0,108.0,0.0,1000.0,98.195732
C17461,826.283578,2241.87,1941.55,300.32,0.0,2500.0,2578.745567
C17462,564.02688,1007.4,941.82,65.58,0.0,2000.0,506.930593
C17463,120.307206,653.95,653.95,0.0,0.0,2500.0,1327.025412
C17464,32.71168,350.0,0.0,350.0,0.0,3000.0,421.815239
C17465,133.797452,2460.0,0.0,2460.0,0.0,2500.0,3601.545344
C17466,532.467828,3262.5,1186.74,2075.76,0.0,4500.0,2683.090485
C17467,799.274442,906.81,449.65,457.16,730.50642,1000.0,1590.918593
C17468,857.256959,636.84,484.2,152.64,2224.941246,3000.0,443.001353
C17469,6681.371469,2968.2,2968.2,0.0,7709.347455,9000.0,3035.412729
C17470,34.775517,0.0,0.0,0.0,18.240626,1500.0,1132.985402
C17471,25.99831,398.57,111.24,287.33,0.0,2500.0,821.069037
C17472,6256.556896,0.0,0.0,0.0,2045.731359,6500.0,1573.751794
C17473,561.003319,11577.0,10975.0,602.0,875.58307,5500.0,12148.50351
C17474,919.252125,1002.4,1002.4,0.0,196.076296,2000.0,173.632529
C17476,3139.84354,859.03,0.0,859.03,1360.869614,9000.0,8655.727728
C17477,1106.42635,0.0,0.0,0.0,639.271966,2500.0,364.636263
C17478,611.327959,518.88,0.0,518.88,0.0,600.0,670.361848
C17479,1205.024103,1247.43,0.0,1247.43,0.0,1000.0,1314.358147
C17480,600.450838,351.88,104.78,247.1,445.263361,800.0,785.561972
C17481,32.928594,337.0,0.0,337.0,0.0,2500.0,398.157668
C17482,35.862466,361.49,361.49,0.0,0.0,1500.0,625.790303
C17483,673.592238,2199.62,303.56,1896.06,0.0,3000.0,2377.36405
C17484,1456.624844,53.9,0.0,53.9,0.0,1500.0,330.888649
C17485,1254.480637,0.0,0.0,0.0,263.591009,1500.0,684.225274
C17486,5.135703,323.71,0.0,323.71,0.0,1500.0,219.996991
C17487,706.327578,169.54,169.54,0.0,1406.735573,2500.0,302.97678
C17488,3610.883496,0.0,0.0,0.0,2791.511852,4500.0,810.481966
C17489,95.055337,133.45,16.8,116.65,437.390028,2500.0,469.271786
C17490,1242.886266,17.6,17.6,0.0,0.0,4000.0,589.674674
C17491,9.048773,316.2,0.0,316.2,0.0,2000.0,391.398298
C17492,169.892916,973.5,973.5,0.0,0.0,2000.0,28.078586
C17493,1397.560022,0.0,0.0,0.0,869.402466,2000.0,543.796511
C17494,1185.330971,0.0,0.0,0.0,1651.711638,3000.0,341.938368
C17495,978.771066,905.04,545.12,359.92,0.0,4000.0,392.482391
C17496,283.691223,45.65,45.65,0.0,0.0,1000.0,165.821773
C17497,6.24762,108.2,0.0,108.2,0.0,4500.0,0.0
C17498,28.612828,208.0,0.0,208.0,0.0,3000.0,253.537038
C17499,677.778395,0.0,0.0,0.0,1361.306734,1500.0,1515.946459
C17500,724.614301,1534.71,431.4,1103.31,1363.547989,1700.0,1809.593702
C17501,59.797799,309.25,289.4,19.85,0.0,2000.0,675.101601
C17502,42.653615,93.24,0.0,93.24,0.0,5000.0,156.57819
C17503,284.43378,212.92,0.0,212.92,0.0,1500.0,1202.791804
C17504,1569.712031,375.92,375.92,0.0,38.237206,1700.0,530.069186
C17505,2130.050015,1044.2,835.96,208.24,0.0,6000.0,597.906134
C17506,539.072205,240.51,128.64,111.87,0.0,500.0,340.349133
C17507,31.872458,394.0,0.0,394.0,0.0,1500.0,778.621541
C17508,209.026944,1520.76,657.19,863.57,0.0,3500.0,1771.078066
C17509,683.286191,706.08,706.08,0.0,0.0,1500.0,1847.90353
C17510,457.07022,1273.0,1273.0,0.0,0.0,2500.0,2633.35913
C17511,13.440318,0.0,0.0,0.0,138.410148,1500.0,150.90008
C17512,762.921161,1214.55,992.67,221.88,399.600567,1500.0,1579.200728
C17513,69.4432,368.16,0.0,368.16,0.0,2500.0,153.124113
C17514,26.526741,135.31,0.0,135.31,0.0,1500.0,93.853979
C17515,52.358663,658.24,658.24,0.0,0.0,4000.0,1609.331101
C17516,1144.128891,1373.27,688.15,685.12,1101.351331,4000.0,1705.162709
C17517,399.50457,740.11,410.28,329.83,0.0,1200.0,1379.683829
C17518,71.431411,2068.41,0.0,2068.41,0.0,2500.0,1984.989648
C17519,42.288669,313.36,0.0,313.36,0.0,2000.0,428.089548
C17521,528.324583,0.0,0.0,0.0,2101.089889,3000.0,1398.911214
C17522,1609.514614,0.0,0.0,0.0,136.209339,1700.0,277.622861
C17523,442.111046,671.36,0.0,671.36,777.528996,3000.0,63.199553
C17524,1075.032405,0.0,0.0,0.0,134.388107,1200.0,585.94084
C17525,24.660951,0.0,0.0,0.0,398.729042,500.0,757.357928
C17526,55.17712,532.64,0.0,532.64,0.0,2500.0,547.608958
C17527,734.729977,0.0,0.0,0.0,428.36939,1200.0,1596.300157
C17528,2479.815703,5812.17,5142.57,669.6,638.563709,10500.0,4586.498256
C17529,112.702102,1437.38,1437.38,0.0,0.0,2000.0,1469.057487
C17530,3.513242,48.04,0.0,48.04,0.0,1500.0,140.940173
C17531,2760.89889,0.0,0.0,0.0,4278.969301,7500.0,997.950103
C17532,784.627873,641.0,641.0,0.0,913.146344,1800.0,1657.991354
C17533,4071.993764,0.0,0.0,0.0,1541.393819,5000.0,1528.928247
C17534,3616.393429,2459.18,30.0,2429.18,0.0,5500.0,2203.05836
C17535,2971.600871,6513.38,4694.68,1818.7,0.0,5000.0,4960.050608
C17536,677.403883,0.0,0.0,0.0,1149.411566,1200.0,126.873568
C17538,1884.083078,31.66,0.0,31.66,493.377807,2000.0,901.067057
C17539,114.752318,387.12,0.0,387.12,0.0,2500.0,981.332431
C17540,201.487515,1688.12,0.0,1688.12,0.0,4000.0,1641.148627
C17541,299.531528,3473.11,1263.54,2209.57,0.0,7500.0,3019.01839
C17542,146.616802,0.0,0.0,0.0,614.430788,1200.0,216.978003
C17543,2421.820915,0.0,0.0,0.0,4045.770203,5000.0,334.730343
C17544,1728.29571,673.8,0.0,673.8,0.0,1700.0,727.421149
C17545,1035.03102,704.17,0.0,704.17,0.0,3400.0,274.26228
C17546,14.869439,391.68,0.0,391.68,0.0,1500.0,442.402951
C17547,842.103869,496.56,0.0,496.56,0.0,1000.0,254.599294
C17548,1809.917132,266.64,0.0,266.64,0.0,2500.0,77.991128
C17549,399.156352,2870.76,894.49,1976.27,0.0,2500.0,3064.377023
C17550,193.050982,1337.1,1337.1,0.0,91.705707,10000.0,2067.611692
C17551,1243.68657,221.72,0.0,221.72,1324.264801,1700.0,2268.784133
C17553,135.418099,777.16,0.0,777.16,0.0,3000.0,601.471905
C17554,19.587949,299.77,0.0,299.77,0.0,2700.0,327.059511
C17555,745.368581,153.89,0.0,153.89,0.0,1700.0,500.110264
C17556,274.305611,419.88,0.0,419.88,0.0,2500.0,665.834636
C17557,0.0,443.28,0.0,443.28,0.0,3000.0,0.0
C17558,367.033521,567.75,567.75,0.0,0.0,600.0,484.20499
C17559,475.301123,415.47,415.47,0.0,762.195411,7000.0,3965.150992
C17560,1865.271423,412.0,412.0,0.0,0.0,2000.0,597.104874
C17561,1618.277656,3031.28,1616.35,1414.93,0.0,3200.0,2513.922495
C17562,36.57785,561.48,0.0,561.48,0.0,3000.0,891.708605
C17563,443.558578,26.09,26.09,0.0,646.932676,1200.0,1218.866837
C17565,17.905235,159.0,0.0,159.0,0.0,4000.0,134.532028
C17566,1514.885982,928.06,834.3,93.76,0.0,4500.0,2797.8913
C17567,63.292505,545.38,0.0,545.38,0.0,4000.0,520.936337
C17568,4135.663046,0.0,0.0,0.0,3168.34945,4500.0,1360.105727
C17569,129.881716,672.0,0.0,672.0,0.0,1500.0,775.413322
C17570,228.107524,510.32,216.9,293.42,0.0,5000.0,552.200643
C17571,277.308988,1588.34,500.0,1088.34,0.0,2500.0,1316.907062
C17572,20.920544,392.96,0.0,392.96,0.0,4000.0,324.004832
C17573,1462.74666,2400.37,2113.74,286.63,0.0,1700.0,2893.730422
C17574,328.436912,2738.82,2408.82,330.0,0.0,1000.0,2339.534377
C17575,11.772828,101.0,101.0,0.0,0.0,1200.0,164.865563
C17576,6105.102208,248.73,0.0,248.73,8554.169846,9000.0,1824.639869
C17577,1223.783946,135.24,0.0,135.24,0.0,1200.0,328.934771
C17578,659.121167,458.5,0.0,458.5,0.0,1500.0,65.156724
C17579,4228.417754,11994.71,11994.71,0.0,496.521561,13450.0,508.797444
C17580,384.803407,549.0,291.0,258.0,0.0,1000.0,569.597465
C17581,141.656741,1109.83,1109.83,0.0,379.155222,1200.0,0.0
C17582,18.120946,57.0,57.0,0.0,0.0,1500.0,118.438703
C17583,1150.04204,1283.45,318.67,964.78,47.044876,3500.0,2430.864396
C17584,158.512412,713.64,713.64,0.0,0.0,3000.0,1121.322787
C17585,4925.078801,194.6,194.6,0.0,2746.434556,9000.0,5149.230429
C17586,61.653547,1194.22,0.0,1194.22,0.0,3777.777778,1775.371596
C17587,1669.488962,0.0,0.0,0.0,254.011804,1800.0,571.589438
C17588,23.587067,837.48,0.0,837.48,0.0,3500.0,775.895535
C17589,61.253237,377.86,78.0,299.86,0.0,2700.0,347.206621
C17590,622.55987,343.46,221.84,121.62,1898.121821,1500.0,964.143984
C17591,677.077167,119.19,0.0,119.19,181.735735,700.0,504.762147
C17593,2.910578,56.94,0.0,56.94,0.0,3000.0,129.412694
C17594,807.555134,242.06,0.0,242.06,0.0,1000.0,1610.237285
C17595,1099.649455,0.0,0.0,0.0,72.841356,1200.0,322.777824
C17596,2369.073061,0.0,0.0,0.0,1235.769004,3500.0,3428.646118
C17597,1.941328,15.3,0.0,15.3,0.0,5000.0,190.254352
C17598,2365.48995,0.0,0.0,0.0,1294.098177,2500.0,816.5164
C17599,1128.878514,129.86,129.86,0.0,372.192943,4200.0,767.993781
C17600,806.446131,0.0,0.0,0.0,916.64405,3000.0,504.66084
C17601,25.921726,268.92,0.0,268.92,0.0,1500.0,458.387948
C17602,531.075085,485.73,152.4,333.33,474.10077,2500.0,1657.453579
C17603,1578.053342,177.21,0.0,177.21,0.0,1400.0,0.0
C17604,1371.187284,208.76,149.0,59.76,73.235325,1500.0,447.764231
C17605,484.108869,0.0,0.0,0.0,850.784054,1000.0,590.725031
C17606,48.573636,258.36,0.0,258.36,0.0,1500.0,197.464636
C17607,709.475496,0.0,0.0,0.0,1240.838098,1000.0,1242.9897
C17608,1768.456809,449.73,395.05,54.68,0.0,3000.0,664.529374
C17609,475.229863,126.03,126.03,0.0,452.857459,1200.0,476.74593
C17610,75.244732,623.3,384.05,239.25,0.0,4500.0,579.531266
C17611,18.627266,309.26,0.0,309.26,0.0,1500.0,272.654072
C17612,980.922091,0.0,0.0,0.0,644.770362,1200.0,569.660031
C17613,104.311214,1270.59,1270.59,0.0,0.0,2000.0,1359.473756
C17614,2383.427985,95.08,95.08,0.0,2437.054164,2500.0,145.154675
C17615,198.951791,0.0,0.0,0.0,1365.18629,2500.0,0.0
C17616,145.47022,95.0,38.0,57.0,0.0,1500.0,175.248349
C17617,43.087983,133.0,133.0,0.0,0.0,3000.0,189.248952
C17618,1273.498021,449.28,0.0,449.28,0.0,1200.0,475.727103
C17619,33.880019,3421.12,3008.55,412.57,269.61939,3500.0,3977.215235
C17620,21.881528,89.04,89.04,0.0,0.0,2500.0,193.985335
C17621,1223.630962,2065.5,628.8,1436.7,0.0,1500.0,638.997243
C17622,1441.993476,0.0,0.0,0.0,2464.684708,3000.0,3206.577257
C17623,1070.631288,651.91,651.91,0.0,40.07681,1200.0,258.767714
C17624,594.268871,1036.76,966.8,69.96,0.0,2500.0,198.237134
C17625,25.715061,449.32,449.32,0.0,0.0,5000.0,1086.379588
C17626,1439.410201,184.7,184.7,0.0,0.0,1500.0,299.988581
C17628,543.815182,0.0,0.0,0.0,45.475577,3000.0,593.946163
C17629,36.979201,0.0,0.0,0.0,4262.120108,2500.0,22099.47812
C17630,9220.534572,1420.31,777.66,642.65,9816.782544,12500.0,4257.372749
C17631,6631.790101,74.17,74.17,0.0,4618.934859,9000.0,1652.029653
C17632,39.251217,1066.62,339.1,727.52,204.615371,3500.0,1340.881787
C17633,2.02217,0.0,0.0,0.0,438.924394,1200.0,1767.395484
C17634,38.068219,799.92,0.0,799.92,0.0,2500.0,553.927866
C17635,578.795795,994.12,105.0,889.12,2578.563752,2500.0,2369.347633
C17636,1325.679991,1084.87,687.57,397.3,3330.913556,3000.0,4135.414563
C17637,743.52828,158.95,158.95,0.0,0.0,800.0,250.349363
C17638,0.0,180.66,54.0,126.66,0.0,2700.0,221.27715
C17639,41.789262,821.51,501.95,319.56,109.91813,4000.0,969.030384
C17640,987.110602,0.0,0.0,0.0,1139.392895,1200.0,139.607827
C17641,11.981427,187.55,0.0,187.55,0.0,1000.0,261.920143
C17642,11.316443,112.23,112.23,0.0,0.0,3000.0,636.15056
C17643,0.0,300.0,0.0,300.0,0.0,4000.0,5228.819138
C17644,523.127544,786.94,582.74,204.2,1088.139436,1000.0,1603.447936
C17645,650.485202,555.2,339.0,216.2,589.349657,1000.0,351.575597
C17646,2320.107011,2118.42,2118.42,0.0,3285.570621,5000.0,922.698832
C17647,106.45347,2014.84,874.84,1140.0,0.0,3000.0,2139.733072
C17648,281.112517,0.0,0.0,0.0,295.616931,1000.0,631.473289
C17649,324.055174,2075.13,1100.0,975.13,0.0,1500.0,1653.941553
C17650,617.999607,387.7,250.0,137.7,684.8408,1200.0,1723.350971
C17651,2076.211673,1057.0,0.0,1057.0,0.0,2500.0,696.769705
C17652,63.078242,114.0,0.0,114.0,0.0,3000.0,184.582486
C17653,0.14446,0.0,0.0,0.0,97.038129,7000.0,186.434257
C17654,1012.841277,0.0,0.0,0.0,790.832609,1500.0,2531.648689
C17655,6.526735,53.09,53.09,0.0,0.0,1000.0,309.515966
C17656,83.258534,41.4,11.9,29.5,0.0,2700.0,157.225241
C17657,852.530387,45.65,45.65,0.0,0.0,1200.0,387.594772
C17658,304.249156,3127.98,0.0,3127.98,0.0,6000.0,3489.90364
C17659,16.004225,159.44,0.0,159.44,0.0,2700.0,276.112744
C17660,1087.784698,0.0,0.0,0.0,1562.703953,1500.0,3093.888643
C17661,3255.151368,1771.6,251.0,1520.6,1279.568823,9000.0,4619.793197
C17662,69.336196,211.87,211.87,0.0,0.0,1400.0,435.005491
C17663,1433.404387,0.0,0.0,0.0,1190.745349,2000.0,993.072444
C17664,3278.506664,472.51,216.49,256.02,6548.948805,7000.0,1304.846205
C17665,68.624743,423.23,243.23,180.0,0.0,1000.0,458.251229
C17666,1562.60448,880.22,816.88,63.34,0.0,2500.0,459.441845
C17667,412.592491,0.0,0.0,0.0,1852.218171,2500.0,3935.004997
C17668,428.598828,208.0,208.0,0.0,164.032453,1200.0,975.191714
C17669,2071.951442,2090.21,0.0,2090.21,0.0,2500.0,1326.995454
C17670,973.560975,0.0,0.0,0.0,2061.53302,1700.0,1789.46975
C17671,624.633263,0.0,0.0,0.0,950.85274,1000.0,330.064555
C17672,965.88461,1.0,1.0,0.0,561.024098,1200.0,751.960548
C17673,82.568778,471.64,0.0,471.64,0.0,1200.0,554.168419
C17674,383.370294,326.74,326.74,0.0,0.0,600.0,525.776492
C17675,793.855972,1478.93,1478.93,0.0,0.0,1200.0,723.959807
C17676,51.199057,1319.04,1319.04,0.0,0.0,3500.0,1324.448655
C17677,1488.628126,0.0,0.0,0.0,2909.050462,3000.0,1968.413322
C17678,92.596405,720.11,720.11,0.0,0.0,1700.0,535.430352
C17679,382.63138,0.0,0.0,0.0,748.78028,1200.0,566.605747
C17680,402.814647,960.09,91.8,868.29,373.408367,500.0,1127.28667
C17681,1271.172501,0.0,0.0,0.0,1865.939841,4000.0,2099.387435
C17682,124.743322,1007.45,0.0,1007.45,0.0,2500.0,1616.540779
C17683,1060.039731,340.0,49.0,291.0,0.0,2500.0,261.761454
C17684,90.084324,1098.82,1098.82,0.0,181.725242,3000.0,1307.140981
C17685,85.851188,0.0,0.0,0.0,499.092982,600.0,1528.015928
C17686,2115.602918,320.0,0.0,320.0,2033.14898,3000.0,1260.004919
C17687,193.213122,2281.57,905.6,1375.97,0.0,3000.0,1782.059904
C17688,82.98006,906.78,0.0,906.78,0.0,3000.0,780.205026
C17689,991.773081,2020.0,2020.0,0.0,600.188405,3400.0,1817.827772
C17690,5482.204366,0.0,0.0,0.0,4948.907169,9000.0,1343.176056
C17691,1016.496072,64.82,64.82,0.0,994.182547,1200.0,74.543258
C17692,205.127197,1222.98,1222.98,0.0,0.0,3000.0,1144.83486
C17693,1450.599152,2763.84,1434.43,1329.41,0.0,2000.0,343.918862
C17694,1405.988009,1839.0,256.0,1583.0,1684.658063,1800.0,3603.302652
C17695,424.968492,272.28,0.0,272.28,0.0,1700.0,64.658608
C17696,74.4309,45.65,45.65,0.0,0.0,2500.0,0.0
C17697,24.818476,390.05,44.9,345.15,0.0,1000.0,423.338628
C17698,1109.876538,0.0,0.0,0.0,645.643747,1200.0,476.97564
C17699,679.421923,298.49,298.49,0.0,152.65779,1000.0,456.143495
C17700,270.135147,958.93,752.9,206.03,0.0,1900.0,2063.470552
C17701,256.02662,2098.56,1798.3,300.26,0.0,3000.0,1909.534262
C17702,794.661653,329.96,329.96,0.0,0.0,2000.0,703.606
C17703,1644.123638,0.0,0.0,0.0,830.132133,2500.0,333.114672
C17704,28.80071,173.02,0.0,173.02,0.0,1000.0,229.503322
C17705,976.390024,785.4,785.4,0.0,347.15722,3500.0,820.342892
C17706,1005.660131,710.03,710.03,0.0,5001.078448,1500.0,5679.950642
C17707,700.723718,425.18,0.0,425.18,0.0,3000.0,148.581846
C17708,8.27913,670.0,0.0,670.0,0.0,2500.0,703.772949
C17709,1373.700066,267.75,0.0,267.75,38.898599,1500.0,446.146419
C17710,215.475718,670.65,300.0,370.65,0.0,3000.0,366.634123
C17711,108.857699,3224.34,3224.34,0.0,0.0,1500.0,2752.565833
C17712,7.215615,54.45,54.45,0.0,0.0,2000.0,160.130111
C17713,1736.930299,616.0,0.0,616.0,0.0,1900.0,803.881382
C17714,242.53001,3520.0,0.0,3520.0,0.0,650.0,3814.912997
C17715,1372.083399,800.0,0.0,800.0,0.0,1200.0,1190.700111
C17716,6388.820712,5154.75,1622.06,3532.69,0.0,9500.0,6436.518476
C17717,254.94701,2870.83,2655.15,215.68,0.0,7500.0,2461.126057
C17718,15.813502,120.88,0.0,120.88,0.0,5000.0,258.872386
C17719,77.383767,2321.87,1212.87,1109.0,0.0,1900.0,2071.265301
C17720,849.030358,345.0,0.0,345.0,101.511988,1200.0,1465.044906
C17721,525.17417,91.23,48.9,42.33,0.0,4000.0,154.939835
C17722,510.953138,172.41,172.41,0.0,0.0,1200.0,959.003305
C17723,486.17036,0.0,0.0,0.0,1494.441569,1500.0,2945.61949
C17724,2291.684027,4983.93,4065.93,918.0,0.0,6500.0,1149.746347
C17726,145.722404,529.7,240.2,289.5,38.259988,800.0,363.368053
C17727,286.814503,2016.14,1602.14,414.0,0.0,1200.0,1525.089652
C17728,22.455964,185.25,0.0,185.25,0.0,1000.0,371.216038
C17729,1108.987965,0.0,0.0,0.0,75.070968,1500.0,1690.172114
C17730,109.473217,1251.26,635.79,615.47,0.0,2700.0,958.931815
C17731,233.092662,2613.65,945.45,1668.2,0.0,6000.0,2255.232796
C17732,2112.63873,0.0,0.0,0.0,584.940187,3500.0,540.088813
C17733,1.097736,343.82,0.0,343.82,169.355104,4000.0,169.895641
C17734,874.905296,484.04,0.0,484.04,0.0,1000.0,873.429792
C17735,844.022439,0.0,0.0,0.0,1125.228876,2500.0,535.604592
C17736,87.034432,697.57,0.0,697.57,0.0,3200.0,811.903413
C17737,377.56851,542.51,542.51,0.0,0.0,1000.0,567.687367
C17738,2929.582949,0.0,0.0,0.0,1319.276782,3000.0,1153.353618
C17739,1101.792789,1591.37,1591.37,0.0,447.953652,3000.0,699.75547
C17740,623.583624,1344.85,1099.72,245.13,0.0,2200.0,1374.213771
C17741,5.109352,0.0,0.0,0.0,78.990599,1000.0,77.984721
C17742,2696.052766,0.0,0.0,0.0,3100.942646,3000.0,815.306343
C17743,1592.102979,45.65,45.65,0.0,1465.069357,5000.0,529.542832
C17744,14.453345,38.65,38.65,0.0,0.0,1000.0,52.685663
C17745,1062.024069,0.0,0.0,0.0,402.337729,1200.0,583.53323
C17746,1033.485033,137.57,0.0,137.57,0.0,1000.0,423.925626
C17747,803.052704,19.75,19.75,0.0,0.0,2000.0,402.155365
C17748,1551.908555,416.64,105.0,311.64,0.0,2500.0,539.653696
C17749,936.370785,158.45,158.45,0.0,0.0,1700.0,160.698863
C17750,1420.156349,0.0,0.0,0.0,445.913736,1500.0,661.562552
C17751,14.143579,175.98,0.0,175.98,0.0,1500.0,171.928796
C17752,68.10541,0.0,0.0,0.0,462.554056,500.0,0.0
C17753,3025.373271,202.72,0.0,202.72,988.076605,4500.0,3989.645744
C17754,2513.983606,0.0,0.0,0.0,6140.025312,6000.0,560.461934
C17755,542.979227,1134.96,0.0,1134.96,2370.439178,1000.0,2669.005392
C17756,144.436235,0.0,0.0,0.0,944.893512,1000.0,542.036637
C17757,2017.391656,12024.37,11224.1,800.27,0.0,8000.0,11516.39232
C17758,39.469095,418.97,0.0,418.97,0.0,3000.0,655.157042
C17759,2579.907754,125.51,0.0,125.51,1377.049309,3000.0,666.355831
C17760,34.703482,247.02,0.0,247.02,0.0,2500.0,194.419235
C17761,29.466141,149.0,149.0,0.0,0.0,1000.0,350.176472
C17762,2764.810135,390.52,369.8,20.72,75.74986,3000.0,743.242536
C17763,27.931382,169.4,0.0,169.4,0.0,1500.0,116.255235
C17764,2063.9223,0.0,0.0,0.0,3858.373703,4000.0,5696.695114
C17765,1615.724155,673.74,484.46,189.28,624.03835,2000.0,785.833719
C17767,348.321822,0.0,0.0,0.0,178.138151,500.0,142.741177
C17768,992.724168,527.88,0.0,527.88,1677.055839,2000.0,2997.714455
C17769,5.170635,367.95,0.0,367.95,0.0,1000.0,400.457139
C17770,1361.815512,1309.72,1106.81,202.91,814.086208,1700.0,1668.192483
C17771,1186.276559,391.67,391.67,0.0,0.0,1200.0,488.194864
C17772,2966.412112,1473.26,0.0,1473.26,979.388828,3500.0,1464.911757
C17773,1910.793773,2754.09,40.0,2714.09,0.0,5000.0,613.246821
C17774,1175.065336,2707.46,2468.96,238.5,323.014918,1700.0,2288.300302
C17776,378.320894,315.02,0.0,315.02,0.0,1500.0,206.090316
C17777,1492.443188,1777.27,0.0,1777.27,0.0,5000.0,1969.412866
C17778,434.393219,343.5,343.5,0.0,949.910781,1700.0,504.635307
C17779,11.673388,76.0,76.0,0.0,0.0,4000.0,447.312571
C17780,1.063114,20.74,0.0,20.74,0.0,1500.0,168.489938
C17781,12.169653,187.32,0.0,187.32,0.0,2000.0,182.885361
C17782,738.067431,752.97,752.97,0.0,0.0,2500.0,1393.051729
C17783,77.285458,495.0,0.0,495.0,0.0,1500.0,416.913773
C17784,1434.836893,413.16,413.16,0.0,3005.365682,3500.0,3716.5426
C17785,1247.905033,553.67,0.0,553.67,0.0,1200.0,1927.232575
C17786,88.35088,697.91,477.91,220.0,0.0,5000.0,646.026876
C17787,252.174753,411.01,411.01,0.0,0.0,1000.0,459.467285
C17788,1516.44717,0.0,0.0,0.0,2817.911587,6000.0,4161.937341
C17789,3374.66122,0.0,0.0,0.0,1154.99477,4000.0,913.221146
C17790,1865.008929,0.0,0.0,0.0,2087.392116,2500.0,2709.693363
C17791,2413.719637,0.0,0.0,0.0,905.709193,2500.0,626.891685
C17792,411.27629,1524.65,1153.52,371.13,0.0,900.0,626.104114
C17793,97.281118,3091.75,1456.8,1634.95,0.0,3000.0,3424.057988
C17794,568.222966,140.03,140.03,0.0,0.0,1200.0,203.362743
C17795,2773.411911,418.68,0.0,418.68,2260.076139,3000.0,2027.44214
C17796,294.720216,1880.0,0.0,1880.0,0.0,1000.0,1479.018473
C17797,1619.001848,0.0,0.0,0.0,4892.793928,5000.0,368.653175
C17798,197.159684,0.0,0.0,0.0,351.023706,1000.0,373.550284
C17799,954.617658,0.0,0.0,0.0,808.545456,2000.0,228.635319
C17800,44.935526,401.06,0.0,401.06,0.0,1000.0,441.438423
C17801,28.497217,258.91,0.0,258.91,0.0,5000.0,247.067092
C17802,7114.235621,1072.24,1000.0,72.24,2088.213086,10000.0,1837.750949
C17803,1007.440908,430.54,0.0,430.54,687.666124,4000.0,1526.508633
C17804,2471.904646,1590.58,1590.58,0.0,283.730479,6500.0,813.995856
C17805,733.100601,0.0,0.0,0.0,1588.05231,1500.0,582.050862
C17806,1159.619047,0.0,0.0,0.0,73.699863,1200.0,192.970203
C17807,1818.933435,0.0,0.0,0.0,1566.811923,2000.0,805.588424
C17808,90.582466,809.79,0.0,809.79,0.0,2700.0,766.101615
C17809,1819.444477,0.0,0.0,0.0,197.334971,2500.0,572.900672
C17810,28.832982,266.58,0.0,266.58,0.0,1500.0,223.918762
C17811,7.833571,92.24,0.0,92.24,0.0,1500.0,484.14452
C17812,433.075331,750.0,0.0,750.0,0.0,1500.0,719.974026
C17813,45.82108,632.0,0.0,632.0,0.0,4000.0,3746.417043
C17814,2724.169852,49.0,49.0,0.0,189.855977,3000.0,558.687221
C17815,83.030075,2298.89,567.55,1731.34,0.0,1000.0,2034.589917
C17816,1008.494418,639.7,0.0,639.7,0.0,1000.0,862.819773
C17817,1688.247199,1937.64,928.18,1009.46,967.811335,2500.0,745.063871
C17818,608.300379,0.0,0.0,0.0,27.107553,1700.0,204.950565
C17819,211.865308,2505.3,0.0,2505.3,0.0,3800.0,2944.674292
C17820,454.181676,1361.65,1361.65,0.0,0.0,4000.0,1643.948056
C17821,2646.022772,1541.13,487.0,1054.13,1234.504809,4000.0,600.203047
C17822,332.697638,1080.0,555.0,525.0,0.0,2000.0,603.181053
C17823,489.488586,215.0,70.0,145.0,732.654518,700.0,881.801225
C17824,312.197634,0.0,0.0,0.0,5104.121726,8000.0,0.0
C17825,205.421413,1174.98,0.0,1174.98,0.0,1000.0,989.875292
C17826,3300.406797,459.0,170.0,289.0,3895.391723,5000.0,1585.23765
C17827,5471.186593,0.0,0.0,0.0,8411.998221,9000.0,1281.454609
C17828,685.063917,0.0,0.0,0.0,110.795488,700.0,308.035273
C17829,467.439275,0.0,0.0,0.0,938.573177,800.0,581.994796
C17830,722.404832,0.0,0.0,0.0,1356.687002,1500.0,215.857868
C17831,16.976117,424.99,0.0,424.99,0.0,5000.0,603.395705
C17832,275.240429,0.0,0.0,0.0,610.08928,700.0,1186.237636
C17833,666.247487,511.34,103.0,408.34,100.749379,700.0,1145.870591
C17834,20.594739,320.64,0.0,320.64,0.0,4000.0,273.840392
C17835,300.012533,3286.41,2689.44,596.97,0.0,1400.0,3035.03764
C17836,45.905486,398.4,0.0,398.4,0.0,4000.0,403.594309
C17837,3377.632916,0.0,0.0,0.0,1241.559904,5000.0,1028.191288
C17838,25.407311,504.96,0.0,504.96,0.0,3000.0,464.099225
C17839,504.127471,0.0,0.0,0.0,18.042768,1200.0,1383.846999
C17840,2270.623981,1200.0,1200.0,0.0,2629.671395,3000.0,967.527752
C17841,2230.689402,0.0,0.0,0.0,2393.464326,2500.0,458.73255
C17842,30.217276,332.5,0.0,332.5,0.0,3000.0,262.580865
C17843,2741.024256,0.0,0.0,0.0,36.741165,3000.0,542.317437
C17844,124.58001,1302.02,0.0,1302.02,0.0,3000.0,1737.687605
C17845,1.695294,9.87,0.0,9.87,0.0,5000.0,151.732627
C17846,349.788099,400.6,400.6,0.0,0.0,450.0,308.109946
C17847,16.388956,68.88,0.0,68.88,0.0,3000.0,639.609691
C17848,1551.842759,0.0,0.0,0.0,681.2559,1800.0,522.486041
C17849,0.407093,49.0,49.0,0.0,0.0,3000.0,0.0
C17850,68.045739,501.85,0.0,501.85,0.0,1200.0,531.541585
C17851,7081.171387,0.0,0.0,0.0,26194.04954,9000.0,20191.3077
C17852,211.35235,267.34,0.0,267.34,0.0,4000.0,153.812692
C17853,1.533981,141.56,0.0,141.56,0.0,4000.0,248.103302
C17854,827.00042,0.0,0.0,0.0,965.526999,1000.0,333.441983
C17855,3495.735827,0.0,0.0,0.0,9413.199416,5000.0,9960.882548
C17856,1571.218695,375.24,375.24,0.0,1093.862642,1700.0,824.975105
C17857,180.238427,2749.92,0.0,2749.92,0.0,500.0,2723.611325
C17858,21.87058,405.0,255.0,150.0,0.0,4000.0,414.423817
C17859,20.599719,423.62,0.0,423.62,0.0,2500.0,452.606219
C17860,1979.782537,1687.62,1396.32,291.3,1418.626391,3200.0,864.07868
C17861,208.581872,2608.02,2155.67,452.35,0.0,3500.0,2625.80225
C17862,2041.527181,94.16,0.0,94.16,972.530598,2500.0,1073.025534
C17863,786.158276,679.24,100.0,579.24,890.644405,1000.0,1653.190684
C17864,3.019634,45.6,0.0,45.6,0.0,1600.0,73.212859
C17865,31.552814,1428.02,509.0,919.02,0.0,1500.0,1137.556503
C17866,37.550351,633.24,0.0,633.24,0.0,4000.0,588.246987
C17867,717.764625,3358.25,3358.25,0.0,0.0,4000.0,2370.592652
C17868,95.08385,817.66,0.0,817.66,0.0,2500.0,761.008544
C17869,2.911999,347.55,0.0,347.55,0.0,5000.0,386.639613
C17870,0.570113,29.0,29.0,0.0,0.0,2500.0,319.172687
C17871,143.50998,549.17,0.0,549.17,0.0,1500.0,285.145558
C17872,1587.706693,450.0,0.0,450.0,270.92481,1800.0,600.299728
C17873,2246.21264,0.0,0.0,0.0,2561.494053,4500.0,434.927101
C17874,3395.090243,0.0,0.0,0.0,9071.14623,9000.0,9483.800873
C17875,16.834929,15.0,15.0,0.0,209.025389,7500.0,430.213001
C17876,1205.235951,413.23,331.87,81.36,0.0,1200.0,476.38169
C17877,1354.623473,495.43,495.43,0.0,453.244036,2000.0,280.31102
C17878,1923.696463,527.6,0.0,527.6,5326.343132,5000.0,2999.461289
C17879,0.0,30.98,0.0,30.98,0.0,4000.0,63.582004
C17880,1610.489628,0.0,0.0,0.0,811.491192,2000.0,383.426341
C17881,448.426181,0.0,0.0,0.0,1158.133733,1400.0,1956.051348
C17882,2455.423773,2695.07,227.97,2467.1,1440.078629,3000.0,2963.914089
C17883,1237.897608,403.38,403.38,0.0,1593.700723,1500.0,2291.077923
C17884,1.344661,785.9,0.0,785.9,0.0,3000.0,789.264325
C17885,1592.017292,372.09,372.09,0.0,0.0,4000.0,389.29309
C17886,264.103675,3568.21,2336.41,1231.8,0.0,1500.0,4210.212171
C17887,1096.517209,0.0,0.0,0.0,2408.490506,2000.0,822.741522
C17888,1099.221912,155.8,155.8,0.0,578.660857,1200.0,875.977859
C17889,1775.884148,0.0,0.0,0.0,2444.627773,2500.0,399.8626
C17890,6482.798242,0.0,0.0,0.0,706.910571,7500.0,4630.593136
C17891,3015.25965,0.0,0.0,0.0,4715.033095,6000.0,2234.914332
C17892,2722.532415,0.0,0.0,0.0,2946.839566,3000.0,743.715499
C17893,33.585586,298.2,0.0,298.2,0.0,4000.0,299.548557
C17894,4486.637152,1712.75,1712.75,0.0,13665.03207,9500.0,10105.48672
C17895,162.580388,1403.42,153.5,1249.92,0.0,2500.0,1045.177657
C17896,50.926002,165.97,0.0,165.97,0.0,1500.0,119.24583
C17897,16.727286,174.46,0.0,174.46,0.0,1500.0,142.694823
C17898,706.182752,3304.27,802.8,2501.47,0.0,4000.0,2863.455277
C17899,2272.494247,614.37,435.37,179.0,2072.631184,2500.0,617.216175
C17900,23.981951,1934.16,1934.16,0.0,0.0,2500.0,3721.903965
C17901,987.102704,66.5,66.5,0.0,770.310099,2500.0,284.964748
C17902,267.908144,30.0,30.0,0.0,117.579435,300.0,198.682086
C17903,25.474414,240.0,0.0,240.0,0.0,2000.0,188.072777
C17904,130.678469,1480.76,1480.76,0.0,0.0,1000.0,2441.727849
C17905,465.86405,0.0,0.0,0.0,895.874898,1000.0,643.394901
C17906,56.748977,470.38,365.38,105.0,0.0,4500.0,514.48579
C17907,8.415931,136.36,0.0,136.36,0.0,1000.0,333.700979
C17908,64.937308,442.03,209.0,233.03,0.0,1200.0,149.634213
C17909,821.011673,399.99,399.99,0.0,0.0,2500.0,1140.142325
C17910,50.004286,341.14,0.0,341.14,0.0,3000.0,231.514712
C17911,898.429424,495.7,495.7,0.0,1526.89916,1200.0,1477.267198
C17912,3179.056936,4407.78,3191.23,1216.55,0.0,9000.0,1257.677615
C17913,1322.64748,799.92,0.0,799.92,0.0,1000.0,469.485706
C17914,12.472571,87.67,87.67,0.0,0.0,2000.0,123.304221
C17915,1364.897308,0.0,0.0,0.0,1129.837811,1500.0,365.272698
C17916,2572.293007,0.0,0.0,0.0,3585.959553,3000.0,1364.325644
C17917,416.729679,1243.04,1153.34,89.7,0.0,3500.0,2257.677587
C17919,508.164075,57.0,57.0,0.0,360.728419,600.0,576.386562
C17920,6.525943,290.5,0.0,290.5,0.0,2000.0,474.469741
C17921,376.997522,0.0,0.0,0.0,928.598154,1000.0,1008.342761
C17922,134.299115,1059.18,0.0,1059.18,0.0,4000.0,1201.538972
C17923,3.483716,98.81,0.0,98.81,0.0,3000.0,368.319582
C17924,1579.595049,35.0,35.0,0.0,0.0,1800.0,791.526478
C17925,1520.956418,450.67,0.0,450.67,0.0,1500.0,505.658258
C17926,664.911581,0.0,0.0,0.0,1158.897578,1800.0,1977.246775
C17927,483.422715,1196.35,738.41,457.94,0.0,5000.0,1789.757024
C17928,179.825945,1212.66,347.61,865.05,456.612334,2500.0,1711.231409
C17929,314.417629,300.0,85.0,215.0,556.806033,1200.0,497.384901
C17930,427.642111,0.0,0.0,0.0,2563.705644,1200.0,2853.967334
C17931,1120.08097,0.0,0.0,0.0,1218.392345,2500.0,299.789938
C17933,772.338967,198.39,0.0,198.39,0.0,1000.0,63.876242
C17934,864.410501,0.0,0.0,0.0,1914.752895,2500.0,2290.455361
C17935,65.915182,840.0,0.0,840.0,0.0,1000.0,1014.023858
C17937,518.894713,0.0,0.0,0.0,2166.099038,1200.0,1361.199423
C17938,1006.592714,1341.62,1341.62,0.0,0.0,1200.0,1444.198295
C17939,89.513525,1452.41,764.0,688.41,0.0,3000.0,1690.741787
C17940,448.808529,0.0,0.0,0.0,667.057963,4000.0,651.33864
C17941,1845.623354,480.9,399.62,81.28,1898.921039,3000.0,1351.296989
C17942,4.326857,100.12,0.0,100.12,0.0,4000.0,123.485948
C17943,124.292939,155.0,155.0,0.0,812.350168,2500.0,1374.631056
C17944,18.180646,220.06,0.0,220.06,0.0,1000.0,217.276088
C17945,1623.723148,1283.16,0.0,1283.16,274.532868,1700.0,1047.305005
C17946,1502.000147,0.0,0.0,0.0,38.652502,1500.0,277.216226
C17947,106.894095,62.73,0.0,62.73,0.0,5000.0,540.130507
C17948,865.161494,857.8,362.33,495.47,0.0,1200.0,1152.9477
C17950,1.199105,20.0,20.0,0.0,0.0,500.0,182.462948
C17951,342.76107,20.0,20.0,0.0,148.074839,500.0,507.859879
C17952,153.027262,1455.78,631.63,824.15,0.0,1500.0,1057.971559
C17953,1295.87959,184.27,1.0,183.27,906.848796,2000.0,296.068191
C17954,360.671491,3956.64,0.0,3956.64,148.682192,4500.0,4013.483114
C17955,2.571837,99.0,0.0,99.0,0.0,2500.0,45.168124
C17956,2202.376446,0.0,0.0,0.0,1701.905324,6000.0,512.773385
C17957,82.470475,282.75,0.0,282.75,0.0,1000.0,563.922891
C17958,1109.84819,261.56,182.37,79.19,1192.668467,1200.0,572.817257
C17959,116.343256,38.0,0.0,38.0,0.0,1500.0,59.260669
C17960,482.671967,0.0,0.0,0.0,18.976859,500.0,132.659676
C17962,3332.460521,1061.66,120.0,941.66,3820.451636,4500.0,1173.78064
C17963,13.353513,717.95,717.95,0.0,0.0,5500.0,864.238423
C17964,1648.217916,250.0,0.0,250.0,1822.194082,3000.0,249.96881
C17965,61.763018,35.3,0.0,35.3,0.0,1500.0,75.285164
C17966,722.855351,0.0,0.0,0.0,396.516695,2500.0,187.058515
C17967,1836.565272,0.0,0.0,0.0,1265.552953,2500.0,713.124426
C17968,4.115287,60.0,0.0,60.0,0.0,2500.0,109.888829
C17969,36.898142,942.34,0.0,942.34,0.0,1500.0,1007.917726
C17970,1366.778251,5065.83,4539.7,526.13,48.245421,1700.0,4366.758829
C17971,771.773362,750.0,250.0,500.0,0.0,4000.0,204.167996
C17972,2134.176153,4253.64,2666.32,1587.32,0.0,7000.0,7486.403423
C17973,9.113909,106.56,0.0,106.56,0.0,3000.0,110.590507
C17974,845.815387,37.5,0.0,37.5,0.0,1000.0,0.0
C17975,10856.48301,45.65,45.65,0.0,5096.886673,14500.0,2670.733732
C17976,352.58799,281.81,183.81,98.0,0.0,1600.0,835.301657
C17977,438.4161,673.68,0.0,673.68,0.0,1000.0,717.601973
C17978,1348.085189,0.0,0.0,0.0,1364.200415,3500.0,721.056957
C17979,219.885039,1857.17,1367.65,489.52,0.0,1800.0,630.186926
C17980,22.35378,284.5,284.5,0.0,0.0,1000.0,1578.650857
C17981,25.201833,609.01,0.0,609.01,0.0,3000.0,513.138281
C17982,4617.891585,1973.0,108.0,1865.0,1817.470617,4500.0,2755.623951
C17983,1757.439933,0.0,0.0,0.0,2408.007601,2500.0,175.115831
C17984,1064.473728,0.0,0.0,0.0,904.682287,1200.0,1769.702541
C17985,1420.656377,0.0,0.0,0.0,1773.769481,2500.0,316.465166
C17986,862.413024,108.0,0.0,108.0,925.602681,1000.0,1151.18815
C17988,1061.570865,0.0,0.0,0.0,525.428754,2500.0,417.214903
C17989,2.422926,64.0,0.0,64.0,0.0,4000.0,151.901371
C17990,0.0,147.0,0.0,147.0,0.0,2500.0,152.109132
C17991,1746.714825,0.0,0.0,0.0,113.673261,1800.0,354.637009
C17992,52.278293,346.46,0.0,346.46,0.0,4000.0,203.562894
C17993,4.448015,71.81,0.0,71.81,0.0,3000.0,257.226631
C17994,858.880154,65.0,65.0,0.0,1054.41113,3000.0,1288.141804
C17995,1034.332765,0.0,0.0,0.0,279.336255,1000.0,714.753968
C17996,68.156278,785.76,0.0,785.76,0.0,2000.0,708.743776
C17997,3919.394766,467.06,467.06,0.0,11173.77587,8000.0,6854.447424
C17998,2339.4425,2941.53,1032.4,1909.13,0.0,3000.0,2055.656122
C17999,0.0,228.59,0.0,228.59,0.0,4000.0,545.756332
C18000,91.478145,209.4,0.0,209.4,0.0,2000.0,431.612195
C18001,58.603273,2080.51,2080.51,0.0,0.0,2500.0,1965.056445
C18002,38.475299,61.8,0.0,61.8,0.0,1000.0,165.771479
C18003,477.903003,566.12,396.51,169.61,493.409789,1500.0,457.330803
C18004,1291.394861,778.12,289.86,488.26,0.0,1200.0,853.446434
C18005,54.713751,578.6,0.0,578.6,0.0,2500.0,607.673138
C18006,223.281483,4151.48,3113.59,1037.89,0.0,3000.0,3450.614791
C18007,1641.801417,1192.18,328.21,863.97,1026.486577,2000.0,1739.401295
C18008,107.271213,726.42,0.0,726.42,0.0,1000.0,744.715148
C18009,99.040178,1100.0,0.0,1100.0,0.0,1000.0,1310.127669
C18010,972.604156,0.0,0.0,0.0,803.573286,1200.0,751.50856
C18011,357.593551,68.0,0.0,68.0,0.0,1500.0,243.400118
C18012,15.922218,300.0,0.0,300.0,0.0,2000.0,276.242239
C18013,53.090328,546.7,0.0,546.7,47.68994,2500.0,753.224953
C18014,827.66215,965.0,890.0,75.0,0.0,2000.0,748.605862
C18015,615.726189,1317.34,1317.34,0.0,0.0,2500.0,328.995042
C18016,94.277559,2290.0,0.0,2290.0,0.0,4500.0,2525.565248
C18017,1219.044349,0.0,0.0,0.0,927.862723,2500.0,259.368165
C18018,16.707289,69.23,0.0,69.23,0.0,1500.0,43.829632
C18019,1361.203619,952.09,523.09,429.0,2749.569996,1500.0,4256.495061
C18020,2194.238291,545.83,545.83,0.0,3222.211747,8000.0,498.274938
C18021,445.146763,2118.54,950.19,1168.35,203.910421,1000.0,1443.057787
C18022,32.726042,303.51,303.51,0.0,0.0,1200.0,550.181692
C18023,2896.14848,321.81,118.16,203.65,1925.397633,3500.0,599.84614
C18024,1630.431093,43.89,43.89,0.0,534.841135,6000.0,3281.742636
C18025,1847.085007,1573.35,592.0,981.35,0.0,6000.0,575.443785
C18026,779.577168,0.0,0.0,0.0,2757.126538,6000.0,9307.719055
C18027,76.631162,406.78,406.78,0.0,0.0,7500.0,593.46007
C18028,532.738123,5403.84,642.52,4761.32,0.0,7500.0,4908.599625
C18029,1060.630483,330.0,0.0,330.0,0.0,1000.0,588.576603
C18031,840.144184,2790.72,2156.94,633.78,0.0,1000.0,2723.95421
C18032,377.723728,4587.21,4558.29,28.92,0.0,4500.0,4169.408064
C18033,84.442485,1515.73,837.57,678.16,0.0,2000.0,1421.806435
C18034,1145.052414,115.95,115.95,0.0,191.654534,1500.0,1703.004051
C18035,1109.606747,1625.95,1022.66,603.29,0.0,3000.0,290.793658
C18036,8.68618,55.72,0.0,55.72,0.0,1500.0,155.849599
C18037,463.59969,811.11,811.11,0.0,234.763929,500.0,990.743027
C18038,100.418706,1021.13,0.0,1021.13,0.0,2000.0,1143.833292
C18039,1095.984736,374.53,374.53,0.0,1391.256381,1200.0,2351.506776
C18040,342.742855,3673.32,0.0,3673.32,0.0,4500.0,3353.963174
C18041,645.406005,0.0,0.0,0.0,929.220085,1000.0,193.013564
C18042,123.456942,1378.92,0.0,1378.92,0.0,2500.0,1313.596455
C18043,1492.606493,0.0,0.0,0.0,2361.57578,2500.0,543.321868
C18044,0.0,110.4,0.0,110.4,0.0,1000.0,0.0
C18045,230.565492,2092.44,0.0,2092.44,0.0,2000.0,1928.226431
C18046,144.555083,1352.1,1352.1,0.0,0.0,2500.0,656.758103
C18047,0.0,1027.92,0.0,1027.92,0.0,2500.0,1028.353304
C18048,968.188634,69.44,0.0,69.44,0.0,1000.0,251.875749
C18049,464.578589,0.0,0.0,0.0,502.58572,500.0,667.531731
C18050,1659.190866,770.9,0.0,770.9,1191.521187,2500.0,58.892213
C18051,2936.43825,2177.32,1919.37,257.95,1935.422714,5000.0,1513.160603
C18052,2743.766025,150.0,150.0,0.0,1562.979881,3500.0,623.036521
C18053,2900.907214,1189.36,819.32,370.04,1572.492719,6500.0,962.792486
C18054,785.704401,1059.82,899.82,160.0,2083.277724,3600.0,2380.838508
C18055,884.175745,266.56,89.9,176.66,365.489055,1200.0,1094.557296
C18056,618.966003,4709.14,395.92,4313.22,0.0,4500.0,4627.972313
C18057,6.682815,202.15,0.0,202.15,0.0,4000.0,554.377554
C18058,665.623904,581.43,0.0,581.43,2158.502052,2500.0,593.859264
C18059,130.890211,131.26,0.0,131.26,0.0,3000.0,763.568532
C18060,2030.838228,3165.54,1591.65,1573.89,0.0,6000.0,1872.134044
C18061,411.362969,10.79,0.0,10.79,0.0,1200.0,918.160924
C18062,1091.973832,0.0,0.0,0.0,77.349474,1200.0,259.506889
C18063,77.32592,664.51,0.0,664.51,0.0,2500.0,623.532457
C18064,1131.503917,120.0,120.0,0.0,0.0,1200.0,352.210107
C18065,1723.887407,2598.91,1433.1,1165.81,695.211518,2500.0,3590.348857
C18066,19.01482,604.26,0.0,604.26,0.0,4000.0,754.866138
C18067,1337.287314,1662.41,1662.41,0.0,0.0,1500.0,1670.844026
C18068,26.531265,373.39,0.0,373.39,0.0,3000.0,535.206387
C18069,955.588927,0.0,0.0,0.0,54.066975,1000.0,196.542314
C18070,903.04158,350.0,350.0,0.0,0.0,1000.0,482.501636
C18071,218.004416,0.0,0.0,0.0,272.866274,500.0,186.269591
C18072,328.943655,0.0,0.0,0.0,746.311927,1500.0,498.286059
C18073,607.880635,0.0,0.0,0.0,2266.490818,1200.0,2379.418142
C18074,589.8109,0.0,0.0,0.0,4397.346355,2000.0,2705.910794
C18075,107.48717,0.0,0.0,0.0,1391.262316,1500.0,0.0
C18076,4749.435135,0.0,0.0,0.0,5882.516718,9000.0,1846.287674
C18077,14.097101,140.4,0.0,140.4,0.0,2500.0,168.311013
C18078,11.332157,136.08,136.08,0.0,0.0,1200.0,257.582031
C18079,13.648487,146.46,0.0,146.46,0.0,4000.0,152.571678
C18080,1086.853086,178.0,178.0,0.0,0.0,1200.0,346.565751
C18081,109.794839,259.28,167.0,92.28,0.0,2500.0,168.86298
C18082,183.28584,23.75,23.75,0.0,64.006247,500.0,584.679478
C18083,5262.745812,0.0,0.0,0.0,4117.515089,6500.0,1224.872705
C18084,2925.584749,1066.56,0.0,1066.56,0.0,3000.0,1542.787313
C18085,1075.827234,342.65,0.0,342.65,614.082528,1200.0,1145.26976
C18086,182.514528,157.67,0.0,157.67,214.94366,1000.0,138.547392
C18088,1354.155365,50.0,50.0,0.0,627.630949,3000.0,483.253247
C18089,666.010085,504.87,504.87,0.0,271.354588,1000.0,631.927013
C18090,0.0,420.6,0.0,420.6,0.0,2000.0,382.21079
C18091,2912.281553,1228.07,0.0,1228.07,2784.294727,5400.0,1305.296349
C18092,17.832004,148.0,148.0,0.0,0.0,10500.0,117.223554
C18093,1381.080028,360.0,0.0,360.0,0.0,1000.0,115.649241
C18094,1009.483517,278.55,0.0,278.55,0.0,1000.0,624.230027
C18095,465.003141,500.0,500.0,0.0,0.0,1000.0,109.818409
C18096,1735.597569,1591.11,1591.11,0.0,0.0,2700.0,485.135865
C18097,202.681879,312.5,312.5,0.0,170.577213,500.0,188.382752
C18098,1544.621765,1534.12,26.5,1507.62,0.0,2000.0,450.412929
C18099,733.760958,371.76,0.0,371.76,0.0,3000.0,701.251972
C18100,88.570138,535.83,0.0,535.83,0.0,2700.0,235.021379
C18101,271.05166,86.0,0.0,86.0,0.0,1000.0,442.141178
C18102,1113.396708,2701.58,2626.58,75.0,0.0,1500.0,2456.996431
C18103,144.621301,1584.49,461.77,1122.72,0.0,2000.0,1520.603882
C18104,191.333253,637.19,168.54,468.65,0.0,2500.0,478.92389
C18105,1334.012141,0.0,0.0,0.0,152.353179,1500.0,312.029134
C18106,25.192974,764.64,0.0,764.64,0.0,4000.0,1074.956132
C18107,0.19009,267.0,0.0,267.0,0.0,4000.0,198.562574
C18108,1731.623546,0.0,0.0,0.0,4733.441645,2500.0,4961.849482
C18109,77.321718,278.44,0.0,278.44,0.0,2500.0,342.843624
C18110,134.961317,1432.66,644.67,787.99,0.0,2000.0,1276.016501
C18111,1017.982199,0.0,0.0,0.0,2247.107682,1200.0,1582.856628
C18112,981.10306,240.0,0.0,240.0,0.0,1000.0,1777.96158
C18113,802.87844,3228.26,2766.92,461.34,0.0,3000.0,630.245499
C18114,1712.340703,1711.36,401.7,1309.66,0.0,3500.0,1389.388725
C18115,3178.011925,0.0,0.0,0.0,4754.93083,5000.0,522.525519
C18116,670.177406,4562.69,4562.69,0.0,0.0,9000.0,5060.2174
C18117,257.564141,2971.83,2971.83,0.0,0.0,6000.0,3946.991516
C18118,2091.582046,179.23,0.0,179.23,2682.810269,6000.0,1152.07779
C18119,80.545433,374.37,0.0,374.37,0.0,1500.0,249.78655
C18120,8.404256,0.0,0.0,0.0,132.266653,2500.0,206.851966
C18121,212.862735,262.24,0.0,262.24,0.0,1000.0,98.35911
C18122,3.164023,51.73,0.0,51.73,0.0,4000.0,77.666427
C18123,405.194627,0.0,0.0,0.0,293.097125,1500.0,1506.490213
C18124,69.190177,431.52,0.0,431.52,0.0,2700.0,439.947272
C18125,530.574252,5221.42,2202.78,3018.64,0.0,3000.0,4590.877822
C18126,56.215217,402.13,0.0,402.13,0.0,1000.0,297.931037
C18127,4444.817182,237.5,0.0,237.5,728.526785,5500.0,794.282028
C18128,1075.185409,398.53,45.65,352.88,0.0,1000.0,579.034578
C18129,20.639295,464.64,0.0,464.64,0.0,3000.0,919.544492
C18130,29.129725,248.76,0.0,248.76,0.0,3200.0,283.254742
C18131,205.123089,197.42,0.0,197.42,0.0,1500.0,145.046631
C18132,939.989584,0.0,0.0,0.0,56.443763,1000.0,214.758351
C18134,0.0,10.89,0.0,10.89,0.0,4000.0,0.0
C18135,862.276499,174.84,0.0,174.84,276.675751,1000.0,1407.393166
C18136,184.212569,1292.76,653.76,639.0,0.0,7500.0,1132.87395
C18137,1381.084668,162.56,0.0,162.56,186.248313,3000.0,503.442436
C18138,216.64893,4606.71,3217.43,1389.28,0.0,2000.0,2251.966666
C18139,3322.674158,0.0,0.0,0.0,3221.755751,7000.0,771.741033
C18140,33.384649,109.32,69.32,40.0,0.0,1200.0,163.060103
C18141,188.132508,515.88,79.0,436.88,0.0,2700.0,601.729266
C18142,0.533581,109.62,0.0,109.62,0.0,4000.0,177.666351
C18143,84.830501,702.32,702.32,0.0,0.0,5000.0,991.050806
C18144,94.116597,1041.5,125.0,916.5,0.0,2500.0,1010.8651
C18145,490.16004,3530.93,2416.31,1114.62,0.0,4000.0,2959.200535
C18146,1020.535366,205.54,205.54,0.0,0.0,1200.0,232.721106
C18147,1137.469948,1865.56,280.6,1584.96,157.80548,1200.0,990.084482
C18148,0.0,136.8,0.0,136.8,0.0,2700.0,127.99655
C18149,42.375573,150.56,0.0,150.56,0.0,4000.0,278.128216
C18150,30.044075,420.0,0.0,420.0,0.0,1500.0,415.969082
C18151,1333.252963,0.0,0.0,0.0,408.108731,4000.0,627.520326
C18152,973.039129,964.2,294.7,669.5,0.0,1200.0,914.852845
C18153,41.550285,421.6,312.85,108.75,0.0,1000.0,303.472063
C18154,23.407282,240.47,240.47,0.0,0.0,2500.0,0.0
C18155,413.936244,187.5,0.0,187.5,0.0,1000.0,141.526262
C18156,613.893503,2078.56,1693.5,385.06,0.0,1800.0,1013.159567
C18157,1369.504264,1603.8,0.0,1603.8,0.0,1300.0,1591.602315
C18158,49.682373,412.32,0.0,412.32,0.0,4000.0,551.966425
C18159,60.37904,712.0,712.0,0.0,0.0,7500.0,1134.962538
C18160,468.256151,55.0,55.0,0.0,54.149701,500.0,246.584357
C18161,12.642164,175.56,0.0,175.56,0.0,1000.0,382.866599
C18162,35.074422,72.4,0.0,72.4,0.0,1500.0,134.808623
C18163,1410.226871,1680.91,114.0,1566.91,0.0,4000.0,315.876873
C18164,17.838173,164.7,0.0,164.7,0.0,3000.0,182.462461
C18165,81.364936,710.16,0.0,710.16,0.0,1000.0,688.322495
C18166,888.101401,100.0,0.0,100.0,896.57899,1000.0,212.755352
C18167,3.744789,78.33,0.0,78.33,0.0,1000.0,0.0
C18168,401.822565,518.23,116.23,402.0,0.0,1700.0,160.689352
C18169,14.017311,327.8,0.0,327.8,0.0,1500.0,692.336439
C18170,54.58197,247.66,132.0,115.66,0.0,1700.0,163.543097
C18171,15.523256,0.0,0.0,0.0,357.184643,500.0,213.153735
C18172,1950.482518,0.0,0.0,0.0,2660.139985,2500.0,3213.688818
C18173,1747.492429,0.0,0.0,0.0,1769.875637,3000.0,450.697772
C18174,40.762516,376.0,316.5,59.5,0.0,10000.0,369.351109
C18175,1039.267052,0.0,0.0,0.0,3172.729359,3500.0,5240.282775
C18176,0.0,247.44,0.0,247.44,0.0,1500.0,317.354396
C18177,13318.65912,3504.74,3266.29,238.45,1306.849608,17500.0,2594.820938
C18179,5658.938986,111.54,111.54,0.0,3344.962624,6500.0,1386.242232
C18180,341.901741,152.84,152.84,0.0,1008.117498,1200.0,0.0
C18181,85.095626,1553.04,0.0,1553.04,0.0,2000.0,1654.909972
C18182,933.05808,0.0,0.0,0.0,634.617283,1000.0,827.275832
C18183,9.252573,0.0,0.0,0.0,943.60879,1200.0,949.846251
C18184,100.403989,790.0,0.0,790.0,0.0,1000.0,573.971571
C18185,77.866345,1403.34,0.0,1403.34,0.0,4000.0,1865.579842
C18186,991.097892,180.0,0.0,180.0,0.0,1000.0,463.990395
C18187,6.692421,333.42,0.0,333.42,0.0,4000.0,318.713472
C18188,22.161656,1240.58,0.0,1240.58,0.0,1500.0,1817.791324
C18189,15.281665,124.25,0.0,124.25,0.0,4000.0,211.115274
C18190,30.88047,316.6,197.0,119.6,0.0,1000.0,89.111879
C18191,151.467852,1554.52,1229.02,325.5,231.721336,1000.0,2224.113144
C18192,14.471941,120.0,0.0,120.0,0.0,3000.0,113.011493
C18193,17.734657,209.28,0.0,209.28,0.0,2700.0,142.453268
C18194,1.931162,152.72,0.0,152.72,0.0,2500.0,186.80842
C18195,922.615452,45.65,45.65,0.0,0.0,1700.0,191.287802
C18196,822.579064,1188.24,0.0,1188.24,0.0,1000.0,1773.581187
C18197,233.755366,521.23,0.0,521.23,0.0,1000.0,312.157319
C18198,1216.704733,0.0,0.0,0.0,2902.295257,3000.0,2345.798153
C18199,15.587005,156.0,0.0,156.0,0.0,2000.0,168.726312
C18200,691.466157,549.96,0.0,549.96,0.0,1000.0,316.191025
C18201,1200.937942,0.0,0.0,0.0,1981.157622,2000.0,152.106361
C18202,36.85818,583.38,0.0,583.38,0.0,2500.0,687.609976
C18203,3542.074874,884.98,0.0,884.98,4547.294728,5000.0,958.998587
C18204,38.864992,331.94,0.0,331.94,0.0,1500.0,369.269971
C18205,0.0,631.2,0.0,631.2,0.0,4000.0,861.744611
C18206,27.254213,316.3,316.3,0.0,0.0,2500.0,312.771691
C18207,2687.82033,167.6,102.6,65.0,2916.277862,3000.0,376.896208
C18208,16.024822,113.44,0.0,113.44,0.0,3000.0,126.999931
C18209,52.806957,266.68,0.0,266.68,0.0,2000.0,367.892428
C18210,110.983174,458.47,458.47,0.0,0.0,2000.0,414.618729
C18211,1969.737768,0.0,0.0,0.0,2410.842591,2500.0,292.443409
C18212,187.536914,530.04,0.0,530.04,0.0,2500.0,926.946047
C18214,834.642993,0.0,0.0,0.0,239.875612,1000.0,1043.004155
C18215,613.814108,875.14,317.0,558.14,550.606961,1800.0,549.929401
C18216,3076.422342,329.36,0.0,329.36,2248.274005,3500.0,836.317805
C18217,0.147275,66.78,0.0,66.78,0.0,4000.0,718.85487
C18218,33.078633,303.91,0.0,303.91,0.0,1200.0,354.34847
C18219,413.091214,0.0,0.0,0.0,1117.162764,1200.0,258.891518
C18220,5.416921,288.8,0.0,288.8,0.0,3000.0,254.443565
C18221,35.120942,372.0,0.0,372.0,0.0,2700.0,361.050924
C18222,196.626598,2017.11,1056.66,960.45,0.0,7500.0,1425.513446
C18223,1256.81927,1674.96,0.0,1674.96,0.0,1000.0,970.361646
C18224,251.144969,88.51,88.51,0.0,1515.283623,1200.0,1490.675716
C18225,1718.885963,578.78,0.0,578.78,0.0,1000.0,294.153872
C18226,891.332656,411.25,411.25,0.0,0.0,1500.0,1043.13779
C18227,31.812848,662.0,235.0,427.0,0.0,3500.0,955.231844
C18228,120.632505,1310.2,1310.2,0.0,0.0,2500.0,576.034909
C18229,2162.267501,151.13,151.13,0.0,1005.55853,2500.0,466.376831
C18230,15.740657,72.0,72.0,0.0,0.0,1000.0,44.098703
C18231,0.004816,51.7,0.0,51.7,0.0,3000.0,33.249088
C18232,449.733124,788.58,0.0,788.58,0.0,3000.0,419.35193
C18233,130.545845,1738.48,631.0,1107.48,0.0,2000.0,1928.666446
C18234,2.117128,99.96,0.0,99.96,0.0,3000.0,101.631113
C18235,1125.306541,703.05,703.05,0.0,0.0,1300.0,104.476763
C18236,1377.40225,180.0,180.0,0.0,348.436666,1500.0,251.870405
C18237,59.020085,58.7,0.0,58.7,0.0,1500.0,160.904963
C18238,337.269567,2125.84,2025.26,100.58,144.207417,1200.0,1586.507333
C18239,15.978538,136.92,0.0,136.92,0.0,2500.0,132.182438
C18240,0.0,140.4,0.0,140.4,0.0,2200.0,124.99276
C18241,372.14586,643.01,0.0,643.01,0.0,1500.0,124.958137
C18242,130.484418,1428.97,1428.97,0.0,0.0,7000.0,1444.388031
C18243,5134.553859,2502.34,669.0,1833.34,0.0,6000.0,528.134435
C18244,944.346242,195.0,0.0,195.0,126.612663,1000.0,599.901843
C18245,1367.284172,542.33,280.04,262.29,1790.86019,1500.0,1067.078079
C18246,1418.899282,57.66,57.66,0.0,63.085612,1500.0,294.465506
C18247,390.077505,1156.0,1156.0,0.0,0.0,10500.0,1704.470909
C18248,0.0,37.65,0.0,37.65,0.0,1500.0,0.0
C18249,17.765052,0.0,0.0,0.0,112.476618,2200.0,200.061869
C18250,81.170395,626.5,0.0,626.5,0.0,2500.0,445.640989
C18251,1378.110585,0.0,0.0,0.0,192.997392,2500.0,2673.832747
C18252,110.428278,624.72,0.0,624.72,0.0,1000.0,494.968169
C18253,435.490797,0.0,0.0,0.0,58.565665,500.0,220.136035
C18254,676.771001,356.8,356.8,0.0,1213.388649,1200.0,2042.747509
C18255,1278.279881,15.0,15.0,0.0,0.0,1500.0,275.225729
C18256,111.539712,1364.86,0.0,1364.86,0.0,4000.0,1500.447193
C18257,13.61768,396.0,0.0,396.0,0.0,3000.0,392.233211
C18258,2935.397877,0.0,0.0,0.0,343.694226,3000.0,949.675235
C18259,32.029579,332.8,0.0,332.8,0.0,4000.0,485.225272
C18260,11.720573,109.44,0.0,109.44,0.0,2500.0,149.743686
C18261,73.064932,221.52,0.0,221.52,0.0,1500.0,210.01408
C18262,262.528147,234.98,0.0,234.98,0.0,1700.0,95.32519
C18263,2731.663846,0.0,0.0,0.0,5724.953197,8000.0,574.931823
C18264,1004.441314,530.32,38.0,492.32,0.0,1000.0,737.914629
C18266,160.347859,0.0,0.0,0.0,36.943081,500.0,407.588195
C18267,772.008306,0.0,0.0,0.0,1428.576393,1500.0,981.286103
C18268,0.0,271.56,0.0,271.56,0.0,2000.0,282.699746
C18269,1601.393425,190.0,190.0,0.0,18.638559,1500.0,182.637387
C18270,3342.878215,1368.7,1300.0,68.7,1594.327632,7500.0,9614.697558
C18271,1321.645967,0.0,0.0,0.0,91.920629,1500.0,317.384166
C18272,1079.462513,389.21,50.0,339.21,190.643054,1200.0,716.007476
C18273,1917.89573,285.07,285.07,0.0,6084.858872,3000.0,5692.682993
C18274,870.802164,350.0,0.0,350.0,0.0,1200.0,213.014986
C18275,224.795583,240.74,0.0,240.74,0.0,1000.0,372.301242
C18276,8.80954,114.0,0.0,114.0,0.0,4000.0,160.627029
C18277,42.522715,479.5,0.0,479.5,0.0,1000.0,585.31382
C18278,568.690902,103.68,103.68,0.0,455.053644,7500.0,1555.880234
C18279,101.98974,1046.04,1046.04,0.0,0.0,1000.0,1139.660178
C18280,617.496041,521.64,0.0,521.64,0.0,1500.0,269.919412
C18281,118.918332,1151.64,365.0,786.64,0.0,2000.0,891.287913
C18282,933.928303,0.0,0.0,0.0,570.718948,2000.0,499.243053
C18283,1743.826099,1630.07,0.0,1630.07,0.0,1500.0,1072.8864
C18284,2.140583,238.92,0.0,238.92,0.0,2500.0,186.27345
C18285,18.973831,88.96,0.0,88.96,0.0,1500.0,824.602684
C18286,7.554365,88.56,0.0,88.56,0.0,1500.0,68.855232
C18287,1001.435526,0.0,0.0,0.0,1098.291504,1200.0,174.569685
C18288,651.55986,599.55,599.55,0.0,0.0,1800.0,199.706361
C18289,97.299991,427.67,0.0,427.67,0.0,2500.0,557.777752
C18290,425.848048,0.0,0.0,0.0,697.854267,500.0,327.627263
C18291,248.626137,2635.25,2635.25,0.0,0.0,5000.0,2425.107514
C18292,2046.306856,1942.39,1608.95,333.44,1488.710959,4000.0,1400.972622
C18293,341.73986,0.0,0.0,0.0,2584.241719,3000.0,1921.884285
C18294,2064.106212,0.0,0.0,0.0,1497.565331,3000.0,543.902356
C18296,1127.633173,422.55,422.55,0.0,150.157754,1200.0,167.203806
C18297,135.119023,222.0,0.0,222.0,0.0,1700.0,147.646263
C18298,1043.025044,576.0,0.0,576.0,48.874389,1000.0,733.677722
C18299,512.915157,1799.45,497.75,1301.7,76.417858,1500.0,1023.384336
C18300,33.100875,277.47,0.0,277.47,0.0,1500.0,194.180564
C18301,2676.253141,0.0,0.0,0.0,2832.570661,3000.0,0.0
C18302,0.0,123.1,0.0,123.1,0.0,4000.0,101.639354
C18303,213.434094,840.61,630.61,210.0,0.0,1200.0,233.334106
C18304,1988.595057,0.0,0.0,0.0,49.91246,2000.0,485.111127
C18305,957.289879,66.66,0.0,66.66,2531.717743,3000.0,196.163184
C18306,19.303914,168.9,0.0,168.9,0.0,1000.0,345.350729
C18307,1377.230621,0.0,0.0,0.0,1064.960986,2500.0,343.961283
C18308,2784.030599,1470.0,1021.73,448.27,3149.955535,7000.0,745.850159
C18309,4.076145,596.64,0.0,596.64,0.0,2000.0,311.59914
C18310,37.983045,242.24,0.0,242.24,0.0,2000.0,662.417377
C18311,0.0,152.28,0.0,152.28,0.0,4000.0,0.0
C18312,5.020473,100.05,0.0,100.05,0.0,4000.0,360.227309
C18313,227.141183,2604.0,0.0,2604.0,0.0,3200.0,2510.732854
C18314,3572.844689,504.0,504.0,0.0,0.0,3500.0,697.903654
C18315,1179.159897,757.85,277.85,480.0,0.0,1200.0,1038.225609
C18316,39.930624,399.95,290.57,109.38,0.0,1200.0,0.0
C18317,1141.905542,8.4,8.4,0.0,54.519422,1200.0,290.133362
C18318,777.739839,262.6,0.0,262.6,0.0,1000.0,131.553471
C18319,20.890606,110.0,0.0,110.0,0.0,1000.0,56.715447
C18320,2934.090889,0.0,0.0,0.0,2710.056224,3000.0,428.467582
C18321,1245.654818,626.56,626.56,0.0,1658.285219,2500.0,249.873228
C18322,32.369733,326.45,76.0,250.45,0.0,1000.0,243.721693
C18323,1.846916,604.32,0.0,604.32,0.0,1500.0,557.734182
C18324,392.896462,450.0,450.0,0.0,517.197717,500.0,769.083695
C18326,641.317325,1099.56,0.0,1099.56,0.0,4000.0,326.68893
C18327,40.977812,502.92,0.0,502.92,0.0,4000.0,748.302786
C18328,121.446047,1254.46,910.46,344.0,0.0,1000.0,1244.737859
C18329,16.176672,95.55,0.0,95.55,0.0,1000.0,136.961964
C18330,259.217679,2844.3,544.3,2300.0,0.0,2500.0,2733.780207
C18331,1355.979715,51.41,0.0,51.41,3213.886545,3500.0,384.859732
C18332,10.266994,141.24,0.0,141.24,0.0,3000.0,121.896355
C18333,134.62028,648.9,648.9,0.0,295.655611,1200.0,468.622826
C18334,14.773807,160.0,0.0,160.0,0.0,1800.0,377.03508
C18335,23.692271,165.57,165.57,0.0,0.0,3500.0,460.205774
C18336,23.126579,213.95,0.0,213.95,0.0,2000.0,299.511212
C18337,888.406678,347.7,0.0,347.7,0.0,1000.0,300.871084
C18338,779.549673,412.55,0.0,412.55,214.232874,4000.0,1793.396325
C18339,3278.982195,0.0,0.0,0.0,4431.586287,4500.0,3810.09665
C18340,1356.785114,0.0,0.0,0.0,1397.221909,2500.0,461.602976
C18341,1301.813081,0.0,0.0,0.0,101.766866,1400.0,401.389799
C18342,1857.961278,0.0,0.0,0.0,1005.292057,2500.0,288.461702
C18343,131.290079,359.44,0.0,359.44,0.0,1500.0,291.577497
C18344,916.749476,246.82,0.0,246.82,925.950908,1200.0,1411.984522
C18345,59.831187,532.68,0.0,532.68,39.325487,6000.0,642.925821
C18346,12.65849,166.32,0.0,166.32,0.0,2500.0,420.051037
C18347,1726.035224,1065.65,1065.65,0.0,3004.987382,3000.0,5807.675792
C18348,1430.681807,1916.04,656.6,1259.44,181.347255,1800.0,1625.672604
C18349,38.915874,564.0,0.0,564.0,0.0,2000.0,551.4978
C18350,955.184754,498.96,0.0,498.96,0.0,1000.0,764.604043
C18351,1723.733705,0.0,0.0,0.0,1043.260997,2200.0,428.244891
C18352,54.27007,2071.92,2071.92,0.0,0.0,9000.0,1241.531755
C18353,945.793928,253.31,253.31,0.0,152.277594,1000.0,676.496604
C18354,135.843015,1111.4,1111.4,0.0,0.0,1050.0,4121.57553
C18355,930.65642,300.05,0.0,300.05,0.0,1200.0,513.064156
C18356,21.181957,431.7,151.7,280.0,0.0,3000.0,592.236231
C18357,31.997904,0.0,0.0,0.0,136.755929,500.0,0.0
C18358,1255.20988,0.0,0.0,0.0,3833.037,2000.0,2793.258309
C18359,1673.480135,0.0,0.0,0.0,2268.363869,2500.0,333.975878
C18360,3399.279094,0.0,0.0,0.0,2639.92834,7000.0,762.560208
C18361,1411.096444,270.0,0.0,270.0,711.48812,1500.0,1279.52965
C18362,226.306461,0.0,0.0,0.0,788.235661,1200.0,184.701045
C18363,1179.613243,0.0,0.0,0.0,73.629879,1200.0,352.44958
C18364,43.405954,520.65,112.0,408.65,0.0,2000.0,515.760919
C18365,1671.319193,0.0,0.0,0.0,970.624828,2000.0,436.679768
C18366,1193.342587,311.45,149.15,162.3,1199.531976,2500.0,632.546287
C18367,2483.739581,0.0,0.0,0.0,2923.8863,3500.0,312.473159
C18368,1980.103629,926.06,804.06,122.0,2700.516738,4000.0,738.726381
C18369,2000.759048,801.77,801.77,0.0,0.0,3000.0,538.119129
C18370,2495.25505,89.9,89.9,0.0,5290.393032,6000.0,582.339752
C18371,7215.19576,0.0,0.0,0.0,7275.716281,7500.0,809.179193
C18372,8.087225,515.0,0.0,515.0,0.0,3000.0,399.456368
C18373,31.083023,138.04,0.0,138.04,0.0,2700.0,65.133736
C18374,1276.491537,65.8,65.8,0.0,4422.783845,2500.0,3533.025919
C18375,184.57666,408.36,0.0,408.36,0.0,1000.0,294.885863
C18376,5.606423,114.0,114.0,0.0,0.0,4000.0,434.803301
C18377,6.260598,35.0,35.0,0.0,18.280043,1000.0,110.318859
C18378,2.668569,0.0,0.0,0.0,91.849463,1200.0,288.42282
C18379,135.357366,1592.57,1132.05,460.52,0.0,300.0,1907.282354
C18380,520.075249,0.0,0.0,0.0,2209.490538,2000.0,3266.498713
C18381,1036.242361,365.9,0.0,365.9,0.0,1000.0,695.253351
C18382,1095.180685,459.0,459.0,0.0,1972.439122,3000.0,805.924742
C18383,995.323626,127.49,90.7,36.79,18.204577,1000.0,458.941641
C18384,472.691037,1556.32,1223.0,333.32,1083.580859,1500.0,1439.747599
C18385,1111.110344,608.75,466.83,141.92,0.0,1200.0,372.620322
C18386,221.116228,117.5,0.0,117.5,271.778244,1200.0,628.179729
C18387,387.162964,269.93,269.93,0.0,1838.276268,4000.0,5728.317813
C18388,169.820745,1578.12,135.0,1443.12,0.0,1000.0,1225.623209
C18389,0.0,136.71,0.0,136.71,0.0,3000.0,311.673478
C18390,46.996535,0.0,0.0,0.0,2370.681355,3500.0,5679.77259
C18391,2006.452959,219.97,0.0,219.97,308.933151,2000.0,529.967984
C18392,14.428951,200.0,0.0,200.0,0.0,3000.0,291.222619
C18393,8.844399,116.68,0.0,116.68,0.0,3000.0,677.982898
C18394,189.499535,1802.93,813.55,989.38,258.954597,1000.0,1273.819019
C18395,117.061924,154.0,0.0,154.0,0.0,1500.0,297.34992
C18396,42.055305,774.37,0.0,774.37,0.0,3000.0,664.956348
C18397,266.51948,1651.12,909.45,741.67,0.0,2000.0,1098.566062
C18398,41.386295,194.57,194.57,0.0,0.0,2200.0,470.431305
C18399,147.14671,356.68,0.0,356.68,0.0,2700.0,385.268234
C18400,763.228081,0.0,0.0,0.0,1948.071903,1200.0,1223.745197
C18401,1606.875936,1863.48,1302.0,561.48,0.0,6500.0,698.65014
C18402,168.600813,1949.73,1243.45,706.28,2768.260223,2000.0,4706.338518
C18403,1333.899916,356.77,45.65,333.34,1107.81888,3500.0,1202.239577
C18404,41.624195,102.0,102.0,0.0,0.0,1000.0,278.021419
C18405,1021.334556,300.0,0.0,300.0,0.0,1000.0,516.596295
C18406,1047.173202,450.0,0.0,450.0,0.0,1000.0,503.698541
C18407,1829.837678,0.0,0.0,0.0,853.585813,2000.0,383.433012
C18408,772.647723,0.0,0.0,0.0,970.37112,2500.0,125.862157
C18409,114.297852,994.54,249.54,745.0,0.0,1000.0,1099.568918
C18410,12.039155,100.0,0.0,100.0,0.0,3000.0,406.868896
C18411,0.0,52.5,0.0,52.5,0.0,3000.0,57.506797
C18412,785.198515,1207.42,1207.42,0.0,0.0,1200.0,374.231139
C18413,1056.98996,0.0,0.0,0.0,1388.219296,2000.0,834.107295
C18414,0.437285,6.9,6.9,0.0,0.0,8500.0,4.523555
C18415,737.775044,107.94,107.94,0.0,2723.362442,1500.0,1484.746502
C18416,219.749851,1208.38,0.0,1208.38,0.0,1000.0,1256.084967
C18417,1135.540743,1148.47,1132.59,15.88,0.0,1450.0,1089.187544
C18418,247.142072,245.0,245.0,0.0,0.0,500.0,0.0
C18419,1140.673705,438.83,0.0,438.83,631.332476,1800.0,807.664131
C18420,2692.11891,594.7,594.7,0.0,346.333741,3500.0,4207.716509
C18421,19.296018,210.0,0.0,210.0,0.0,1000.0,296.473656
C18422,22.061664,208.8,0.0,208.8,0.0,1000.0,205.111057
C18423,411.062591,0.0,0.0,0.0,988.119391,500.0,1027.320667
C18424,1990.482788,55.0,55.0,0.0,5807.425413,3500.0,3170.513718
C18425,171.402357,755.5,0.0,755.5,0.0,2700.0,845.857679
C18426,974.749857,0.0,0.0,0.0,998.896759,1200.0,1274.705644
C18427,1437.545676,0.0,0.0,0.0,154.529131,3000.0,406.05425
C18428,492.947466,0.0,0.0,0.0,1826.582575,2500.0,1675.26159
C18429,758.118109,837.44,0.0,837.44,0.0,1000.0,2198.992341
C18430,482.028341,106.47,0.0,106.47,0.0,2500.0,184.166639
C18431,419.22185,0.0,0.0,0.0,1117.228257,1200.0,182.36345
C18432,0.228572,60.0,60.0,0.0,0.0,1500.0,438.738982
C18433,57.116811,27.79,27.79,0.0,381.171145,4500.0,1215.965938
C18434,61.21162,280.83,0.0,280.83,0.0,1500.0,191.386573
C18435,4436.557694,6005.9,5838.38,167.52,567.971877,10500.0,1650.425296
C18436,798.746133,233.16,0.0,233.16,779.357321,1500.0,1701.391735
C18437,5658.669875,740.89,0.0,740.89,4599.29664,11000.0,1328.416237
C18438,1105.179825,200.0,200.0,0.0,0.0,1200.0,308.242594
C18439,20.595501,289.78,0.0,289.78,0.0,2700.0,342.440014
C18440,435.518068,27.22,27.22,0.0,0.0,500.0,160.536841
C18441,11.391553,201.52,0.0,201.52,0.0,4000.0,210.443741
C18442,1058.726643,191.0,191.0,0.0,1639.830365,2000.0,171.044001
C18443,2732.732417,374.95,374.95,0.0,3998.665108,5000.0,2056.177019
C18444,21.999733,343.75,0.0,343.75,0.0,4000.0,337.022364
C18445,176.991674,763.71,763.71,0.0,0.0,1200.0,314.5974
C18446,12.108421,0.0,0.0,0.0,625.979655,1000.0,680.02354
C18447,3553.326258,627.81,130.0,497.81,4863.883228,5000.0,891.259465
C18449,51.08934,140.75,0.0,140.75,0.0,1000.0,347.240071
C18450,161.926545,1427.83,1427.83,0.0,0.0,14000.0,0.0
C18451,8.248278,0.0,0.0,0.0,74.905547,4000.0,323.533469
C18452,514.17242,45.65,45.65,0.0,0.0,1000.0,103.945858
C18453,404.316166,176.0,0.0,176.0,0.0,1000.0,157.644753
C18454,64.472043,200.02,0.0,200.02,0.0,1200.0,442.334336
C18455,61.628782,457.31,0.0,457.31,0.0,1500.0,364.254422
C18456,535.927055,0.0,0.0,0.0,562.957567,1200.0,598.924595
C18457,691.181508,439.92,0.0,439.92,0.0,1000.0,162.995562
C18458,2144.040539,0.0,0.0,0.0,14127.46664,3500.0,12571.81466
C18459,155.29619,449.18,214.0,235.18,0.0,1800.0,328.110035
C18460,536.425055,3302.01,2423.42,878.59,0.0,2000.0,3195.65769
C18461,3838.460036,230.22,0.0,230.22,3816.470266,4000.0,601.628528
C18462,20.12252,212.82,0.0,212.82,0.0,2500.0,193.710394
C18463,876.69029,0.0,0.0,0.0,1089.711093,1000.0,1385.757558
C18464,792.349098,0.0,0.0,0.0,1795.077768,2000.0,219.603033
C18465,12.090835,0.0,0.0,0.0,39.158589,1000.0,50.46639
C18466,56.13816,555.1,112.0,443.1,0.0,2700.0,527.817131
C18467,43.438252,194.1,0.0,194.1,0.0,3000.0,123.282925
C18468,59.702526,674.68,0.0,674.68,0.0,1000.0,810.809093
C18469,94.604491,816.0,0.0,816.0,0.0,2500.0,694.054946
C18470,22.427861,340.5,119.0,221.5,0.0,2500.0,413.025987
C18471,386.6865,0.0,0.0,0.0,290.592428,500.0,617.799081
C18472,2149.205166,0.0,0.0,0.0,1114.317913,3000.0,3230.180347
C18473,64.995822,550.0,0.0,550.0,0.0,2500.0,501.661911
C18474,190.570683,620.64,219.0,401.64,0.0,2500.0,412.129864
C18475,970.598275,0.0,0.0,0.0,1381.573316,1700.0,674.552092
C18476,24.992059,292.5,292.5,0.0,0.0,2000.0,309.294279
C18477,383.965702,3552.44,3552.44,0.0,0.0,10500.0,3446.294572
C18478,1004.937342,150.45,50.37,100.08,1891.647657,5000.0,435.063532
C18479,3748.676835,967.5,217.5,750.0,4420.346154,4000.0,2036.146258
C18480,331.110003,3816.0,0.0,3816.0,0.0,2350.0,3234.025148
C18481,2.936186,40.7,40.7,0.0,0.0,3500.0,29.250668
C18482,104.693836,783.24,0.0,783.24,0.0,2700.0,734.364933
C18483,31.072032,234.58,0.0,234.58,0.0,2000.0,224.626205
C18484,109.009133,749.18,0.0,749.18,0.0,1000.0,922.628357
C18485,385.845093,0.0,0.0,0.0,2397.763368,2500.0,0.0
C18486,1209.031561,103.91,103.91,0.0,5910.81455,2500.0,5904.060257
C18487,2837.962185,898.2,898.2,0.0,958.26211,5000.0,641.182454
C18488,1929.069939,0.0,0.0,0.0,973.827667,2500.0,786.014779
C18489,324.479364,0.0,0.0,0.0,1156.870667,2500.0,0.0
C18490,597.184048,517.0,0.0,517.0,2446.857321,1500.0,2119.840291
C18491,468.022403,488.93,236.13,252.8,132.146931,1000.0,722.96482
C18492,223.820349,1176.72,869.81,306.91,98.219677,300.0,1074.228736
C18493,2757.097566,1533.04,384.04,1149.0,686.790836,3000.0,767.851514
C18494,44.540733,446.62,88.47,358.15,0.0,4000.0,734.815143
C18495,1410.909779,698.88,0.0,698.88,948.848018,1200.0,79.578186
C18496,219.709329,586.64,0.0,586.64,0.0,1000.0,156.939833
C18497,2075.870968,0.0,0.0,0.0,996.279137,2500.0,482.259939
C18498,84.988845,280.0,280.0,0.0,0.0,2500.0,374.042528
C18499,48.487138,261.81,0.0,261.81,0.0,1000.0,231.475316
C18500,1228.217369,836.4,0.0,836.4,382.163862,1400.0,1163.702341
C18501,1174.249291,233.54,233.54,0.0,1664.224665,2000.0,185.82061
C18502,991.11995,0.0,0.0,0.0,1341.446355,1500.0,204.785807
C18503,1142.302592,0.0,0.0,0.0,175.924692,1200.0,454.157081
C18504,1056.794852,0.0,0.0,0.0,3291.524402,3000.0,2794.942155
C18505,4302.771935,0.0,0.0,0.0,5875.404159,6000.0,384.040295
C18506,279.811953,399.9,0.0,399.9,0.0,1000.0,538.655831
C18507,54.598322,832.68,0.0,832.68,0.0,2000.0,811.761402
C18508,2323.50306,66.0,66.0,0.0,1750.387105,3000.0,663.167426
C18509,997.781043,0.0,0.0,0.0,56.553047,1200.0,729.644957
C18510,96.698289,1052.28,0.0,1052.28,0.0,2000.0,930.197472
C18511,39.02645,158.96,0.0,158.96,0.0,1500.0,117.452297
C18512,71.98176,459.49,0.0,459.49,0.0,1000.0,396.58986
C18513,2537.341739,2286.06,1508.89,777.17,769.988993,4000.0,520.41176
C18514,14.665071,108.85,108.85,0.0,0.0,1000.0,170.376826
C18515,66.0478,674.67,674.67,0.0,0.0,600.0,538.053223
C18516,190.096469,561.99,0.0,561.99,0.0,1000.0,372.859398
C18517,3380.523396,1012.31,1012.31,0.0,3294.766081,4000.0,714.210126
C18518,229.272651,0.0,0.0,0.0,751.963727,1200.0,12.773144
C18519,2473.175598,0.0,0.0,0.0,1462.361808,3000.0,703.75604
C18520,26.625558,199.2,0.0,199.2,0.0,2700.0,177.875592
C18521,19.161629,638.08,0.0,638.08,0.0,2500.0,639.809559
C18522,2271.907354,0.0,0.0,0.0,1253.401339,2500.0,1358.997158
C18523,1973.025342,0.0,0.0,0.0,2009.582123,2000.0,325.367575
C18524,29.040058,289.63,0.0,289.63,0.0,1000.0,243.424066
C18525,935.042217,1000.0,1000.0,0.0,0.0,1200.0,204.111522
C18526,863.821682,145.81,0.0,145.81,315.650923,1000.0,520.56678
C18527,2128.836017,0.0,0.0,0.0,2474.142891,5000.0,895.113371
C18528,1299.027426,731.45,74.23,657.22,2823.614133,1500.0,2296.979965
C18529,2066.764509,421.12,421.12,0.0,2099.57077,2500.0,701.557906
C18530,6008.914524,0.0,0.0,0.0,8304.470149,9000.0,1279.301117
C18531,1420.676352,1379.12,420.54,958.58,346.104638,1500.0,1439.44004
C18532,1304.669711,938.95,839.95,99.0,718.244077,6000.0,397.559825
C18533,42.204276,655.73,197.39,458.34,0.0,500.0,459.163878
C18534,420.348086,3986.24,833.24,3153.0,0.0,1500.0,3100.021072
C18535,636.560481,202.77,181.61,21.16,1148.569187,1500.0,76.573549
C18536,2648.244646,0.0,0.0,0.0,10458.97815,4000.0,9818.531412
C18537,174.909754,0.0,0.0,0.0,721.16471,1500.0,221.855473
C18538,1016.52185,44.0,44.0,0.0,1069.450087,1200.0,54.983629
C18539,2080.12257,0.0,0.0,0.0,3014.915206,3000.0,652.357962
C18540,289.220297,0.0,0.0,0.0,1048.868332,1200.0,59.150211
C18541,1079.106678,0.0,0.0,0.0,390.485014,1200.0,552.57076
C18542,7.258112,57.0,57.0,0.0,0.0,1500.0,294.679399
C18543,403.311321,208.0,208.0,0.0,438.543672,4000.0,39.576673
C18544,15.410246,51.02,51.02,0.0,0.0,4000.0,72.30987
C18545,1094.961929,498.21,0.0,498.21,1188.796657,1200.0,460.368166
C18546,254.260019,2184.72,0.0,2184.72,0.0,4000.0,1889.29739
C18547,110.474358,1294.42,269.5,1024.92,0.0,2500.0,1399.705212
C18548,17.699123,0.0,0.0,0.0,29.421611,2000.0,178.288304
C18549,77.097563,233.62,25.62,208.0,281.332123,1000.0,689.947206
C18550,0.0,39.54,0.0,39.54,0.0,3000.0,181.014541
C18551,777.210275,622.51,0.0,622.51,1387.449608,1000.0,1092.401437
C18552,25.840196,277.56,0.0,277.56,0.0,1000.0,274.150799
C18553,150.897044,0.0,0.0,0.0,900.772781,2500.0,0.0
C18554,192.25979,86.03,86.03,0.0,997.125484,1200.0,0.0
C18555,11.115883,216.36,0.0,216.36,0.0,1000.0,199.847489
C18556,801.688726,325.92,0.0,325.92,0.0,1000.0,484.790462
C18557,105.333584,306.0,306.0,0.0,0.0,6000.0,101.986927
C18558,32.944835,185.8,0.0,185.8,0.0,1000.0,101.816592
C18559,192.766707,55.0,55.0,0.0,455.904257,2000.0,236.007337
C18560,53.684439,862.47,0.0,862.47,0.0,2500.0,1007.362536
C18561,229.752417,82.28,0.0,82.28,0.0,1000.0,203.78769
C18562,184.007838,526.92,0.0,526.92,0.0,1500.0,396.991301
C18563,626.342256,956.64,360.0,596.64,0.0,7500.0,2125.953394
C18564,4.602365,38.42,0.0,38.42,0.0,1000.0,74.750172
C18565,438.94049,883.64,838.41,45.23,480.86377,1000.0,910.64164
C18566,5.902257,246.25,0.0,246.25,0.0,1000.0,316.597475
C18567,1226.820889,0.0,0.0,0.0,1719.367591,1500.0,549.657295
C18568,485.236136,0.0,0.0,0.0,2250.075872,3000.0,3541.569099
C18569,50.445122,685.32,0.0,685.32,0.0,1000.0,627.32922
C18570,1551.331695,349.92,0.0,349.92,0.0,1500.0,321.763599
C18571,1158.905046,82.9,0.0,82.9,3259.28324,2500.0,2996.994649
C18572,26.143768,0.0,0.0,0.0,490.493,1000.0,1132.076982
C18573,572.838755,442.23,339.64,102.59,0.0,600.0,407.914418
C18574,993.453968,1114.26,1114.26,0.0,0.0,1500.0,582.043795
C18575,880.18183,58.4,0.0,58.4,192.159314,2000.0,132.494364
C18577,252.359096,2487.0,0.0,2487.0,0.0,450.0,2347.418943
C18578,321.606195,2476.3,1062.12,1414.18,0.0,2000.0,912.49967
C18579,215.295527,599.03,260.0,339.03,0.0,1000.0,223.114683
C18580,1222.080889,750.0,0.0,750.0,2452.136461,2500.0,554.325638
C18582,1678.5937,1846.81,1846.81,0.0,0.0,3500.0,350.646998
C18583,654.849672,630.0,630.0,0.0,0.0,2500.0,729.355023
C18584,21.462595,193.4,0.0,193.4,0.0,2500.0,264.851292
C18585,1931.8739,477.7,50.0,427.7,2212.17081,2500.0,606.416101
C18586,142.637508,1650.0,0.0,1650.0,0.0,1000.0,1775.123122
C18587,10.400883,533.98,293.98,240.0,0.0,1000.0,1251.380404
C18588,3857.56223,0.0,0.0,0.0,2127.213754,5000.0,617.508991
C18589,1173.880289,0.0,0.0,0.0,1434.78206,1500.0,183.938329
C18590,111.098444,1105.89,0.0,1105.89,0.0,2000.0,1004.668873
C18591,114.007097,2514.89,2514.89,0.0,0.0,2000.0,979.919435
C18592,23.167831,375.0,0.0,375.0,0.0,2500.0,389.716275
C18593,40.764223,0.0,0.0,0.0,1374.929089,1200.0,2232.23212
C18594,2579.635387,0.0,0.0,0.0,6466.73381,7000.0,1415.843333
C18595,24.057927,441.78,49.9,391.88,0.0,1500.0,299.240418
C18596,391.07025,2616.0,0.0,2616.0,0.0,2000.0,2186.334191
C18598,1087.427214,0.0,0.0,0.0,1916.600175,3000.0,341.431225
C18599,306.462394,1834.5,1834.5,0.0,59.348405,700.0,1264.350185
C18600,6.995368,76.78,0.0,76.78,0.0,4000.0,292.806443
C18601,412.149369,0.0,0.0,0.0,4034.656192,8000.0,195.752288
C18602,92.887247,1258.5,0.0,1258.5,0.0,1000.0,1210.465945
C18603,170.33501,586.95,71.52,515.43,0.0,1000.0,502.525334
C18604,389.869208,736.01,392.7,343.31,501.026763,1200.0,2635.211405
C18605,41.479055,243.96,0.0,243.96,0.0,3000.0,1146.784474
C18606,13.962944,136.92,0.0,136.92,0.0,1000.0,134.366455
C18607,61.15435,791.67,214.0,577.67,19.841346,1000.0,941.78413
C18608,5.644904,47.5,0.0,47.5,0.0,3000.0,70.554065
C18609,115.310676,1316.06,1111.4,204.66,0.0,500.0,1198.557935
C18610,26.354114,1148.31,1148.31,0.0,0.0,6000.0,1162.170922
C18611,200.907701,1100.0,1100.0,0.0,0.0,1100.0,1943.174725
C18613,213.233979,2140.96,165.79,1975.17,0.0,2500.0,2152.256934
C18614,361.67015,561.68,214.0,347.68,0.0,1500.0,252.664522
C18615,64.907748,547.28,130.0,417.28,0.0,2500.0,1095.179494
C18616,940.351166,0.0,0.0,0.0,2045.393693,3000.0,292.024227
C18617,383.449462,1159.06,1146.06,13.0,0.0,500.0,1346.951277
C18618,2.660671,102.79,0.0,102.79,0.0,4000.0,203.229371
C18619,80.707136,682.27,567.95,114.32,0.0,7500.0,1065.255264
C18620,4743.748932,399.0,0.0,399.0,1112.247446,5000.0,1259.057672
C18621,882.58129,2421.34,1661.76,759.58,0.0,5000.0,1997.323094
C18622,1060.010246,0.0,0.0,0.0,78.971459,1200.0,233.54579
C18623,1062.081424,328.37,140.0,188.37,1309.520408,1400.0,556.03363
C18624,803.55907,618.07,209.7,408.37,0.0,1200.0,238.904625
C18625,0.401279,31.5,0.0,31.5,0.0,3000.0,120.697352
C18626,55.59749,479.98,479.98,0.0,942.597948,1200.0,1836.626686
C18627,1355.437063,0.0,0.0,0.0,407.884977,1500.0,642.558759
C18628,7.85361,125.0,0.0,125.0,0.0,2500.0,91.786773
C18629,0.0,64.62,0.0,64.62,0.0,1000.0,0.0
C18631,6.484008,61.71,0.0,61.71,0.0,1000.0,233.763723
C18632,1157.568538,329.0,37.0,292.0,0.0,2500.0,603.250222
C18633,91.669248,737.65,0.0,737.65,0.0,2500.0,664.387148
C18634,304.309784,289.75,0.0,289.75,0.0,2500.0,670.652889
C18635,460.331646,0.0,0.0,0.0,1759.775462,3000.0,357.29622
C18636,789.814537,0.0,0.0,0.0,5654.92893,3000.0,5949.858363
C18637,5934.610587,0.0,0.0,0.0,302.678437,6000.0,1065.956065
C18638,18.908241,126.0,126.0,0.0,0.0,1000.0,643.427524
C18639,32.092521,573.02,0.0,573.02,0.0,2000.0,560.142443
C18640,87.189044,744.62,467.02,277.6,110.54162,1000.0,970.674392
C18641,527.528311,467.4,0.0,467.4,781.387131,2000.0,2358.281344
C18642,9.712731,128.94,0.0,128.94,0.0,3000.0,169.863384
C18643,1029.713408,1141.21,110.0,1031.21,1812.095991,3000.0,420.99268
C18644,458.26631,691.82,453.9,237.92,218.676375,1000.0,343.499796
C18645,510.339352,509.55,509.55,0.0,696.126211,2500.0,1346.043822
C18646,121.385695,341.96,287.0,54.96,0.0,1000.0,626.768821
C18647,1163.222817,0.0,0.0,0.0,2502.655964,2500.0,2937.305695
C18648,3911.628474,0.0,0.0,0.0,11951.90332,7000.0,7918.877416
C18649,400.554448,0.0,0.0,0.0,1157.684242,3000.0,2123.969813
C18650,361.725724,0.0,0.0,0.0,312.112534,500.0,438.988617
C18652,495.16253,0.0,0.0,0.0,836.270564,1000.0,639.722174
C18653,22.493402,291.28,146.29,144.99,0.0,1000.0,563.715318
C18654,1.707488,32.04,0.0,32.04,0.0,2500.0,118.932111
C18655,640.510192,351.89,351.89,0.0,998.213893,1200.0,1899.543637
C18656,28.697141,360.0,0.0,360.0,0.0,2000.0,352.353973
C18657,123.822604,0.0,0.0,0.0,1625.784248,2000.0,0.0
C18658,2.850024,114.56,0.0,114.56,0.0,1000.0,403.212926
C18660,202.968428,163.55,0.0,163.55,0.0,1500.0,188.816775
C18661,8.905649,112.29,0.0,112.29,0.0,1000.0,301.678494
C18662,161.754889,309.0,0.0,309.0,0.0,1000.0,629.976867
C18663,139.396168,290.0,290.0,0.0,1128.392928,1000.0,2988.236538
C18664,3673.371108,2548.97,2051.97,497.0,4300.701115,6000.0,2475.493772
C18665,383.881717,274.01,0.0,274.01,877.521511,500.0,1214.797263
C18666,5484.339435,0.0,0.0,0.0,5990.590134,6000.0,1229.434538
C18667,318.805232,300.39,106.89,193.5,163.100401,1000.0,129.074206
C18668,726.323657,231.35,0.0,231.35,929.852206,1000.0,248.997065
C18669,43.865582,0.0,0.0,0.0,551.777371,1200.0,855.843792
C18671,5.140599,50.66,0.0,50.66,0.0,3000.0,0.0
C18672,95.802358,218.96,0.0,218.96,0.0,2500.0,120.526564
C18673,5.629313,62.72,0.0,62.72,0.0,1500.0,31.523069
C18674,306.688361,0.0,0.0,0.0,1426.678724,2500.0,169.340947
C18675,2373.686499,1310.47,0.0,1310.47,3667.381175,3000.0,4613.536289
C18676,231.422388,822.93,822.93,0.0,0.0,1200.0,120.912757
C18677,105.182503,787.09,754.47,32.62,0.0,2500.0,840.571045
C18678,9.996627,87.94,0.0,87.94,0.0,1000.0,214.442181
C18679,1237.423459,650.0,650.0,0.0,0.0,1500.0,419.18249
C18680,2373.308268,0.0,0.0,0.0,770.923152,2500.0,560.136623
C18682,363.443477,1969.7,1490.2,479.5,0.0,1200.0,1428.883821
C18683,2139.442272,68.22,68.22,0.0,6322.766113,5000.0,3022.813097
C18684,248.740266,1846.81,717.96,1128.85,0.0,1000.0,1508.727887
C18685,634.759794,364.19,0.0,364.19,0.0,1000.0,29.897165
C18686,1093.522518,577.12,0.0,577.12,0.0,1050.0,854.405712
C18687,4572.797303,65.0,65.0,0.0,5075.019446,5500.0,657.437413
C18688,320.360709,0.0,0.0,0.0,926.958974,1200.0,2036.478465
C18689,64.343051,281.05,0.0,281.05,0.0,1500.0,82.611456
C18690,40.661132,235.3,0.0,235.3,0.0,1000.0,279.23448
C18691,919.563867,3000.0,0.0,3000.0,823.979128,2000.0,4426.498341
C18692,20.620429,169.66,0.0,169.66,0.0,1000.0,192.185764
C18693,2096.451649,165.29,165.29,0.0,2359.624627,2500.0,453.341203
C18694,85.881798,0.0,0.0,0.0,628.355222,3000.0,682.485692
C18695,174.228543,3407.57,3276.57,131.0,0.0,3000.0,4568.864048
C18696,48.283965,325.92,0.0,325.92,0.0,2500.0,347.671947
C18697,602.210858,965.0,965.0,0.0,0.0,1200.0,258.748232
C18698,22.987395,200.0,0.0,200.0,0.0,2000.0,490.14841
C18699,1682.088431,2263.38,837.61,1425.77,784.0266,4000.0,2411.309817
C18700,2046.727519,1369.72,422.44,947.28,1817.810563,2500.0,242.742734
C18701,839.081567,0.0,0.0,0.0,609.463327,1800.0,2719.934613
C18702,28.244252,320.0,0.0,320.0,0.0,1000.0,551.233491
C18703,929.113186,1622.0,1622.0,0.0,0.0,1800.0,269.015241
C18704,17.206623,109.0,0.0,109.0,0.0,1000.0,143.410957
C18705,72.369731,588.0,0.0,588.0,0.0,2500.0,577.946554
C18706,3239.011343,0.0,0.0,0.0,1678.519765,4000.0,1129.597601
C18707,67.251991,0.0,0.0,0.0,90.56246,500.0,987.785921
C18708,397.138622,0.0,0.0,0.0,1188.211139,1200.0,232.69994
C18709,1873.61991,396.26,396.26,0.0,2025.438092,2500.0,353.512837
C18710,0.391963,43.33,0.0,43.33,0.0,1200.0,0.0
C18711,3.391066,72.44,0.0,72.44,0.0,1000.0,194.455374
C18712,55.243291,750.0,0.0,750.0,0.0,2000.0,710.623372
C18713,2.433343,0.0,0.0,0.0,38.606307,500.0,0.0
C18714,0.0,120.82,0.0,120.82,0.0,1000.0,275.029692
C18715,31.932178,365.36,0.0,365.36,0.0,1833.333333,822.118125
C18716,34.750769,2562.0,0.0,2562.0,0.0,2300.0,2544.223939
C18717,14.508545,186.14,0.0,186.14,0.0,2500.0,181.846393
C18718,410.466315,826.0,116.0,710.0,750.50253,1000.0,1750.067404
C18719,289.096953,3106.1,2368.6,737.5,0.0,1300.0,2656.101893
C18720,2.044745,26.53,26.53,0.0,0.0,2500.0,155.972776
C18721,13.084067,350.0,350.0,0.0,0.0,1000.0,3929.643369
C18722,1047.182049,1727.64,0.0,1727.64,0.0,1000.0,3548.800193
C18723,161.442459,1767.61,320.02,1447.59,0.0,2000.0,1688.46643
C18724,2.100274,65.0,65.0,0.0,0.0,3000.0,282.389037
C18725,1384.431318,3013.2,924.39,2088.81,0.0,6600.0,1218.29542
C18726,155.167572,1084.76,0.0,1084.76,0.0,4000.0,1070.911497
C18728,1.644581,42.49,42.49,0.0,0.0,1200.0,231.480701
C18729,39.885648,433.32,0.0,433.32,0.0,6000.0,453.19428
C18730,16.065938,154.45,0.0,154.45,0.0,4000.0,301.05373
C18731,0.0,113.0,0.0,113.0,0.0,4000.0,268.521412
C18732,1478.079872,0.0,0.0,0.0,204.29492,1500.0,383.28285
C18733,1455.213589,0.0,0.0,0.0,3195.76491,4000.0,147.826185
C18734,3074.49082,0.0,0.0,0.0,3382.232089,4000.0,3249.404994
C18735,0.021102,0.0,0.0,0.0,922.817511,4000.0,36.672617
C18736,11.918653,276.79,276.79,0.0,0.0,3000.0,0.0
C18737,1087.565213,0.0,0.0,0.0,216.51414,1200.0,283.409367
C18738,439.357199,862.74,862.74,0.0,90.322514,1000.0,789.180188
C18739,30.287602,0.0,0.0,0.0,827.814406,1000.0,963.269399
C18740,100.212638,639.29,116.9,522.39,0.0,1500.0,269.84678
C18741,12.209291,143.75,0.0,143.75,0.0,1500.0,330.503125
C18742,6.646795,228.84,0.0,228.84,0.0,4000.0,232.790324
C18743,17.832206,153.6,0.0,153.6,0.0,1000.0,207.376053
C18744,73.243985,797.2,644.8,152.4,0.0,1200.0,645.795684
C18745,799.00867,192.96,0.0,192.96,559.392054,2000.0,691.532728
C18746,796.558943,531.24,0.0,531.24,888.107988,1000.0,684.858625
C18747,3.364738,582.94,0.0,582.94,0.0,2000.0,28.013889
C18748,143.538206,415.47,0.0,415.47,0.0,3000.0,394.512806
C18749,2170.916313,70.77,70.77,0.0,2524.177008,2500.0,545.076185
C18750,11.748193,80.75,80.75,0.0,0.0,2000.0,0.0
C18751,23.934205,266.1,0.0,266.1,0.0,4000.0,313.233366
C18752,1869.63255,0.0,0.0,0.0,1897.993012,2000.0,454.348175
C18753,150.269903,853.44,0.0,853.44,0.0,3000.0,869.413166
C18754,11.395369,100.5,0.0,100.5,0.0,3000.0,148.92824
C18755,13.125634,106.98,0.0,106.98,0.0,2500.0,275.244392
C18756,1619.881506,441.18,50.0,391.18,700.951557,3000.0,963.141799
C18757,7.054474,427.98,0.0,427.98,0.0,1500.0,402.34297
C18758,26.771366,550.0,0.0,550.0,0.0,2000.0,581.909822
C18760,126.872455,568.5,0.0,568.5,0.0,2000.0,1294.215768
C18761,3172.114278,454.13,0.0,454.13,4323.52433,4000.0,1746.248986
C18762,24.719209,280.04,0.0,280.04,0.0,2500.0,538.899429
C18763,477.258038,49.0,49.0,0.0,0.0,500.0,112.962753
C18764,22.322374,95.0,95.0,0.0,1162.045833,2500.0,4094.261427
C18765,986.84903,558.18,0.0,558.18,45.311387,1000.0,1548.4862
C18766,21.168201,236.4,8.4,228.0,0.0,2500.0,217.008342
C18767,854.56751,978.26,870.95,107.31,1043.765101,1500.0,2750.062711
C18768,19.25682,185.02,0.0,185.02,0.0,2500.0,233.025663
C18769,131.83593,2234.02,0.0,2234.02,0.0,2000.0,4432.954833
C18770,528.107264,674.52,0.0,674.52,0.0,2500.0,127.76546
C18771,908.465054,425.0,0.0,425.0,1457.729917,2000.0,742.934802
C18772,482.407545,0.0,0.0,0.0,1071.188192,1400.0,702.068789
C18773,3326.323283,8209.77,2218.28,5991.49,0.0,10000.0,1942.074765
C18774,16.270638,1131.46,1131.46,0.0,0.0,3000.0,932.976337
C18775,35.518273,283.8,0.0,283.8,0.0,2500.0,302.73613
C18776,547.287057,0.0,0.0,0.0,243.336548,2000.0,232.430161
C18778,528.463885,0.0,0.0,0.0,5191.738847,1000.0,4736.808799
C18779,1594.994317,667.0,569.0,98.0,1880.647102,2500.0,248.746263
C18780,78.821949,1333.75,964.72,369.03,0.0,1000.0,1266.894805
C18781,1297.740903,944.44,0.0,944.44,1382.21391,1500.0,2685.673905
C18782,236.996845,0.0,0.0,0.0,3806.179299,1000.0,4609.777736
C18783,221.810125,0.0,0.0,0.0,903.684584,500.0,662.179022
C18784,736.024188,350.02,0.0,350.02,0.0,1000.0,133.825578
C18785,293.125181,2812.69,2512.69,300.0,0.0,1000.0,2420.213
C18786,117.344883,661.3,0.0,661.3,477.825546,1200.0,562.896648
C18787,1175.241984,1102.72,1102.72,0.0,136.401822,1200.0,147.169915
C18788,31.111952,470.65,0.0,470.65,0.0,3000.0,496.387423
C18789,1019.135688,0.0,0.0,0.0,1153.912092,1200.0,114.172744
C18790,11.056609,334.85,0.0,334.85,0.0,3000.0,524.05706
C18791,134.687754,2395.92,0.0,2395.92,0.0,3500.0,2440.778198
C18792,116.036232,138.8,138.8,0.0,413.247771,1500.0,317.583796
C18793,382.378002,0.0,0.0,0.0,1097.698179,1500.0,679.788131
C18794,3.229304,190.2,0.0,190.2,0.0,1500.0,295.937124
C18795,49.032869,360.96,0.0,360.96,0.0,1000.0,321.694432
C18796,258.541401,2260.29,2088.59,171.7,0.0,1800.0,1268.746941
C18797,575.662861,0.0,0.0,0.0,3628.692831,3000.0,4582.535303
C18798,19.125876,275.86,171.98,103.88,366.686248,1200.0,0.0
C18800,7.169078,118.2,0.0,118.2,0.0,2000.0,889.040469
C18801,2199.65234,0.0,0.0,0.0,2476.783665,2500.0,275.699225
C18802,0.919387,251.5,251.5,0.0,0.0,1200.0,712.364811
C18803,1050.524091,0.0,0.0,0.0,1412.242287,1500.0,1270.512009
C18804,134.142415,1729.67,1729.67,0.0,0.0,1200.0,1735.980519
C18805,34.223151,108.0,0.0,108.0,0.0,1000.0,68.331764
C18806,28.838076,484.68,0.0,484.68,0.0,1000.0,485.036484
C18807,52.666422,150.3,0.0,150.3,0.0,1000.0,54.722514
C18808,212.244875,0.0,0.0,0.0,1503.182148,2000.0,3143.206742
C18809,1231.092907,250.0,250.0,0.0,782.610563,1800.0,1116.543176
C18810,9.630478,257.49,0.0,257.49,0.0,1500.0,251.907165
C18811,1168.345069,0.0,0.0,0.0,96.091248,1200.0,255.224549
C18812,38.68635,0.0,0.0,0.0,426.435424,500.0,1773.465607
C18813,460.081479,649.5,0.0,649.5,793.822988,1000.0,625.116471
C18814,13.027653,0.0,0.0,0.0,411.480832,1200.0,421.803076
C18815,417.444057,0.0,0.0,0.0,708.715173,1200.0,27.397306
C18816,1889.128442,0.0,0.0,0.0,2994.518885,3000.0,7744.256948
C18817,1029.111236,0.0,0.0,0.0,1097.380897,1200.0,0.0
C18818,4696.525962,604.33,435.0,169.33,6400.248453,8000.0,840.965985
C18819,1034.026449,93.34,0.0,93.34,432.159364,1500.0,294.925221
C18820,1243.254633,0.0,0.0,0.0,1428.440429,3500.0,562.362623
C18821,31.560931,300.0,0.0,300.0,0.0,1000.0,588.763068
C18822,130.041299,581.28,0.0,581.28,342.397949,1000.0,498.524607
C18823,1283.337407,1022.41,171.6,850.81,1158.035224,1200.0,846.998942
C18824,1843.191023,1446.48,0.0,1446.48,1450.172456,2000.0,945.67939
C18825,896.563274,511.0,0.0,511.0,1084.460175,1400.0,1330.67108
C18826,1130.827049,0.0,0.0,0.0,1727.256593,1500.0,1897.193158
C18827,16.887571,1083.0,1083.0,0.0,0.0,1200.0,3905.430817
C18828,5.529633,45.0,0.0,45.0,0.0,1000.0,515.842674
C18829,655.786755,387.68,0.0,387.68,0.0,2000.0,1110.023792
C18830,37.123618,84.24,0.0,84.24,0.0,1500.0,0.0
C18831,2601.463574,0.0,0.0,0.0,528.119509,6000.0,1317.570981
C18832,819.462711,0.0,0.0,0.0,1131.611986,1200.0,432.036408
C18833,414.631529,0.0,0.0,0.0,739.862664,500.0,799.824822
C18834,20.996733,295.92,0.0,295.92,0.0,1000.0,276.213902
C18835,112.390812,269.9,49.9,220.0,0.0,1500.0,204.160043
C18836,997.496745,1629.83,1629.83,0.0,276.760257,1200.0,890.611754
C18837,32.182264,208.61,0.0,208.61,0.0,1000.0,146.936578
C18838,19.303362,150.24,0.0,150.24,0.0,1500.0,192.431598
C18839,2.892853,52.68,0.0,52.68,0.0,500.0,290.072441
C18840,45.069167,218.28,0.0,218.28,0.0,1000.0,203.222849
C18841,4.390888,0.0,0.0,0.0,19.35123,500.0,95.983734
C18842,21.739563,255.6,0.0,255.6,0.0,1500.0,400.463395
C18843,398.453246,0.0,0.0,0.0,647.778706,500.0,323.875395
C18844,469.319087,383.81,0.0,383.81,870.533909,1500.0,57.924613
C18845,42.577756,4061.96,4061.96,0.0,0.0,500.0,3716.880684
C18846,1.307969,0.0,0.0,0.0,296.676377,1200.0,1238.145022
C18847,110.913143,2339.3,2098.46,240.84,252.018346,500.0,1275.716405
C18848,1182.080141,266.68,0.0,266.68,848.848179,1000.0,119.861878
C18849,85.900738,0.0,0.0,0.0,278.348105,500.0,193.747321
C18850,1812.30897,219.8,219.8,0.0,1732.099796,2500.0,463.885403
C18851,356.52371,1819.0,749.9,1069.1,0.0,1200.0,1402.326881
C18852,272.310015,575.3,220.34,354.96,0.0,1500.0,354.086664
C18853,7.696813,111.3,111.3,0.0,101.656544,1200.0,0.0
C18854,6.747965,277.44,0.0,277.44,0.0,1000.0,263.591465
C18855,13.44199,56.51,0.0,56.51,0.0,1000.0,190.431651
C18856,0.065402,69.0,0.0,69.0,0.0,1500.0,506.68867
C18857,70.954998,616.67,0.0,616.67,0.0,500.0,688.541249
C18858,1012.08968,312.48,0.0,312.48,0.0,1000.0,325.606238
C18859,1107.848228,0.0,0.0,0.0,318.884066,1200.0,400.316615
C18860,1528.122917,0.0,0.0,0.0,2426.656054,3500.0,2039.574349
C18861,342.361553,258.5,83.48,175.02,225.819508,1000.0,686.449219
C18862,79.03891,750.0,0.0,750.0,0.0,1300.0,2445.816802
C18863,115.61103,379.32,0.0,379.32,0.0,1000.0,281.152056
C18864,221.29129,1429.54,653.82,775.72,0.0,700.0,1277.898622
C18865,553.901465,458.76,0.0,458.76,0.0,1000.0,157.770746
C18866,70.162707,599.0,0.0,599.0,0.0,1000.0,1007.348156
C18867,942.329974,450.0,450.0,0.0,722.690339,1200.0,281.028562
C18868,683.188651,85.0,85.0,0.0,0.0,3000.0,447.237766
C18869,4.107485,52.5,0.0,52.5,0.0,500.0,82.529481
C18870,17.413459,264.8,0.0,264.8,0.0,1000.0,302.250761
C18871,49.519627,210.0,210.0,0.0,446.514417,500.0,885.24483
C18872,7.367128,479.71,479.71,0.0,95.299613,3000.0,1190.03983
C18873,1040.030221,0.0,0.0,0.0,1390.64829,1400.0,290.12962
C18874,35.966227,216.12,0.0,216.12,0.0,1000.0,150.069276
C18875,10.286805,60.0,0.0,60.0,0.0,1000.0,194.460801
C18877,23.506407,256.69,256.69,0.0,0.0,1200.0,1386.758471
C18878,100.477642,1560.0,0.0,1560.0,0.0,1000.0,1480.011123
C18879,21.718289,182.27,0.0,182.27,0.0,1500.0,176.130076
C18880,2279.831751,0.0,0.0,0.0,404.329848,2500.0,443.514543
C18881,474.451835,0.0,0.0,0.0,1016.333944,1200.0,414.218007
C18882,0.006651,0.0,0.0,0.0,164.137866,1200.0,5.070726
C18883,293.351517,0.0,0.0,0.0,247.986362,500.0,533.754035
C18885,543.219992,0.0,0.0,0.0,1497.188933,3000.0,407.343532
C18886,251.281423,1873.56,0.0,1873.56,0.0,1000.0,1599.510802
C18887,2069.451252,0.0,0.0,0.0,2849.085564,3000.0,199.137135
C18888,267.401555,156.6,0.0,156.6,0.0,1000.0,157.691576
C18889,587.625834,0.0,0.0,0.0,1056.036609,1200.0,1209.43408
C18890,59.714532,305.84,0.0,305.84,0.0,1000.0,345.566925
C18891,154.416929,483.27,483.27,0.0,108.462594,500.0,266.232394
C18892,25.615441,146.5,146.5,0.0,0.0,500.0,287.288012
C18893,272.833329,526.04,0.0,526.04,0.0,1500.0,112.964455
C18895,444.841702,218.59,218.59,0.0,0.0,500.0,223.771445
C18896,945.802599,540.0,0.0,540.0,912.094948,1000.0,365.497356
C18897,848.44901,0.0,0.0,0.0,1371.216719,1500.0,265.306179
C18898,327.508171,2477.68,1419.31,1058.37,0.0,2000.0,1724.519418
C18899,599.909949,4947.32,3149.59,1797.73,0.0,3000.0,5024.430008
C18900,1016.826034,0.0,0.0,0.0,1364.852957,1500.0,139.841142
C18901,59.695937,370.56,0.0,370.56,0.0,1500.0,290.863599
C18902,1112.915657,13.0,13.0,0.0,256.944059,1500.0,396.056561
C18903,21.933648,113.0,0.0,113.0,0.0,1500.0,101.831302
C18904,79.861604,427.36,0.0,427.36,0.0,1000.0,410.368448
C18905,471.274037,49.85,49.85,0.0,458.153085,500.0,129.45468
C18906,131.936915,1233.28,0.0,1233.28,0.0,2000.0,732.737299
C18907,115.327148,1042.4,1042.4,0.0,0.0,2000.0,1918.062101
C18908,23.223559,387.32,159.0,228.32,0.0,1200.0,86.332384
C18909,1904.376436,0.0,0.0,0.0,2185.071381,3000.0,980.969819
C18910,39.564588,359.24,0.0,359.24,0.0,1500.0,992.647976
C18911,7.581335,94.12,0.0,94.12,0.0,1000.0,270.381019
C18912,1199.66533,0.0,0.0,0.0,366.121216,1200.0,552.261569
C18913,1116.44317,0.0,0.0,0.0,18.904244,1200.0,264.159577
C18914,0.648074,258.0,0.0,258.0,0.0,1000.0,320.135581
C18915,2486.283073,0.0,0.0,0.0,4043.400571,4000.0,394.549489
C18916,1031.037548,0.0,0.0,0.0,1117.043527,1200.0,157.740697
C18917,1314.832328,0.0,0.0,0.0,1430.220725,1500.0,277.83717
C18918,18.516899,260.4,0.0,260.4,0.0,1500.0,249.469171
C18919,459.036183,755.0,185.0,570.0,0.0,2000.0,181.336934
C18920,91.669477,824.5,737.3,87.2,0.0,1500.0,175.478647
C18921,1929.555023,621.11,621.11,0.0,6691.286753,6000.0,2406.905963
C18922,1189.934589,0.0,0.0,0.0,2271.460329,3000.0,2423.466368
C18923,45.972648,0.0,0.0,0.0,90.651341,500.0,120.805392
C18924,1.155609,117.68,0.0,117.68,0.0,1500.0,405.194961
C18925,2898.484109,0.0,0.0,0.0,3021.097135,3000.0,230.794237
C18926,368.318662,8053.95,8053.95,0.0,0.0,2000.0,7966.582037
C18927,458.403218,0.0,0.0,0.0,2249.627477,1200.0,2611.270088
C18928,624.049989,500.0,500.0,0.0,0.0,5000.0,108.048011
C18929,990.92233,0.0,0.0,0.0,1134.263273,1200.0,143.682692
C18930,263.63692,1350.7,1060.7,290.0,0.0,1500.0,837.745205
C18931,699.712899,0.0,0.0,0.0,1244.774872,1500.0,1619.875345
C18932,44.904048,167.37,0.0,167.37,0.0,1000.0,58.060753
C18933,109.621031,1060.5,0.0,1060.5,0.0,1000.0,890.174668
C18934,10.65253,209.2,0.0,209.2,0.0,500.0,0.0
C18935,873.680279,2397.05,1072.46,1324.59,1657.160669,2500.0,2028.986135
C18936,10.268192,0.0,0.0,0.0,491.148937,500.0,2117.308744
C18937,1572.332442,0.0,0.0,0.0,3230.173371,4500.0,1022.035785
C18938,10.318754,102.66,0.0,102.66,0.0,1500.0,190.431856
C18939,60.816514,900.0,0.0,900.0,0.0,1000.0,1208.785022
C18940,68.226894,388.5,0.0,388.5,0.0,1000.0,303.411962
C18941,27.202031,538.41,0.0,538.41,0.0,1500.0,458.430924
C18942,7302.672686,0.0,0.0,0.0,10762.70776,9000.0,3824.308564
C18943,53.918649,293.4,0.0,293.4,0.0,1000.0,214.720832
C18944,78.448912,1875.18,977.85,897.33,0.0,1200.0,1656.503571
C18945,812.259343,354.63,280.1,74.53,830.160011,1200.0,201.90503
C18946,181.275057,192.23,192.23,0.0,1209.77251,2000.0,1088.224155
C18947,18.293628,117.65,0.0,117.65,0.0,1500.0,186.00215
C18948,64.227433,419.4,0.0,419.4,0.0,1000.0,406.137534
C18949,133.999971,1485.0,0.0,1485.0,0.0,1000.0,1353.276771
C18950,0.422555,0.0,0.0,0.0,104.437928,2500.0,887.984715
C18951,113.563652,729.6,0.0,729.6,0.0,1000.0,596.539738
C18952,9.074142,555.66,0.0,555.66,0.0,1500.0,547.194469
C18953,477.847191,1006.0,942.12,63.88,0.0,500.0,561.212055
C18954,220.943665,1833.34,0.0,1833.34,0.0,1000.0,1652.755379
C18955,18.885677,57.0,57.0,0.0,0.0,1500.0,0.0
C18956,165.240633,0.0,0.0,0.0,1088.751325,1500.0,0.0
C18957,2718.796217,428.0,0.0,428.0,2712.077107,3000.0,962.94577
C18958,4.843351,368.28,0.0,368.28,0.0,1000.0,935.500113
C18959,1056.267818,0.0,0.0,0.0,1450.812947,1500.0,1909.972695
C18960,748.264608,808.99,808.99,0.0,169.529717,1000.0,171.734804
C18961,3002.791004,2463.0,2463.0,0.0,797.15895,3000.0,431.716492
C18962,1374.266113,1814.3,1596.8,217.5,0.0,6500.0,2668.399516
C18963,1425.003265,562.42,0.0,562.42,1814.910939,1800.0,985.544048
C18964,207.561471,60.0,0.0,60.0,259.545238,1000.0,59.58827
C18965,39.061878,297.02,0.0,297.02,0.0,1000.0,297.32915
C18966,2492.463204,0.0,0.0,0.0,2625.644609,3000.0,621.099464
C18967,45.747578,0.0,0.0,0.0,201.529984,1200.0,491.502618
C18968,45.645815,222.0,0.0,222.0,0.0,1500.0,175.938042
C18969,51.071594,0.0,0.0,0.0,360.199098,500.0,0.049513
C18970,11.442399,82.0,0.0,82.0,0.0,1000.0,82.847064
C18971,407.399529,0.0,0.0,0.0,1364.307564,1500.0,98.494145
C18972,35.38985,285.24,0.0,285.24,0.0,1000.0,232.82123
C18973,851.249818,2000.0,2000.0,0.0,4085.845895,1200.0,2246.792007
C18975,2533.618119,5633.83,2985.92,2647.91,2451.807788,9000.0,8176.953944
C18976,981.286008,1370.0,1370.0,0.0,0.0,1400.0,596.685481
C18977,1367.703777,153.0,0.0,153.0,1487.406583,1500.0,0.0
C18978,1520.623758,0.0,0.0,0.0,3135.113427,5000.0,719.805537
C18979,84.033173,1099.0,0.0,1099.0,0.0,1000.0,984.393603
C18980,87.026009,605.52,0.0,605.52,0.0,1500.0,511.637312
C18982,40.960739,472.75,431.37,41.38,0.0,13000.0,0.0
C18983,983.520793,554.1,554.1,0.0,758.43644,1200.0,376.440358
C18984,1000.814822,0.0,0.0,0.0,3465.266978,6000.0,235.351288
C18985,2856.473263,1200.0,1200.0,0.0,1710.323236,3000.0,0.0
C18986,16.428326,441.5,124.7,316.8,0.0,1000.0,482.547848
C18987,1042.816735,3950.0,3950.0,0.0,0.0,3150.0,6274.982741
C18988,38.015366,213.95,0.0,213.95,0.0,1500.0,163.496451
C18989,8.34698,390.0,0.0,390.0,0.0,1500.0,410.528786
C18990,0.546067,228.0,0.0,228.0,0.0,1000.0,238.695115
C18991,0.979061,0.0,0.0,0.0,329.93065,500.0,1316.748413
C18992,0.223351,336.0,0.0,336.0,0.0,1000.0,578.819329
C18993,455.471255,389.7,44.7,345.0,276.902382,1000.0,48.594194
C18994,3.036243,0.0,0.0,0.0,81.569379,500.0,0.0
C18995,44.505527,401.76,0.0,401.76,0.0,1500.0,291.089279
C18996,2740.65886,0.0,0.0,0.0,3915.423824,4000.0,326.001211
C18997,1812.542545,2918.08,2918.08,0.0,0.0,3000.0,247.249275
C18998,67.377243,295.0,0.0,295.0,0.0,1000.0,245.689379
C18999,307.127754,909.3,409.3,500.0,237.378894,1000.0,943.27817
C19000,315.388131,467.35,40.0,427.35,213.301381,1000.0,329.764112
C19001,10.902628,120.56,0.0,120.56,0.0,1500.0,89.489378
C19002,865.137568,149.0,0.0,149.0,1052.459725,1200.0,643.503303
C19003,708.315197,2252.32,452.32,1800.0,0.0,2500.0,2155.891761
C19004,69.39915,370.0,370.0,0.0,381.644337,500.0,770.669761
C19005,15.529084,294.98,0.0,294.98,0.0,1500.0,293.826005
C19006,25.486713,365.0,0.0,365.0,0.0,1500.0,254.686988
C19007,736.724142,421.96,0.0,421.96,1001.547474,1000.0,555.342356
C19008,116.581583,1045.14,227.14,818.0,0.0,9000.0,1258.396242
C19009,46.804861,443.3,0.0,443.3,0.0,1000.0,401.588397
C19010,284.34843,0.0,0.0,0.0,651.58766,1500.0,429.615048
C19011,8.820603,124.0,0.0,124.0,0.0,1000.0,193.804464
C19012,24.680177,265.0,0.0,265.0,0.0,1000.0,275.28379
C19013,2585.246439,338.0,0.0,338.0,0.0,9000.0,866.276894
C19014,31.050921,446.05,0.0,446.05,0.0,1000.0,387.745745
C19015,35.836652,202.4,0.0,202.4,0.0,1000.0,203.624113
C19016,2532.816831,0.0,0.0,0.0,2640.226004,3000.0,367.673648
C19017,80.49308,500.0,500.0,0.0,544.979339,1200.0,1333.048559
C19018,525.143055,0.0,0.0,0.0,1019.874229,1200.0,200.10608
C19019,634.514354,0.0,0.0,0.0,1682.137421,1500.0,2162.277429
C19020,50.506095,590.0,0.0,590.0,0.0,1500.0,540.42527
C19021,459.812734,0.0,0.0,0.0,489.495254,500.0,144.047038
C19022,9.298409,107.6,0.0,107.6,0.0,1000.0,89.868853
C19023,4.358863,70.0,70.0,0.0,0.0,500.0,363.248976
C19024,2133.665075,320.0,320.0,0.0,2271.859787,2500.0,756.60668
C19025,93.972736,562.5,0.0,562.5,0.0,1000.0,433.860714
C19026,23.065122,150.0,0.0,150.0,0.0,1500.0,229.736383
C19027,133.099445,1170.0,0.0,1170.0,0.0,1000.0,1068.502534
C19028,857.273285,0.0,0.0,0.0,862.389125,1000.0,93.209082
C19030,341.982418,573.2,228.1,345.1,191.180571,500.0,500.641105
C19031,218.890208,0.0,0.0,0.0,447.102858,500.0,58.883172
C19032,1176.365274,635.02,348.46,286.56,1937.399142,2400.0,549.873076
C19033,0.275257,0.0,0.0,0.0,328.452659,1200.0,1145.101275
C19034,59.101573,786.0,0.0,786.0,0.0,1000.0,664.05977
C19035,1478.089943,245.01,245.01,0.0,4377.526126,2500.0,3168.779374
C19036,863.988978,160.8,0.0,160.8,2259.94053,3000.0,216.340896
C19037,97.707192,634.55,0.0,634.55,0.0,1000.0,561.460058
C19038,29.057803,163.4,0.0,163.4,0.0,1500.0,110.737985
C19039,6.603005,429.0,0.0,429.0,0.0,1000.0,493.326423
C19040,10.920026,95.6,0.0,95.6,0.0,1000.0,78.092423
C19041,275.02095,1943.0,1943.0,0.0,0.0,500.0,1438.120632
C19042,427.90589,0.0,0.0,0.0,1093.566482,1200.0,127.378323
C19043,677.466332,283.3,0.0,283.3,668.675103,1000.0,0.0
C19044,1704.571464,0.0,0.0,0.0,4826.892774,5000.0,573.683142
C19045,358.792227,397.8,344.8,53.0,301.920199,500.0,316.143862
C19046,25.679113,379.0,0.0,379.0,0.0,1000.0,354.062545
C19047,31.734061,95.0,95.0,0.0,0.0,500.0,122.185607
C19048,385.462843,427.1,50.0,377.1,809.585272,1000.0,343.125132
C19049,5.721468,83.43,0.0,83.43,0.0,1500.0,78.559954
C19050,28.277795,394.8,44.8,350.0,0.0,1000.0,351.266319
C19051,168.516873,364.8,364.8,0.0,0.0,500.0,102.839528
C19052,8.54964,0.0,0.0,0.0,56.339491,1200.0,149.13442
C19053,3335.053583,0.0,0.0,0.0,5823.467109,7000.0,931.371718
C19054,11.25397,154.64,0.0,154.64,0.0,1500.0,123.322205
C19055,195.61275,0.0,0.0,0.0,389.515222,500.0,89.146808
C19056,873.090183,60.0,60.0,0.0,2963.80144,2000.0,1653.497412
C19057,17.448626,135.0,0.0,135.0,0.0,1000.0,82.451537
C19058,87.704546,352.83,0.0,352.83,0.0,1000.0,231.563721
C19059,444.183285,0.0,0.0,0.0,943.300678,2500.0,251.513626
C19060,16.341186,207.54,0.0,207.54,0.0,1000.0,126.616901
C19061,48.161019,318.05,166.8,151.25,0.0,1200.0,425.122515
C19062,94.307698,343.99,0.0,343.99,0.0,1000.0,327.62139
C19063,65.543866,522.5,0.0,522.5,0.0,1500.0,539.012923
C19064,88.633107,450.0,0.0,450.0,0.0,1000.0,333.656186
C19065,72.881984,654.84,460.89,193.95,0.0,1500.0,580.489782
C19066,33.725413,388.44,0.0,388.44,0.0,1000.0,317.537207
C19068,30.17549,235.71,0.0,235.71,0.0,1500.0,171.066972
C19069,765.146736,0.0,0.0,0.0,2907.520964,2500.0,1852.897173
C19070,17.097059,306.25,0.0,306.25,0.0,1500.0,711.607214
C19071,0.271854,0.0,0.0,0.0,954.026786,1200.0,2858.138216
C19072,324.334482,0.0,0.0,0.0,530.188202,500.0,234.651005
C19073,7.4726,63.4,35.09,28.31,0.0,500.0,83.417439
C19074,281.877648,0.0,0.0,0.0,489.527383,500.0,236.503747
C19075,191.37693,510.0,0.0,780.0,0.0,1000.0,459.17484
C19076,1868.576501,1337.34,1294.84,42.5,3132.667468,3000.0,3236.129237
C19077,112.037368,1006.69,0.0,1006.69,0.0,1000.0,1000.036596
C19078,272.624436,1843.0,470.0,1373.0,0.0,1000.0,1477.357626
C19079,2677.842539,149.8,149.8,0.0,2838.173232,3000.0,0.0
C19080,3271.424058,1173.28,0.0,1173.28,4122.912645,5000.0,817.177789
C19081,2588.410789,787.4,0.0,787.4,3762.650329,3000.0,1739.406636
C19082,150.56051,368.34,368.34,0.0,0.0,1200.0,68.244473
C19083,35.800325,0.0,0.0,0.0,109.899622,500.0,152.960155
C19084,751.590839,2000.0,2000.0,0.0,0.0,2000.0,265.918137
C19085,1191.014802,590.8,590.8,0.0,1040.908414,3000.0,476.484106
C19086,803.288674,0.0,0.0,0.0,2560.117599,3000.0,302.866454
C19087,938.289723,264.4,0.0,264.4,965.35801,1000.0,313.271849
C19088,224.69247,1112.07,0.0,1112.07,0.0,1500.0,900.366427
C19089,687.004441,252.0,0.0,252.0,1748.90582,2000.0,436.870246
C19090,6.992117,96.64,0.0,96.64,0.0,1500.0,88.431789
C19091,102.011668,799.0,0.0,799.0,0.0,1000.0,907.540585
C19092,928.604797,0.0,0.0,0.0,1191.746396,1200.0,110.077421
C19093,16.690388,123.5,0.0,123.5,0.0,1500.0,191.654044
C19094,539.162731,0.0,0.0,0.0,1103.30382,1200.0,360.986284
C19095,3.833185,45.0,45.0,0.0,0.0,500.0,0.0
C19096,49.906438,0.0,0.0,0.0,555.236585,500.0,841.70571
C19097,227.220411,1387.6,288.54,1099.06,107.660394,1000.0,1217.473837
C19098,2330.222764,1320.0,0.0,1320.0,14926.79059,10000.0,8157.666434
C19099,812.934042,50.0,50.0,0.0,2185.500596,3000.0,726.683966
C19100,12.784443,94.71,0.0,94.71,0.0,1500.0,144.041664
C19101,75.520764,210.48,0.0,210.48,0.0,1000.0,81.986811
C19102,45.425151,360.0,0.0,360.0,0.0,1000.0,308.451142
C19103,264.566591,1150.0,1150.0,0.0,0.0,1200.0,3029.380326
C19104,1382.936306,336.0,0.0,336.0,4158.990631,4000.0,754.256439
C19105,88.439209,690.4,236.5,453.9,0.0,2000.0,585.954634
C19106,28.853384,251.55,60.0,191.55,0.0,500.0,147.577454
C19107,63.325286,246.64,0.0,246.64,0.0,1000.0,127.051797
C19108,440.613643,600.0,600.0,0.0,0.0,1000.0,215.316424
C19109,380.839064,0.0,0.0,0.0,703.941544,500.0,321.38201
C19110,2171.222526,791.18,791.18,0.0,2056.60248,3000.0,300.088696
C19111,100.427621,793.28,0.0,793.28,0.0,1000.0,679.031744
C19112,461.45572,585.0,585.0,0.0,0.0,1000.0,258.03263
C19113,600.052391,274.0,0.0,274.0,821.878829,1000.0,151.304337
C19114,1023.883008,585.84,0.0,585.84,956.849209,1000.0,212.105443
C19115,686.623746,422.21,149.0,273.21,729.332469,1000.0,416.560172
C19116,16.023788,207.28,0.0,207.28,0.0,1000.0,173.073406
C19117,121.294493,385.26,385.26,0.0,169.554775,500.0,98.225317
C19118,55.147722,163.31,0.0,163.31,0.0,1000.0,62.619008
C19119,869.328293,0.0,0.0,0.0,1153.925205,1200.0,150.755024
C19120,137.744895,441.0,0.0,441.0,0.0,1000.0,169.249683
C19121,331.070135,81.2,81.2,0.0,419.341394,500.0,116.761487
C19122,2150.940844,1105.74,0.0,1105.74,2220.336732,2500.0,631.429223
C19123,23.116625,0.0,0.0,0.0,921.973821,500.0,586.173293
C19124,931.907808,1142.12,0.0,1142.12,1113.924335,1000.0,957.421268
C19125,5.911397,0.0,0.0,0.0,19.712686,500.0,32.355459
C19126,28.719231,171.0,66.5,104.5,0.0,1500.0,88.029232
C19127,435.696854,0.0,0.0,0.0,460.284824,500.0,70.419023
C19128,204.440114,384.81,169.0,215.81,0.0,1000.0,89.921689
C19129,10.665069,85.89,0.0,85.89,0.0,1000.0,72.475127
C19130,406.590227,1208.28,796.3,411.98,76.915478,2000.0,174.76363
C19131,85.936062,492.03,0.0,492.03,0.0,1000.0,409.433171
C19132,17.657534,180.25,0.0,180.25,0.0,1000.0,151.467378
C19133,2.303628,0.0,0.0,0.0,157.253266,500.0,571.965219
C19134,367.263145,280.0,0.0,280.0,254.298735,1000.0,64.596029
C19135,41.781274,161.46,38.4,123.06,0.0,1500.0,42.028314
C19136,893.949463,958.8,958.8,0.0,566.910978,1200.0,590.785658
C19137,1117.594403,291.62,0.0,291.62,1596.771919,2000.0,74.055925
C19138,328.686581,2806.78,2588.53,218.25,0.0,1200.0,1796.886852
C19139,379.288635,550.0,50.0,500.0,388.81823,500.0,509.404913
C19140,4.817213,0.0,0.0,0.0,38.627907,500.0,51.013461
C19141,25.302553,176.25,0.0,176.25,0.0,1500.0,191.78069
C19142,379.619245,0.0,0.0,0.0,484.443319,500.0,93.745897
C19143,34.048983,181.62,0.0,181.62,0.0,1500.0,135.187785
C19144,466.723482,947.21,498.01,449.2,0.0,1500.0,38.775803
C19145,43.960637,580.65,0.0,580.65,0.0,1000.0,488.691925
C19146,32.669762,340.0,0.0,340.0,0.0,1000.0,465.400577
C19147,134.42288,80.7,0.0,80.7,711.669524,1000.0,100.048584
C19148,2.559461,116.1,0.0,116.1,0.0,1500.0,256.642179
C19149,21.357267,212.87,0.0,212.87,0.0,1000.0,169.713838
C19150,641.282519,750.0,750.0,0.0,0.0,1000.0,105.582942
C19151,356.108694,465.0,465.0,0.0,0.0,1000.0,118.775188
C19152,30.709172,693.42,0.0,693.42,0.0,1000.0,1154.520085
C19153,376.547421,520.0,280.0,240.0,1178.402416,1000.0,929.415656
C19154,25.688852,103.32,0.0,103.32,0.0,1500.0,74.507521
C19155,181.891981,0.0,0.0,0.0,1865.191764,2000.0,4565.356495
C19156,381.341657,78.0,0.0,78.0,934.808869,1000.0,143.118373
C19157,22.084372,173.6,0.0,173.6,0.0,1500.0,209.452538
C19158,1880.817982,0.0,0.0,0.0,2335.94993,2500.0,221.56819
C19159,11.294184,155.0,0.0,155.0,0.0,1000.0,149.588599
C19160,14.524779,152.0,152.0,0.0,0.0,1500.0,0.0
C19161,1055.087681,0.0,0.0,0.0,1820.1162,2000.0,54.795084
C19162,3.417407,57.42,0.0,57.42,0.0,1500.0,68.462579
C19163,33.812837,145.98,0.0,145.98,0.0,1500.0,53.676054
C19164,486.661842,1898.88,939.09,959.79,0.0,1200.0,669.03964
C19165,7.336804,74.0,74.0,0.0,0.0,3000.0,214.921009
C19166,101.564003,418.59,0.0,418.59,0.0,1000.0,422.538988
C19167,53.097361,580.0,0.0,580.0,0.0,1500.0,641.303466
C19168,91.639086,315.2,147.8,167.4,0.0,1000.0,231.274641
C19169,62.320028,500.0,0.0,500.0,0.0,1000.0,456.745027
C19170,371.527312,0.0,0.0,0.0,1465.407927,1500.0,0.0
C19171,229.540018,84.0,0.0,84.0,304.951421,1000.0,124.373736
C19172,46.814144,235.8,0.0,235.8,0.0,1500.0,189.090274
C19173,39.552396,180.0,0.0,180.0,0.0,1000.0,138.20324
C19174,735.652303,619.6,255.62,363.98,546.902403,1000.0,106.138603
C19175,20.260716,110.5,0.0,110.5,0.0,1500.0,161.476789
C19176,183.817004,465.9,0.0,465.9,0.0,1500.0,0.0
C19177,108.977282,712.5,0.0,712.5,0.0,1000.0,605.716356
C19178,163.001629,0.0,0.0,0.0,274.440466,1000.0,117.738787
C19179,78.818407,0.0,0.0,0.0,1113.186078,1200.0,1397.770131
C19180,728.352548,734.4,734.4,0.0,239.891038,1000.0,72.530037
C19181,130.838554,591.24,0.0,591.24,0.0,1000.0,475.523262
C19182,5967.47527,214.55,0.0,214.55,8555.409326,9000.0,966.202912
C19183,40.829749,113.28,0.0,113.28,0.0,1000.0,94.488828
C19184,5.871712,20.9,20.9,0.0,0.0,500.0,58.644883
C19185,193.571722,1012.73,1012.73,0.0,0.0,4000.0,0.0
C19186,28.493517,291.12,0.0,291.12,0.0,1000.0,325.594462
C19187,19.183215,300.0,0.0,300.0,0.0,1000.0,275.861322
C19188,23.398673,144.4,0.0,144.4,0.0,1000.0,81.270775
C19189,13.457564,0.0,0.0,0.0,36.558778,500.0,52.549959
C19190,372.708075,1093.25,1093.25,0.0,127.040008,1200.0,63.165404
